-- phpMyAdmin SQL Dump
-- version 5.2.1
-- https://www.phpmyadmin.net/
--
-- Hôte : mysql_dev
-- Généré le : mer. 12 mars 2025 à 13:13
-- Version du serveur : 8.0.33
-- Version de PHP : 8.2.8

SET FOREIGN_KEY_CHECKS=0;
SET SQL_MODE = "NO_AUTO_VALUE_ON_ZERO";
START TRANSACTION;
SET time_zone = "+00:00";


/*!40101 SET @OLD_CHARACTER_SET_CLIENT=@@CHARACTER_SET_CLIENT */;
/*!40101 SET @OLD_CHARACTER_SET_RESULTS=@@CHARACTER_SET_RESULTS */;
/*!40101 SET @OLD_COLLATION_CONNECTION=@@COLLATION_CONNECTION */;
/*!40101 SET NAMES utf8mb4 */;

--
-- Base de données : `learnagement`
--

--
-- Déchargement des données de la table `APC_apprentissage_critique`
--

INSERT INTO `APC_apprentissage_critique` (`id_apprentissage_critique`, `id_niveau`, `libelle_apprentissage`) VALUES
(1, 1, 'Concevoir, gérer et utiliser une base de données (INFO502 BD, APP : PROJ531)'),
(2, 1, 'Concevoir et implémenter une application orientée objet de petite taille (<10classes) (INFO641)'),
(3, 1, 'Résoudre un problème en implémentant un algorithme dans un programme informatique (INFO501)'),
(4, 1, 'Mettre en œuvre une architecture client-serveur 3-tiers (INFO632 OS+Virtu)'),
(5, 1, 'Concevoir et implémenter une application web de rendu de données / intégrant une BD (INFO633 Web+BD) '),
(7, 2, 'Définir les caractéristiques techniques et fonctionnelles d\'un système N-tiers (INFO833, INFO734_IDU)'),
(8, 2, 'Spécifier et concevoir un logiciel (INFO732)'),
(9, 2, 'Intégrer la dimension qualité et intégration continue dans le développement logiciel (INFO832)'),
(10, 2, 'Choisir une méthode de développement adaptée (INFO734)'),
(13, 3, 'Définir et mettre en œuvre une architecture de système logiciel de donnée massives(DATA831)\r\n'),
(14, 3, 'Caractériser et choisir les solutions logicielles et systèmes adaptées aux besoins (INFO932)'),
(15, 3, 'S\'assurer de la sûreté, la fiabilité et la sécurité du système, du traitement et des données (INFO731)'),
(16, 3, 'Concevoir des applications et architectures multitâches et distribuées (INFO833)'),
(17, 3, 'Évaluer et optimiser les performances opérationnelles et énergétiques d\'un système logiciel'),
(34, 4, 'Acquérir des données provenant d’Internet (APP : PROJ531)'),
(35, 4, 'Récupérer des données provenant d’un dépôt de données structurées (INFO502, INFO633)'),
(36, 4, 'Organiser des données selon des structures de graphe  (MATH531 , PROJ631)'),
(37, 4, 'Mobiliser des outils mathématiques (MATH500, MATH501, MATH641)'),
(38, 4, 'Déployer les bases de la logique et de l’IA (INFO631)'),
(39, 4, 'Visualiser les données (INFO633)'),
(40, 5, 'Évaluer la qualité de la donnée (INFO832)'),
(41, 5, 'Répartir les fonctionnalités (acquisition, stockage, traitements, visualisation...) sur un système N-Tieris (INFO834)'),
(42, 5, 'Déployer des traitements distribués (INFO743, INFO731)'),
(43, 5, 'Mobiliser des outils stochastiques (DATA731, MATH741)'),
(44, 5, 'Développer des rendus visuels divers, en vue d’une aide à la décision (DATA732, INFO734, INFO831)'),
(45, 5, 'Déployer des outils d’IA (DATA832, DATA931)'),
(46, 5, 'Concevoir et mettre en œuvre une base de données NoSQL (INFO834)'),
(47, 6, 'Mettre en œuvre des traitements big data (cloud, batch, flux..) (DATA831, INFO932, PROJ832)'),
(48, 6, 'Développer des traitements distribués (INFO833, INFO932)'),
(49, 6, 'Développer des rendus visuels divers, en vue d’une aide à la décision multi-critères (INFO931)'),
(50, 6, 'Intégrer des solutions issues de la recherche (ISOC931, PROJ901)'),
(51, 6, 'Caractériser et choisir une représentation de données et les traitements adaptés dans un contexte de big data (INFO834)'),
(52, 7, 'Lier des problématique techniques au problématique societales (ISOC 531)'),
(53, 7, 'Construire des API de Plateformes numériques (ISOC 631)'),
(54, 7, 'Prendre en compte l’importance stratégique de la donnée (ISOC 631)'),
(55, 7, 'Intégrer à la démarche d’ingénierie la dimension étique et de développement durable (ISOC 531, ISOC 631, DDRS501)'),
(56, 8, 'Intégrer le cadre légal et réglementaire du traitement de données  (ISOC 731)'),
(57, 8, 'Analyser et maîtriser les exigences du RGPD et du droit de la propriété (ISOC 731, INFO731)'),
(58, 8, 'Intégrer les dimension économie de la donnée (valeur de la données, utilisation par les entreprise du numerique, mise en place business plan) (ISOC731)'),
(59, 9, 'Identifier les risques de sécurité informatique sur les système et les données (fuite de données) (INFO731, PROJ931)'),
(60, 9, 'Mettre en place les élément de sécurité et de cryptographie (INFO731, PROJ931)'),
(61, 9, 'Intégrer l’intermédiation dans la conception des système numérique (INFO731, PROJ931)'),
(62, 9, 'Comprendre les effets réseaux dans le développement des plateforme numérique (ISOC631)'),
(63, 9, 'Expliquer les flux, stockage, sécurisation de la données au sein des entreprises (PROJ931)'),
(64, 10, 'Définir  un projet, ses objectifs, ses acteur et les outils de gestion de projet (PROJ531)'),
(65, 10, 'Mettre en œuvre une méthode de gestion de projet informatique et des outils collaboratifs associés (PROJ531)'),
(66, 10, 'Mettre en œuvre des outils de planification et de suivi de projet  (PROJ531)'),
(67, 10, 'Évaluer la rentabilité des projets (SHES601)'),
(68, 10, 'Concevoir les bases d\'une stratégie d\'entreprise (SHES505)'),
(69, 10, 'Comprendre les lois et réglementations qui régissent leur domaine d\'expertise (SHES602)'),
(70, 11, 'Analyser les besoins, identifier les contraintes et élaborer un cahier des charges (INFO731)'),
(71, 11, 'Animer les réunions et organiser le travail pour clarifier les attendus (SHES703)'),
(72, 11, 'Identifier et évaluer les risques triviaux d\'un projet (SHES802)'),
(73, 11, 'Utiliser les techniques de créativité pour apporter des solutions originales (SHES704)'),
(74, 11, 'Analyser et évaluer les structures et les processus organisationnels (SHES803)'),
(75, 11, 'Communiquer avec différentes cultures LANGXXX'),
(76, 12, 'Utiliser des méthodes de management pour la motivation en projet (SHES 901)'),
(77, 12, 'Manager des équipes projet (gestion des organisations, résistance au changement…) (SHES803, SHES901)'),
(78, 12, 'Évaluer l\'impact du projet en interne et en externe (responsabilité sociétale et environnementale, stratégie de l\'entreprise…) (DDRS ???, SHES802)');

--
-- Déchargement des données de la table `APC_apprentissage_critique_as_module`
--

INSERT INTO `APC_apprentissage_critique_as_module` (`id_apprentissage_critique`, `id_module`, `type_lien`) VALUES
(1, 13, 'Requis'),
(1, 43, 'Requis'),
(2, 14, 'Requis'),
(2, 49, 'Requis'),
(3, 12, 'Requis'),
(3, 49, 'Requis'),
(3, 83, 'Requis'),
(4, 46, 'Requis'),
(5, 74, 'Requis'),
(7, 55, 'Requis'),
(7, 62, 'Requis'),
(8, 52, 'Requis'),
(9, 61, 'Requis'),
(10, 55, 'Requis'),
(13, 57, 'Requis'),
(14, 66, 'Requis'),
(15, 51, 'Requis'),
(16, 62, 'Requis'),
(17, 62, 'Requis'),
(34, 48, 'Requis'),
(35, 13, 'Requis'),
(35, 74, 'Requis'),
(36, 45, 'Requis'),
(36, 49, 'Requis'),
(37, 45, 'Requis'),
(37, 49, 'Requis'),
(37, 83, 'Requis'),
(37, 91, 'Requis'),
(38, 44, 'Requis'),
(39, 74, 'Requis'),
(40, 61, 'Requis'),
(41, 63, 'Requis'),
(42, 16, 'Requis'),
(42, 51, 'Requis'),
(43, 50, 'Requis'),
(43, 58, 'Requis'),
(43, 68, 'Requis'),
(43, 98, 'Requis'),
(44, 54, 'Requis'),
(44, 55, 'Requis'),
(44, 59, 'Requis'),
(46, 63, 'Requis'),
(47, 57, 'Requis'),
(47, 66, 'Requis'),
(47, 180, 'Requis'),
(48, 62, 'Requis'),
(48, 66, 'Requis'),
(49, 65, 'Requis'),
(50, 69, 'Requis'),
(50, 115, 'Requis'),
(51, 63, 'Requis'),
(52, 42, 'Requis'),
(53, 47, 'Requis'),
(54, 47, 'Requis'),
(55, 42, 'Requis'),
(55, 47, 'Requis'),
(56, 51, 'Requis'),
(56, 56, 'Requis'),
(57, 51, 'Requis'),
(57, 61, 'Requis'),
(58, 42, 'Requis'),
(58, 56, 'Requis'),
(59, 51, 'Requis'),
(59, 67, 'Requis'),
(60, 51, 'Requis'),
(60, 67, 'Requis'),
(61, 51, 'Requis'),
(61, 67, 'Requis'),
(62, 47, 'Requis'),
(63, 67, 'Requis');

--
-- Déchargement des données de la table `APC_competence`
--

INSERT INTO `APC_competence` (`id_competence`, `libelle_competence`, `code_competence`, `description`) VALUES
(1, 'Concevoir et mettre en œuvre des systèmes informatiques', 'COMP_IDU1', NULL),
(2, 'Collecter et traiter des données numériques', 'COMP_IDU2', NULL),
(3, 'Gérer les usages des données numériques en lien avec le client', 'COMP_IDU3', NULL),
(4, 'Gérer un projet informatique', 'COMP_IDU4', NULL);

--
-- Déchargement des données de la table `APC_composante_essentielle`
--

INSERT INTO `APC_composante_essentielle` (`id_composante_essentielle`, `id_competence`, `libelle_composante_essentielle`) VALUES
(1, 1, 'En satisfaisant les besoins de l\'utilisateur avec une solution adaptée'),
(2, 1, 'En utilisant des méthodes et outils assurant la qualité du système (développement logiciel, gestion de projet informatique, standards qualité, sûreté, sécurité, amélioration continue)'),
(3, 1, 'En adoptant une approche systémique (aspects matériels et logiciels)'),
(4, 1, 'En communiquant de manière professionnelle (écrit, oral)'),
(5, 2, 'En utilisant de multiples outils d’acquisition  (scraping, des api web ou des dépôts de données structurées ou non)'),
(6, 2, 'En déployant des processus adaptés (mesure de la qualité, analyses statistiques, IA, rendus visuels...)'),
(7, 2, 'En déployant des analyses et visuels dans un but décisionnel '),
(8, 2, 'En gérant un stockage adéquat de la donnée'),
(9, 2, 'En respectant les réglementations légales '),
(13, 3, 'En respectant les réglementations en vigueur (RGPD, licences, ...)'),
(14, 3, 'En communiquant de manière professionnelle (oral, écrit)'),
(15, 3, 'En dimensionnant les solutions aux besoins'),
(16, 4, 'En exerçant un management opérationnel et stratégique'),
(17, 4, 'En coopérant avec des acteurs de professions et cultures différentes'),
(18, 4, 'En développant l\'initiative, l\'autonomie et l\'esprit d\'entreprenariat'),
(19, 4, 'En prenant en compte la dimension développement durable et RSE'),
(20, 4, 'En intégrant l’état de l’art des connaissances et des pratiques'),
(21, 4, 'En utilisant des méthodes et outils de gestion et de suivi du projet');

--
-- Déchargement des données de la table `APC_niveau`
--

INSERT INTO `APC_niveau` (`id_niveau`, `id_competence`, `niveau`, `libelle_niveau`) VALUES
(1, 1, 1, 'Pour une application simple 3-tiers intégrant une base de données et programmée en langage procédural ou objet'),
(2, 1, 2, 'Pour une application N-tiers intégrant une base de données et programmée en langage objet et respectant les normes de qualité logiciel  '),
(3, 1, 3, 'Pour une application traitant des données du BigData'),
(4, 2, 1, 'Pour des données simples, en petites quantités (<1000 tuples, <20 caractéristique, traitable en temps réel sur un PC de type bureautique)'),
(5, 2, 2, 'Pour de grandes quantités de données nécessitant une ou plusieurs stations de calculs intensifs'),
(6, 2, 3, 'Pour des données nécessitant des techniques de BigData (en volume, vélocité ou variété)'),
(7, 3, 1, 'Appréhender les enjeux sociaux de la donnée'),
(8, 3, 2, 'Intégrer le caractère socio-économique de la donnée'),
(9, 3, 3, 'Protéger la donnée et les systèmes informatiques'),
(10, 4, 1, 'Dans un cas simple, à partir d\'un cahier des charges donné'),
(11, 4, 2, 'De façon semi-autonome à partir des besoins, dans un contexte socio-économique et culturel international'),
(12, 4, 3, 'Dans un contexte autonome de d\'amélioration, d\'innovation ou de recherche');

--
-- Déchargement des données de la table `APC_situation_professionnelle`
--

INSERT INTO `APC_situation_professionnelle` (`id_situation_professionnelle`, `id_competence`, `libelle_situation`) VALUES
(1, 1, 'Ingénieur DevOps, Architecte big data, Architecte SI, Ingénieur d’études / Recherche et Développement'),
(2, 1, 'ISOC831 Dimension Métier  (présentation de situation professionnelles par des entreprises.)'),
(3, 2, 'DATA Engineer, DATA Analyst, Data scientist'),
(4, 2, 'ISOC831 Dimension Métier (présentation de situation professionnelles par des entreprises.)'),
(5, 3, 'Dev Front, Entreprenariat, Ingénieur sécu, Data Architecte'),
(6, 3, 'ISOC831 Dimension Métier (présentation de situation professionnelles par des entreprises.)'),
(7, 4, 'Conduite de projet informatique'),
(8, 4, 'ISOC831 Dimension Métier (présentation de situation professionnelles par des entreprises.)');

--
-- Déchargement des données de la table `CLASS_absence`
--

INSERT INTO `CLASS_absence` (`id_seance_to_be_affected_as_enseignant`, `id_etudiant`) VALUES
(819, 3),
(1078, 3),
(89, 5),
(91, 5),
(819, 5),
(994, 5),
(946, 6),
(1291, 10),
(1293, 10),
(1353, 11),
(1280, 12),
(880, 13),
(44, 14),
(1557, 15),
(262, 16),
(434, 16),
(463, 16),
(635, 16),
(695, 16),
(1089, 16),
(1656, 16),
(95, 17),
(149, 17),
(157, 17),
(853, 17),
(1079, 17),
(943, 25),
(8, 26),
(954, 29),
(956, 29),
(957, 29),
(68, 31),
(299, 31),
(435, 31),
(462, 31),
(466, 31),
(637, 31),
(669, 31),
(697, 31),
(1169, 31),
(943, 33),
(887, 34),
(948, 35),
(1566, 37),
(41, 39),
(1353, 40),
(261, 43),
(431, 43),
(1280, 47),
(262, 48),
(636, 48),
(695, 48),
(1563, 50),
(433, 51),
(668, 51),
(689, 51),
(692, 51),
(149, 52),
(854, 52),
(954, 53),
(50, 54),
(1098, 55),
(1100, 55),
(1410, 57),
(51, 59),
(853, 60),
(855, 60),
(1078, 60),
(1278, 62),
(1365, 63),
(37, 65),
(880, 66),
(1278, 67),
(157, 68),
(1079, 68),
(890, 69),
(463, 70),
(634, 70),
(635, 70),
(700, 70),
(1657, 70),
(1565, 73),
(1360, 74),
(1365, 74),
(820, 76),
(822, 76),
(1409, 80),
(1562, 82),
(1276, 83),
(1277, 83),
(937, 85),
(558, 86),
(1360, 87),
(434, 89),
(465, 89),
(466, 89),
(695, 89),
(698, 89),
(700, 89),
(1089, 89),
(1169, 89),
(1556, 91),
(35, 92),
(47, 92),
(1291, 93),
(879, 94),
(1005, 95),
(1082, 95),
(152, 98),
(825, 98),
(1289, 99),
(1567, 100),
(44, 102),
(36, 104),
(941, 106),
(943, 106),
(1285, 107),
(1361, 111),
(1100, 114),
(1278, 115),
(1279, 115),
(1569, 116),
(948, 117),
(8, 118),
(9, 118),
(883, 124),
(1365, 125),
(949, 126),
(1092, 127),
(1099, 127),
(1280, 128),
(1284, 130),
(951, 132),
(953, 133),
(35, 134),
(47, 134),
(263, 136),
(299, 136),
(700, 136),
(1089, 136),
(584, 138),
(1093, 138),
(1097, 138),
(953, 139),
(957, 139),
(299, 140),
(464, 140),
(700, 140),
(1168, 140),
(1364, 144),
(1366, 144),
(96, 147),
(824, 147),
(826, 147),
(1285, 149),
(1286, 149),
(94, 154),
(1084, 154),
(1561, 155),
(882, 157),
(585, 161),
(1093, 161),
(1097, 161),
(92, 166),
(94, 166),
(955, 170),
(1353, 172),
(1355, 172),
(1358, 172),
(1406, 173),
(1410, 173),
(259, 174),
(260, 174),
(627, 174),
(630, 174),
(947, 176),
(949, 176),
(68, 177),
(300, 177),
(434, 177),
(436, 177),
(461, 177),
(463, 177),
(1089, 177),
(435, 179),
(635, 179),
(696, 179),
(1169, 179),
(1656, 179),
(297, 181),
(459, 181),
(629, 181),
(630, 181),
(1654, 181),
(153, 189),
(999, 189),
(7, 190),
(69, 191),
(460, 191),
(626, 191),
(689, 191),
(791, 191),
(1087, 191),
(456, 193),
(1281, 194),
(856, 198),
(857, 198),
(1005, 198),
(1555, 204),
(936, 205),
(96, 207),
(856, 207),
(1083, 207),
(940, 208),
(34, 213),
(96, 219),
(1006, 219),
(1083, 219),
(941, 220),
(942, 220),
(48, 224),
(1292, 225),
(149, 226),
(153, 226),
(819, 226),
(993, 226),
(1079, 226),
(1352, 229),
(1276, 231),
(1279, 231),
(432, 235),
(629, 235),
(690, 235),
(791, 235),
(90, 239),
(96, 239),
(154, 239),
(1006, 239),
(259, 240),
(455, 240),
(692, 240),
(791, 240),
(1285, 241),
(7, 243),
(886, 246),
(949, 249),
(952, 249),
(879, 250),
(935, 251),
(939, 251),
(940, 251),
(881, 252),
(882, 252),
(1186, 253),
(34, 255),
(38, 258),
(881, 259),
(557, 261),
(45, 262),
(49, 269),
(38, 271),
(9, 273),
(891, 275),
(1288, 277),
(881, 278),
(1282, 280),
(67, 281),
(455, 281),
(629, 281),
(1655, 281),
(1407, 286),
(1275, 289),
(261, 290),
(297, 290),
(432, 290),
(457, 290),
(460, 290),
(628, 290),
(631, 290),
(1655, 290),
(1276, 298),
(70, 299),
(1088, 299),
(1656, 299),
(436, 300),
(462, 300),
(464, 300),
(637, 300),
(696, 300),
(697, 300),
(698, 300),
(792, 300),
(880, 307),
(1363, 310),
(42, 312),
(40, 313),
(1359, 314),
(1358, 315),
(893, 319),
(1358, 328),
(89, 329),
(149, 329),
(996, 329),
(1078, 329),
(1356, 330),
(298, 331),
(626, 331),
(627, 331),
(1086, 331),
(1280, 332),
(1284, 332),
(151, 333),
(892, 334),
(1571, 335),
(940, 336),
(1183, 339),
(1186, 339),
(1556, 340),
(853, 346),
(854, 346),
(999, 346),
(1363, 348),
(91, 352),
(1080, 352),
(95, 354),
(819, 354),
(855, 354),
(1080, 354),
(1559, 355),
(261, 358),
(628, 358),
(669, 359),
(1657, 359),
(1564, 360),
(1569, 362),
(1360, 363),
(1367, 363),
(994, 364),
(1567, 365),
(89, 367),
(155, 367),
(999, 367),
(886, 369),
(42, 370),
(260, 377),
(431, 377),
(457, 377),
(459, 377),
(1086, 377),
(891, 379),
(1410, 380),
(45, 381),
(38, 382),
(1561, 387),
(296, 388),
(433, 388),
(460, 388),
(668, 388),
(1566, 393),
(955, 395),
(820, 397),
(855, 397),
(1080, 397),
(1559, 402),
(46, 405),
(91, 406),
(155, 406),
(821, 406),
(822, 406),
(996, 406),
(997, 406),
(1078, 406),
(1627, 406),
(957, 407),
(823, 409),
(856, 409),
(857, 409),
(1000, 409),
(1566, 410),
(1092, 411),
(1097, 411),
(1275, 413),
(68, 416),
(435, 416),
(461, 416),
(462, 416),
(463, 416),
(636, 416),
(35, 417),
(47, 417),
(1294, 418),
(37, 419),
(1353, 420),
(1360, 421),
(1364, 421),
(1366, 421),
(951, 422),
(1556, 423),
(70, 427),
(435, 427),
(461, 427),
(633, 427),
(1169, 427),
(296, 429),
(460, 429),
(458, 431),
(1086, 431),
(1163, 431),
(37, 433),
(1572, 434),
(935, 435),
(940, 435),
(1098, 437),
(1290, 443),
(943, 445),
(70, 446),
(301, 446),
(463, 446),
(792, 446),
(1169, 446),
(1360, 447),
(1366, 447),
(888, 449),
(890, 449),
(1183, 454),
(937, 455),
(1289, 456),
(944, 458),
(46, 459),
(942, 463),
(943, 463),
(946, 463),
(261, 465),
(296, 465),
(1163, 465),
(1164, 465),
(298, 466),
(668, 466),
(690, 466),
(693, 466),
(1163, 466),
(1654, 466),
(49, 467),
(158, 468),
(858, 468),
(1005, 468),
(1082, 468),
(93, 471),
(151, 471),
(820, 471),
(1281, 472),
(949, 473),
(950, 473),
(1095, 477),
(1171, 477),
(1091, 479),
(557, 484),
(584, 484),
(1092, 484),
(1097, 484),
(1294, 485),
(1286, 486),
(1360, 487),
(1365, 487),
(1282, 490),
(1352, 491),
(940, 492),
(154, 495),
(156, 495),
(1003, 495),
(1090, 496),
(1097, 496),
(1410, 501),
(944, 504),
(956, 505),
(1281, 507),
(1283, 507),
(996, 508),
(1559, 516),
(940, 520),
(298, 522),
(628, 522),
(694, 522),
(456, 523),
(457, 523),
(458, 523),
(630, 523),
(631, 523),
(1163, 523),
(1564, 524),
(1558, 527),
(9, 532),
(941, 534),
(943, 534),
(946, 534),
(50, 535),
(1275, 536),
(44, 537),
(1406, 538),
(892, 539);

--
-- Déchargement des données de la table `CLASS_session_to_be_affected`
--

INSERT INTO `CLASS_session_to_be_affected` (`id_seance_to_be_affected`, `id_module_sequence`, `id_groupe`) VALUES
(10, 1, 1),
(1, 1, 12),
(22, 1, 15),
(1295, 1, 58),
(1298, 1, 62),
(11, 2, 1),
(2, 2, 12),
(23, 2, 15),
(1296, 2, 58),
(1299, 2, 62),
(12, 3, 1),
(3, 3, 12),
(24, 3, 15),
(1297, 3, 58),
(1300, 3, 62),
(13, 4, 4),
(4, 4, 13),
(25, 4, 16),
(26, 4, 17),
(27, 4, 18),
(1301, 4, 59),
(1304, 4, 63),
(1307, 4, 64),
(14, 5, 4),
(5, 5, 13),
(28, 5, 16),
(29, 5, 17),
(30, 5, 18),
(1302, 5, 59),
(1305, 5, 63),
(1308, 5, 64),
(15, 6, 4),
(6, 6, 13),
(31, 6, 16),
(32, 6, 17),
(33, 6, 18),
(1303, 6, 59),
(1306, 6, 63),
(1309, 6, 64),
(16, 7, 7),
(17, 7, 8),
(7, 7, 14),
(34, 7, 19),
(35, 7, 20),
(36, 7, 21),
(37, 7, 22),
(38, 7, 23),
(39, 7, 24),
(1310, 7, 60),
(1313, 7, 61),
(1316, 7, 65),
(1319, 7, 66),
(1322, 7, 67),
(1325, 7, 68),
(18, 8, 7),
(19, 8, 8),
(8, 8, 14),
(40, 8, 19),
(41, 8, 20),
(42, 8, 21),
(43, 8, 22),
(44, 8, 23),
(45, 8, 24),
(1311, 8, 60),
(1314, 8, 61),
(1317, 8, 65),
(1320, 8, 66),
(1323, 8, 67),
(1326, 8, 68),
(20, 9, 7),
(21, 9, 8),
(9, 9, 14),
(46, 9, 19),
(47, 9, 20),
(48, 9, 21),
(49, 9, 22),
(50, 9, 23),
(51, 9, 24),
(1312, 9, 60),
(1315, 9, 61),
(1318, 9, 65),
(1321, 9, 66),
(1324, 9, 67),
(1327, 9, 68),
(52, 10, 2),
(53, 11, 2),
(59, 12, 5),
(60, 13, 5),
(1045, 14, 9),
(1047, 14, 10),
(54, 15, 2),
(55, 16, 2),
(61, 17, 5),
(62, 18, 5),
(63, 19, 5),
(1046, 20, 9),
(1048, 20, 10),
(56, 21, 2),
(64, 22, 5),
(57, 23, 2),
(58, 24, 2),
(65, 25, 5),
(66, 26, 5),
(71, 27, 5),
(72, 28, 5),
(73, 29, 1),
(74, 30, 1),
(75, 31, 1),
(76, 32, 1),
(77, 33, 1),
(78, 34, 1),
(79, 35, 1),
(80, 36, 1),
(81, 37, 4),
(82, 38, 4),
(83, 39, 4),
(84, 40, 4),
(85, 41, 4),
(86, 42, 4),
(87, 44, 4),
(88, 45, 4),
(89, 46, 7),
(90, 46, 8),
(91, 47, 7),
(92, 47, 8),
(93, 48, 7),
(94, 48, 8),
(95, 49, 7),
(96, 49, 8),
(1034, 50, 4),
(1035, 51, 4),
(106, 52, 4),
(107, 53, 4),
(108, 54, 4),
(109, 55, 4),
(110, 56, 4),
(111, 57, 4),
(112, 58, 4),
(113, 59, 4),
(114, 60, 4),
(115, 61, 4),
(1031, 62, 4),
(120, 63, 4),
(121, 64, 4),
(122, 65, 4),
(123, 66, 4),
(124, 67, 4),
(125, 68, 4),
(126, 69, 4),
(135, 70, 1),
(136, 71, 1),
(137, 72, 1),
(138, 73, 1),
(139, 74, 1),
(140, 75, 1),
(141, 76, 1),
(142, 77, 4),
(143, 78, 4),
(144, 79, 4),
(145, 80, 4),
(146, 81, 4),
(147, 82, 4),
(148, 83, 4),
(149, 86, 7),
(150, 86, 8),
(151, 87, 7),
(152, 87, 8),
(153, 88, 7),
(154, 88, 8),
(155, 89, 7),
(156, 89, 8),
(157, 90, 7),
(158, 90, 8),
(1044, 91, 2),
(303, 92, 2),
(304, 93, 2),
(305, 94, 2),
(306, 95, 2),
(307, 96, 2),
(308, 97, 2),
(309, 98, 2),
(311, 99, 2),
(312, 100, 5),
(313, 101, 5),
(314, 102, 5),
(315, 103, 5),
(316, 104, 5),
(317, 105, 5),
(318, 106, 5),
(319, 107, 5),
(320, 108, 5),
(176, 109, 1),
(159, 109, 12),
(193, 109, 15),
(1246, 109, 58),
(1254, 109, 62),
(177, 110, 1),
(160, 110, 12),
(194, 110, 15),
(1247, 110, 58),
(1255, 110, 62),
(178, 111, 1),
(161, 111, 12),
(195, 111, 15),
(1248, 111, 58),
(1256, 111, 62),
(179, 112, 1),
(162, 112, 12),
(196, 112, 15),
(1249, 112, 58),
(1257, 112, 62),
(180, 113, 1),
(163, 113, 12),
(197, 113, 15),
(1250, 113, 58),
(1258, 113, 62),
(181, 114, 1),
(164, 114, 12),
(198, 114, 15),
(1251, 114, 58),
(1259, 114, 62),
(182, 115, 1),
(165, 115, 12),
(199, 115, 15),
(1252, 115, 58),
(1260, 115, 62),
(183, 122, 4),
(166, 122, 13),
(200, 122, 16),
(210, 122, 17),
(220, 122, 18),
(1262, 122, 59),
(1269, 122, 63),
(1276, 122, 64),
(184, 123, 4),
(167, 123, 13),
(201, 123, 16),
(211, 123, 17),
(221, 123, 18),
(1263, 123, 59),
(1270, 123, 63),
(1277, 123, 64),
(185, 124, 4),
(168, 124, 13),
(202, 124, 16),
(212, 124, 17),
(222, 124, 18),
(1264, 124, 59),
(1271, 124, 63),
(1278, 124, 64),
(186, 125, 4),
(169, 125, 13),
(203, 125, 16),
(213, 125, 17),
(223, 125, 18),
(1265, 125, 59),
(1272, 125, 63),
(1279, 125, 64),
(187, 126, 4),
(170, 126, 13),
(204, 126, 16),
(214, 126, 17),
(224, 126, 18),
(1266, 126, 59),
(1273, 126, 63),
(1280, 126, 64),
(188, 127, 4),
(171, 127, 13),
(205, 127, 16),
(215, 127, 17),
(225, 127, 18),
(1267, 127, 59),
(1274, 127, 63),
(1281, 127, 64),
(189, 128, 4),
(172, 128, 13),
(206, 128, 16),
(216, 128, 17),
(226, 128, 18),
(1283, 128, 59),
(1287, 128, 63),
(1291, 128, 64),
(190, 129, 4),
(173, 129, 13),
(207, 129, 16),
(217, 129, 17),
(227, 129, 18),
(1284, 129, 59),
(1288, 129, 63),
(1292, 129, 64),
(191, 130, 4),
(174, 130, 13),
(208, 130, 16),
(218, 130, 17),
(228, 130, 18),
(1285, 130, 59),
(1289, 130, 63),
(1293, 130, 64),
(192, 131, 4),
(175, 131, 13),
(209, 131, 16),
(219, 131, 17),
(229, 131, 18),
(1286, 131, 59),
(1290, 131, 63),
(1294, 131, 64),
(230, 132, 1),
(231, 133, 1),
(232, 134, 1),
(233, 135, 1),
(234, 136, 1),
(235, 137, 1),
(236, 138, 1),
(237, 139, 1),
(238, 140, 1),
(239, 141, 4),
(240, 142, 4),
(241, 143, 4),
(242, 144, 4),
(243, 145, 4),
(244, 146, 4),
(245, 147, 4),
(246, 148, 4),
(247, 149, 4),
(248, 150, 4),
(249, 151, 4),
(250, 152, 4),
(251, 153, 4),
(252, 154, 4),
(253, 155, 4),
(254, 156, 7),
(255, 156, 8),
(256, 159, 2),
(257, 160, 2),
(258, 161, 2),
(259, 164, 9),
(262, 164, 10),
(260, 165, 9),
(263, 165, 10),
(261, 166, 9),
(264, 166, 10),
(265, 167, 2),
(266, 185, 2),
(275, 186, 5),
(267, 187, 2),
(276, 188, 5),
(279, 189, 5),
(271, 190, 5),
(272, 191, 5),
(280, 192, 5),
(268, 193, 2),
(277, 194, 5),
(269, 195, 2),
(278, 196, 5),
(281, 197, 5),
(273, 198, 5),
(274, 199, 5),
(282, 200, 5),
(270, 201, 2),
(283, 202, 2),
(290, 203, 5),
(284, 204, 2),
(291, 205, 5),
(296, 206, 9),
(299, 206, 10),
(285, 207, 2),
(292, 208, 5),
(286, 209, 2),
(293, 210, 5),
(297, 211, 9),
(300, 211, 10),
(294, 212, 5),
(287, 213, 2),
(288, 214, 2),
(295, 215, 5),
(298, 216, 9),
(301, 216, 10),
(289, 217, 2),
(310, 218, 2),
(414, 219, 2),
(415, 239, 2),
(416, 240, 2),
(417, 241, 2),
(418, 242, 2),
(419, 243, 2),
(420, 244, 2),
(422, 245, 5),
(423, 246, 5),
(424, 247, 5),
(425, 248, 5),
(426, 249, 5),
(427, 250, 5),
(428, 251, 5),
(429, 252, 5),
(430, 253, 5),
(431, 254, 9),
(434, 254, 10),
(432, 255, 9),
(435, 255, 10),
(433, 256, 9),
(436, 256, 10),
(421, 257, 2),
(445, 258, 2),
(446, 259, 2),
(450, 260, 5),
(451, 261, 5),
(455, 262, 9),
(461, 262, 10),
(456, 263, 9),
(462, 263, 10),
(447, 264, 2),
(448, 265, 2),
(452, 266, 5),
(453, 267, 5),
(457, 268, 9),
(463, 268, 10),
(449, 269, 2),
(454, 270, 5),
(458, 271, 9),
(464, 271, 10),
(459, 272, 9),
(465, 272, 10),
(460, 273, 9),
(466, 273, 10),
(476, 274, 2),
(479, 275, 3),
(480, 276, 3),
(487, 277, 6),
(488, 278, 6),
(495, 279, 6),
(481, 280, 3),
(482, 281, 3),
(489, 282, 6),
(490, 283, 6),
(496, 284, 6),
(483, 285, 3),
(484, 286, 3),
(491, 287, 6),
(492, 288, 6),
(497, 289, 6),
(485, 290, 3),
(486, 291, 3),
(493, 292, 6),
(494, 293, 6),
(498, 294, 6),
(510, 295, 3),
(520, 296, 6),
(511, 297, 3),
(515, 298, 6),
(512, 299, 3),
(521, 300, 6),
(513, 301, 3),
(516, 302, 6),
(522, 303, 6),
(523, 304, 6),
(517, 305, 6),
(518, 306, 6),
(524, 307, 6),
(514, 308, 3),
(519, 309, 6),
(525, 310, 6),
(541, 311, 3),
(549, 312, 6),
(542, 313, 3),
(550, 314, 6),
(557, 315, 11),
(543, 316, 3),
(551, 317, 6),
(544, 318, 3),
(552, 319, 6),
(558, 320, 11),
(545, 321, 3),
(553, 322, 6),
(546, 323, 3),
(554, 324, 6),
(559, 325, 11),
(547, 326, 3),
(555, 327, 6),
(548, 328, 3),
(556, 329, 6),
(560, 330, 11),
(572, 331, 3),
(576, 332, 6),
(573, 333, 3),
(577, 334, 6),
(578, 335, 6),
(584, 336, 11),
(579, 337, 6),
(585, 338, 11),
(580, 339, 6),
(581, 340, 6),
(586, 341, 11),
(574, 342, 3),
(582, 343, 6),
(575, 344, 3),
(583, 345, 6),
(587, 346, 11),
(588, 347, 11),
(603, 348, 11),
(1051, 349, 11),
(605, 350, 11),
(606, 351, 11),
(607, 352, 11),
(608, 353, 11),
(609, 354, 11),
(610, 355, 11),
(611, 356, 11),
(612, 357, 11),
(613, 358, 11),
(618, 359, 2),
(619, 360, 2),
(620, 361, 2),
(626, 362, 9),
(632, 362, 10),
(627, 363, 9),
(633, 363, 10),
(621, 364, 2),
(622, 365, 2),
(623, 366, 2),
(628, 367, 9),
(634, 367, 10),
(629, 368, 9),
(635, 368, 10),
(630, 369, 9),
(636, 369, 10),
(624, 370, 2),
(631, 371, 9),
(637, 371, 10),
(625, 372, 2),
(649, 413, 2),
(650, 414, 2),
(658, 415, 5),
(651, 416, 2),
(652, 417, 2),
(659, 418, 5),
(653, 419, 2),
(660, 420, 5),
(654, 421, 2),
(661, 422, 5),
(662, 423, 5),
(655, 424, 2),
(663, 425, 5),
(656, 426, 2),
(664, 427, 5),
(665, 428, 5),
(896, 428, 9),
(897, 428, 10),
(666, 429, 5),
(1039, 430, 9),
(1041, 430, 10),
(657, 431, 2),
(667, 432, 5),
(680, 433, 2),
(685, 434, 5),
(681, 435, 2),
(686, 436, 5),
(682, 437, 2),
(687, 438, 5),
(683, 439, 2),
(688, 440, 5),
(689, 441, 9),
(695, 441, 10),
(690, 442, 9),
(696, 442, 10),
(691, 443, 9),
(697, 443, 10),
(692, 444, 9),
(698, 444, 10),
(693, 445, 9),
(699, 445, 10),
(694, 446, 9),
(700, 446, 10),
(684, 447, 2),
(711, 448, 2),
(712, 449, 2),
(713, 450, 5),
(714, 451, 5),
(715, 452, 5),
(716, 453, 5),
(717, 454, 5),
(726, 456, 2),
(727, 457, 2),
(734, 458, 5),
(728, 459, 2),
(735, 460, 5),
(729, 461, 2),
(736, 462, 5),
(730, 463, 2),
(737, 464, 5),
(731, 465, 2),
(738, 466, 5),
(739, 467, 5),
(740, 468, 5),
(741, 469, 5),
(742, 470, 5),
(732, 471, 2),
(733, 472, 2),
(757, 473, 2),
(758, 474, 2),
(765, 475, 5),
(759, 476, 2),
(760, 477, 2),
(761, 478, 2),
(762, 479, 2),
(766, 480, 5),
(767, 481, 5),
(768, 482, 5),
(769, 483, 5),
(770, 484, 5),
(763, 485, 2),
(764, 486, 2),
(772, 487, 2),
(773, 488, 2),
(782, 489, 5),
(774, 490, 2),
(775, 491, 2),
(783, 492, 5),
(776, 493, 2),
(777, 494, 2),
(784, 495, 5),
(778, 496, 2),
(779, 497, 2),
(785, 498, 5),
(780, 499, 2),
(781, 500, 2),
(786, 501, 5),
(787, 502, 5),
(788, 503, 5),
(898, 503, 9),
(899, 503, 10),
(789, 504, 5),
(790, 505, 5),
(791, 506, 9),
(792, 506, 10),
(803, 507, 1),
(810, 508, 4),
(804, 509, 1),
(811, 510, 4),
(805, 511, 1),
(812, 512, 4),
(819, 513, 7),
(823, 513, 8),
(806, 514, 1),
(813, 515, 4),
(807, 516, 1),
(814, 517, 4),
(808, 518, 1),
(815, 519, 4),
(809, 520, 1),
(816, 521, 4),
(820, 522, 7),
(824, 522, 8),
(821, 523, 7),
(825, 523, 8),
(817, 524, 4),
(822, 525, 7),
(826, 525, 8),
(818, 526, 4),
(834, 549, 1),
(843, 550, 4),
(835, 551, 1),
(844, 552, 4),
(836, 553, 1),
(845, 554, 4),
(837, 555, 1),
(846, 556, 4),
(853, 557, 7),
(856, 557, 8),
(838, 558, 1),
(847, 559, 4),
(839, 560, 1),
(848, 561, 4),
(840, 562, 1),
(841, 563, 1),
(849, 564, 4),
(850, 565, 4),
(842, 566, 1),
(851, 567, 4),
(852, 568, 4),
(854, 569, 7),
(857, 569, 8),
(855, 570, 7),
(858, 570, 8),
(862, 571, 1),
(1024, 571, 12),
(1025, 571, 15),
(1328, 571, 58),
(1329, 571, 62),
(900, 572, 2),
(901, 573, 2),
(905, 574, 2),
(859, 578, 32),
(860, 579, 33),
(861, 579, 34),
(904, 580, 5),
(69, 580, 9),
(70, 580, 10),
(903, 581, 5),
(67, 581, 9),
(68, 581, 10),
(1037, 582, 4),
(1036, 583, 4),
(1033, 584, 4),
(1032, 585, 4),
(105, 586, 4),
(104, 587, 4),
(119, 588, 4),
(906, 589, 5),
(902, 590, 2),
(302, 591, 2),
(1049, 592, 2),
(604, 593, 11),
(1050, 594, 11),
(895, 595, 5),
(668, 595, 9),
(669, 595, 10),
(1038, 596, 9),
(1040, 596, 10),
(1042, 597, 9),
(1043, 597, 10),
(866, 598, 39),
(865, 599, 39),
(864, 600, 39),
(863, 601, 39),
(872, 602, 40),
(878, 602, 41),
(871, 603, 40),
(877, 603, 41),
(870, 604, 40),
(876, 604, 41),
(869, 605, 40),
(875, 605, 41),
(868, 606, 40),
(874, 606, 41),
(867, 607, 40),
(873, 607, 41),
(882, 608, 42),
(886, 608, 43),
(890, 608, 44),
(894, 608, 45),
(881, 609, 42),
(885, 609, 43),
(889, 609, 44),
(893, 609, 45),
(880, 610, 42),
(884, 610, 43),
(888, 610, 44),
(892, 610, 45),
(879, 611, 42),
(883, 611, 43),
(887, 611, 44),
(891, 611, 45),
(924, 643, 32),
(923, 644, 32),
(922, 645, 32),
(929, 646, 33),
(934, 646, 34),
(928, 647, 33),
(933, 647, 34),
(927, 648, 33),
(932, 648, 34),
(926, 649, 33),
(931, 649, 34),
(925, 650, 33),
(930, 650, 34),
(940, 651, 35),
(946, 651, 36),
(952, 651, 37),
(958, 651, 38),
(939, 652, 35),
(945, 652, 36),
(951, 652, 37),
(957, 652, 38),
(938, 653, 35),
(944, 653, 36),
(950, 653, 37),
(956, 653, 38),
(937, 654, 35),
(943, 654, 36),
(949, 654, 37),
(955, 654, 38),
(936, 655, 35),
(942, 655, 36),
(948, 655, 37),
(954, 655, 38),
(935, 656, 35),
(941, 656, 36),
(947, 656, 37),
(953, 656, 38),
(960, 657, 32),
(959, 658, 32),
(988, 674, 1),
(987, 675, 1),
(986, 676, 1),
(985, 677, 1),
(992, 678, 4),
(991, 679, 4),
(990, 680, 4),
(989, 681, 4),
(999, 682, 7),
(1006, 682, 8),
(998, 683, 7),
(1005, 683, 8),
(997, 684, 7),
(1004, 684, 8),
(996, 685, 7),
(1003, 685, 8),
(995, 686, 7),
(1002, 686, 8),
(994, 687, 7),
(1001, 687, 8),
(993, 688, 7),
(1000, 688, 8),
(1016, 689, 1),
(1017, 689, 12),
(1018, 689, 15),
(1253, 689, 58),
(1261, 689, 62),
(1019, 690, 4),
(1020, 690, 13),
(1021, 690, 16),
(1022, 690, 17),
(1023, 690, 18),
(1268, 690, 59),
(1275, 690, 63),
(1282, 690, 64),
(1070, 692, 46),
(1071, 693, 46),
(1072, 694, 46),
(1062, 695, 14),
(1063, 696, 14),
(1064, 697, 14),
(1065, 698, 14),
(1104, 704, 48),
(1110, 704, 49),
(1103, 705, 48),
(1109, 705, 49),
(1102, 706, 48),
(1108, 706, 49),
(1101, 707, 48),
(1107, 707, 49),
(1100, 708, 48),
(1106, 708, 49),
(1099, 709, 48),
(1105, 709, 49),
(1115, 711, 50),
(1120, 711, 51),
(1125, 711, 52),
(1130, 711, 53),
(1114, 712, 50),
(1119, 712, 51),
(1124, 712, 52),
(1129, 712, 53),
(1113, 713, 50),
(1118, 713, 51),
(1123, 713, 52),
(1128, 713, 53),
(1112, 714, 50),
(1117, 714, 51),
(1122, 714, 52),
(1127, 714, 53),
(1111, 715, 50),
(1116, 715, 51),
(1121, 715, 52),
(1126, 715, 53),
(1098, 718, 47),
(1097, 719, 47),
(1096, 720, 47),
(1095, 721, 47),
(1094, 722, 47),
(1176, 733, 54),
(1175, 734, 54),
(1174, 735, 54),
(1173, 736, 54),
(1184, 740, 56),
(1192, 740, 57),
(1183, 741, 56),
(1191, 741, 57),
(1182, 742, 56),
(1190, 742, 57),
(1181, 743, 56),
(1189, 743, 57),
(1180, 744, 56),
(1188, 744, 57),
(1179, 745, 56),
(1187, 745, 57),
(1178, 746, 56),
(1186, 746, 57),
(1177, 747, 56),
(1185, 747, 57),
(1204, 756, 29),
(1207, 757, 29),
(1210, 759, 30),
(1213, 760, 30),
(1216, 761, 30),
(1219, 762, 30),
(1222, 763, 30),
(1225, 764, 30),
(1228, 766, 31),
(1231, 767, 31),
(1234, 768, 31),
(1237, 769, 31),
(1240, 770, 31),
(1243, 771, 31);

--
-- Déchargement des données de la table `CLASS_session_to_be_affected_as_enseignant`
--

INSERT INTO `CLASS_session_to_be_affected_as_enseignant` (`id_seance_to_be_affected_as_enseignant`, `id_seance_to_be_affected`, `id_enseignant`, `schedule`, `id_responsable`, `modifiable`) VALUES
(1, 1, 19, '2024-08-31 11:00:44', 18, 1),
(2, 2, 19, '2024-11-25 10:00:44', 18, 1),
(3, 3, 19, '2024-05-27 17:00:44', 18, 1),
(4, 4, 19, '2024-10-26 07:00:44', 18, 1),
(5, 5, 19, '2024-03-22 15:00:44', 18, 1),
(6, 6, 19, '2025-02-11 17:00:44', 18, 1),
(7, 7, 19, '2024-06-09 15:00:44', 18, 1),
(8, 8, 19, '2024-08-06 14:00:44', 18, 1),
(9, 9, 19, '2024-08-26 14:00:44', 18, 1),
(10, 10, 19, '2024-04-22 10:00:44', 18, 1),
(11, 11, 19, '2024-03-16 17:00:44', 18, 1),
(12, 12, 19, '2024-06-14 16:00:44', 18, 1),
(13, 13, 14, '2025-01-04 09:00:44', 18, 1),
(14, 14, 14, '2024-05-27 08:00:44', 18, 1),
(15, 15, 14, '2024-10-24 11:00:44', 18, 1),
(22, 22, 19, '2025-02-10 07:00:44', 18, 1),
(23, 23, 19, '2025-02-01 10:00:44', 18, 1),
(24, 24, 19, '2024-11-27 12:00:44', 18, 1),
(25, 25, 51, '2024-09-15 07:00:44', 18, 1),
(26, 26, 23, '2024-07-24 08:00:44', 18, 1),
(27, 27, 14, '2024-08-07 14:00:44', 18, 1),
(28, 28, 51, '2024-08-12 16:00:44', 18, 1),
(29, 29, 23, '2024-07-21 13:00:44', 18, 1),
(30, 30, 14, '2024-04-09 16:00:44', 18, 1),
(31, 31, 51, '2024-06-05 08:00:44', 18, 1),
(32, 32, 23, '2024-12-21 15:00:44', 18, 1),
(33, 33, 14, '2024-11-17 08:00:44', 18, 1),
(34, 34, 51, '2024-03-27 09:00:44', 18, 1),
(35, 35, 51, '2024-11-05 17:00:44', 18, 1),
(36, 36, 23, '2024-04-04 14:00:44', 18, 1),
(37, 37, 28, '2024-07-14 09:00:44', 18, 1),
(38, 38, 14, '2025-02-13 14:00:44', 18, 1),
(39, 39, 28, '2024-10-07 17:00:44', 18, 1),
(40, 40, 51, '2024-09-30 11:00:44', 18, 1),
(41, 41, 51, '2024-08-04 16:00:44', 18, 1),
(42, 42, 23, '2024-10-15 12:00:44', 18, 1),
(43, 43, 28, '2024-12-07 15:00:44', 18, 1),
(44, 44, 14, '2024-12-11 16:00:44', 18, 1),
(45, 45, 28, '2024-11-01 10:00:44', 18, 1),
(46, 46, 51, '2024-08-12 16:00:44', 18, 1),
(47, 47, 51, '2024-06-06 08:00:44', 18, 1),
(48, 48, 23, '2024-11-28 07:00:44', 18, 1),
(49, 49, 28, '2024-09-12 09:00:44', 18, 1),
(50, 50, 14, '2024-05-14 10:00:44', 18, 1),
(51, 51, 28, '2024-12-08 09:00:44', 18, 1),
(52, 52, 54, '2024-10-10 11:00:44', 18, 1),
(53, 53, 54, '2024-07-21 07:00:44', 18, 1),
(54, 54, 18, '2024-10-31 13:00:44', 18, 1),
(55, 55, 18, '2025-02-03 13:00:44', 18, 1),
(56, 56, 18, '2024-07-20 11:00:44', 18, 1),
(57, 57, 18, '2024-11-25 08:00:44', 18, 1),
(58, 58, 18, '2024-06-19 10:00:44', 18, 1),
(59, 59, 54, '2024-12-26 09:00:44', 18, 1),
(60, 60, 54, '2024-10-26 10:00:44', 18, 1),
(61, 61, 18, '2024-12-10 11:00:44', 18, 1),
(62, 62, 18, '2024-10-25 13:00:44', 18, 1),
(63, 63, 18, '2024-04-16 14:00:44', 18, 1),
(64, 64, 18, '2024-06-20 13:00:44', 18, 1),
(65, 65, 18, '2024-07-23 12:00:44', 18, 1),
(66, 66, 54, '2024-08-29 09:00:44', 18, 1),
(67, 67, 54, '2024-10-12 11:00:44', 18, 1),
(68, 68, 18, '2025-03-01 15:00:44', 18, 1),
(69, 69, 18, '2024-05-16 15:00:44', 18, 1),
(70, 70, 18, '2024-11-15 10:00:44', 18, 1),
(71, 71, 18, '2024-07-07 11:00:44', 18, 1),
(72, 72, 18, '2025-03-07 16:00:44', 18, 1),
(73, 73, 18, '2025-01-21 08:00:44', 18, 1),
(74, 74, 18, '2024-10-10 13:00:44', 18, 1),
(75, 75, 18, '2024-06-22 15:00:44', 18, 1),
(76, 76, 18, '2024-04-19 07:00:44', 18, 1),
(77, 77, 18, '2024-09-11 11:00:44', 18, 1),
(78, 78, 18, '2024-10-19 16:00:44', 18, 1),
(79, 79, 18, '2024-03-12 12:00:44', 18, 1),
(80, 80, 18, '2024-10-12 13:00:44', 18, 1),
(81, 81, 62, '2024-05-14 10:00:44', 18, 1),
(82, 82, 62, '2024-03-14 07:00:44', 18, 1),
(83, 83, 62, '2024-10-12 16:00:44', 18, 1),
(84, 84, 62, '2024-04-16 07:00:44', 18, 1),
(85, 85, 62, '2024-10-05 07:00:44', 18, 1),
(86, 86, 62, '2025-02-11 08:00:44', 18, 1),
(87, 87, 18, '2024-08-13 11:00:44', 18, 1),
(88, 88, 18, '2024-12-07 08:00:44', 18, 1),
(89, 89, 62, '2024-06-25 09:00:44', 18, 1),
(90, 90, 18, '2025-01-06 08:00:44', 18, 1),
(91, 91, 62, '2024-04-01 11:00:44', 18, 1),
(92, 92, 18, '2024-11-17 10:00:44', 18, 1),
(93, 93, 62, '2024-09-22 12:00:44', 18, 1),
(94, 94, 18, '2025-02-21 15:00:44', 18, 1),
(95, 95, 62, '2024-06-17 10:00:44', 18, 1),
(96, 96, 18, '2024-09-27 10:00:44', 18, 1),
(104, 104, 28, '2025-03-05 09:00:44', 18, 1),
(105, 105, 28, '2024-12-05 12:00:44', 18, 1),
(106, 106, 28, '2024-05-16 12:00:44', 18, 1),
(107, 107, 28, '2024-12-18 12:00:44', 18, 1),
(108, 108, 28, '2024-04-11 07:00:44', 18, 1),
(109, 109, 28, '2024-10-25 15:00:44', 18, 1),
(110, 110, 28, '2024-04-22 07:00:44', 18, 1),
(111, 111, 28, '2024-10-10 07:00:44', 18, 1),
(112, 112, 8, '2024-04-03 13:00:44', 18, 1),
(113, 113, 8, '2025-02-21 12:00:44', 18, 1),
(114, 114, 6, '2024-09-02 17:00:44', 18, 1),
(115, 115, 6, '2024-10-08 08:00:44', 18, 1),
(119, 119, 18, '2024-10-31 11:00:44', 18, 1),
(120, 120, 18, '2024-03-14 14:00:44', 18, 1),
(121, 121, 18, '2024-07-21 07:00:44', 18, 1),
(122, 122, 18, '2024-12-23 17:00:44', 18, 1),
(123, 123, 18, '2024-11-25 12:00:44', 18, 1),
(124, 124, 18, '2024-08-05 12:00:44', 18, 1),
(125, 125, 18, '2024-06-21 08:00:44', 18, 1),
(126, 126, 18, '2024-11-10 10:00:44', 18, 1),
(135, 135, 18, '2024-05-21 17:00:44', 18, 1),
(136, 136, 18, '2024-11-12 15:00:44', 18, 1),
(137, 137, 18, '2024-03-25 11:00:44', 18, 1),
(138, 138, 18, '2024-11-12 10:00:44', 18, 1),
(139, 139, 18, '2024-08-28 15:00:44', 18, 1),
(140, 140, 18, '2024-12-13 16:00:44', 18, 1),
(141, 141, 18, '2024-06-07 08:00:44', 18, 1),
(142, 142, 23, '2024-12-09 17:00:44', 18, 1),
(143, 143, 23, '2024-03-27 17:00:44', 18, 1),
(144, 144, 18, '2024-04-11 14:00:44', 18, 1),
(145, 145, 18, '2024-06-06 14:00:44', 18, 1),
(146, 146, 18, '2024-12-10 08:00:44', 18, 1),
(147, 147, 18, '2024-05-02 17:00:44', 18, 1),
(148, 148, 18, '2025-02-14 13:00:44', 18, 1),
(149, 149, 18, '2024-08-04 10:00:44', 18, 1),
(150, 150, 23, '2024-06-07 16:00:44', 18, 1),
(151, 151, 18, '2025-02-21 14:00:44', 18, 1),
(152, 152, 23, '2025-02-08 12:00:44', 18, 1),
(153, 153, 18, '2024-12-31 12:00:44', 18, 1),
(154, 154, 23, '2024-04-19 17:00:44', 18, 1),
(155, 155, 18, '2024-12-19 08:00:44', 18, 1),
(156, 156, 23, '2024-12-24 12:00:44', 18, 1),
(157, 157, 18, '2025-03-04 12:00:44', 18, 1),
(158, 158, 23, '2024-09-25 15:00:44', 18, 1),
(159, 159, 14, '2024-09-05 09:00:44', 18, 1),
(160, 160, 14, '2024-07-26 11:00:44', 18, 1),
(161, 161, 14, '2024-12-17 16:00:44', 18, 1),
(162, 162, 14, '2024-05-31 09:00:44', 18, 1),
(163, 163, 14, '2024-06-19 17:00:44', 18, 1),
(164, 164, 14, '2024-05-28 17:00:44', 18, 1),
(165, 165, 14, '2024-10-12 09:00:44', 18, 1),
(166, 166, 19, '2024-06-12 08:00:44', 18, 1),
(167, 167, 19, '2024-09-30 15:00:44', 18, 1),
(168, 168, 19, '2024-06-22 08:00:44', 18, 1),
(169, 169, 19, '2024-07-11 16:00:44', 18, 1),
(170, 170, 19, '2024-12-28 12:00:44', 18, 1),
(171, 171, 19, '2024-05-18 13:00:44', 18, 1),
(172, 172, 19, '2024-07-08 12:00:44', 18, 1),
(173, 173, 19, '2024-09-15 17:00:44', 18, 1),
(174, 174, 19, '2025-01-24 16:00:44', 18, 1),
(175, 175, 19, '2025-02-28 12:00:44', 18, 1),
(176, 176, 14, '2024-10-07 13:00:44', 18, 1),
(177, 177, 14, '2024-05-24 08:00:44', 18, 1),
(178, 178, 14, '2024-11-11 09:00:44', 18, 1),
(179, 179, 14, '2025-02-21 13:00:44', 18, 1),
(180, 180, 14, '2024-03-15 07:00:44', 18, 1),
(181, 181, 14, '2024-10-27 14:00:44', 18, 1),
(182, 182, 14, '2025-02-02 13:00:44', 18, 1),
(183, 183, 14, '2024-07-29 10:00:44', 18, 1),
(184, 184, 14, '2024-05-19 07:00:44', 18, 1),
(185, 185, 14, '2024-05-13 17:00:44', 18, 1),
(186, 186, 14, '2024-09-30 09:00:44', 18, 1),
(187, 187, 14, '2024-03-21 07:00:44', 18, 1),
(188, 188, 14, '2024-09-18 08:00:44', 18, 1),
(189, 189, 14, '2024-11-16 08:00:44', 18, 1),
(190, 190, 14, '2024-07-02 07:00:44', 18, 1),
(191, 191, 14, '2024-11-22 09:00:44', 18, 1),
(192, 192, 14, '2024-10-03 11:00:44', 18, 1),
(193, 193, 14, '2024-08-01 16:00:44', 18, 1),
(194, 194, 14, '2024-07-17 13:00:44', 18, 1),
(195, 195, 14, '2024-04-29 13:00:44', 18, 1),
(196, 196, 14, '2024-08-13 17:00:44', 18, 1),
(197, 197, 14, '2025-01-12 16:00:44', 18, 1),
(198, 198, 14, '2024-05-09 13:00:44', 18, 1),
(199, 199, 14, '2024-09-16 13:00:44', 18, 1),
(200, 200, 15, '2024-07-22 10:00:44', 18, 1),
(201, 201, 15, '2024-06-18 14:00:44', 18, 1),
(202, 202, 15, '2025-01-22 14:00:44', 18, 1),
(203, 203, 15, '2024-04-01 14:00:44', 18, 1),
(204, 204, 15, '2024-06-19 12:00:44', 18, 1),
(205, 205, 15, '2024-11-16 07:00:44', 18, 1),
(206, 206, 23, '2024-10-07 17:00:44', 18, 1),
(207, 207, 23, '2024-12-02 13:00:44', 18, 1),
(208, 208, 23, '2024-11-22 13:00:44', 18, 1),
(209, 209, 23, '2024-12-16 10:00:44', 18, 1),
(210, 210, 62, '2024-06-18 15:00:44', 18, 1),
(211, 211, 62, '2024-06-04 12:00:44', 18, 1),
(212, 212, 62, '2025-03-10 14:00:44', 18, 1),
(213, 213, 62, '2025-01-07 17:00:44', 18, 1),
(214, 214, 62, '2024-12-21 09:00:44', 18, 1),
(215, 215, 62, '2024-07-18 11:00:44', 18, 1),
(216, 216, 62, '2024-11-24 08:00:44', 18, 1),
(217, 217, 62, '2024-06-16 10:00:44', 18, 1),
(218, 218, 62, '2024-11-12 14:00:44', 18, 1),
(219, 219, 62, '2024-08-11 15:00:44', 18, 1),
(220, 220, 52, '2025-01-28 09:00:44', 18, 1),
(221, 221, 52, '2024-04-02 17:00:44', 18, 1),
(222, 222, 52, '2024-05-06 11:00:44', 18, 1),
(223, 223, 52, '2024-08-07 14:00:44', 18, 1),
(224, 224, 52, '2024-07-19 08:00:44', 18, 1),
(225, 225, 52, '2024-04-22 17:00:44', 18, 1),
(226, 226, 52, '2025-03-02 10:00:44', 18, 1),
(227, 227, 52, '2024-09-05 13:00:44', 18, 1),
(228, 228, 52, '2024-09-08 14:00:44', 18, 1),
(229, 229, 52, '2024-03-18 15:00:44', 18, 1),
(256, 256, 18, '2025-02-11 17:00:44', 18, 1),
(257, 257, 15, '2024-07-18 10:00:44', 18, 1),
(258, 258, 15, '2024-08-06 07:00:44', 18, 1),
(259, 259, 18, '2024-09-12 10:00:44', 18, 1),
(260, 260, 15, '2024-03-16 07:00:44', 18, 1),
(261, 261, 15, '2024-11-11 12:00:44', 18, 1),
(262, 262, 18, '2024-10-24 12:00:44', 18, 1),
(263, 263, 15, '2024-12-26 13:00:44', 18, 1),
(264, 264, 15, '2024-09-12 13:00:44', 18, 1),
(265, 265, 10, '2024-08-25 16:00:44', 18, 1),
(266, 266, 10, '2024-05-05 13:00:44', 18, 1),
(267, 267, 10, '2024-12-01 14:00:44', 18, 1),
(268, 268, 14, '2024-08-24 14:00:44', 18, 1),
(269, 269, 14, '2024-04-08 12:00:44', 18, 1),
(270, 270, 10, '2024-07-30 14:00:44', 18, 1),
(275, 275, 10, '2024-11-04 16:00:44', 18, 1),
(276, 276, 10, '2025-02-05 17:00:44', 18, 1),
(277, 277, 14, '2024-07-27 08:00:44', 18, 1),
(278, 278, 14, '2024-03-15 11:00:44', 18, 1),
(279, 279, 10, '2024-12-26 14:00:44', 18, 1),
(280, 280, 10, '2024-03-21 14:00:44', 18, 1),
(281, 281, 14, '2024-07-25 07:00:44', 18, 1),
(282, 282, 14, '2024-12-31 17:00:44', 18, 1),
(283, 283, 24, '2024-03-19 08:00:44', 18, 1),
(284, 284, 24, '2024-05-04 15:00:44', 18, 1),
(285, 285, 24, '2024-10-24 12:00:44', 18, 1),
(286, 286, 24, '2024-08-26 08:00:44', 18, 1),
(287, 287, 24, '2024-05-05 17:00:44', 18, 1),
(288, 288, 24, '2024-11-30 12:00:44', 18, 1),
(289, 289, 24, '2024-07-29 13:00:44', 18, 1),
(290, 290, 42, '2024-12-23 09:00:44', 18, 1),
(291, 291, 42, '2024-09-07 16:00:44', 18, 1),
(292, 292, 42, '2024-06-23 07:00:44', 18, 1),
(293, 293, 42, '2025-03-02 07:00:44', 18, 1),
(294, 294, 42, '2025-03-07 07:00:44', 18, 1),
(295, 295, 42, '2024-03-14 17:00:44', 18, 1),
(296, 296, 42, '2024-06-16 16:00:44', 18, 1),
(297, 297, 42, '2025-03-03 13:00:44', 18, 1),
(298, 298, 24, '2024-05-26 09:00:44', 18, 1),
(299, 299, 24, '2024-04-29 13:00:44', 18, 1),
(300, 300, 24, '2024-11-17 15:00:44', 18, 1),
(301, 301, 24, '2025-01-24 09:00:44', 18, 1),
(310, 310, 18, '2024-08-01 11:00:44', 18, 1),
(311, 311, 18, '2024-10-14 14:00:44', 18, 1),
(414, 414, 15, '2024-12-07 09:00:44', 18, 1),
(415, 415, 15, '2024-12-11 13:00:44', 18, 1),
(416, 416, 15, '2024-10-24 07:00:44', 18, 1),
(417, 417, 15, '2024-03-22 15:00:44', 18, 1),
(418, 418, 15, '2025-02-28 15:00:44', 18, 1),
(419, 419, 15, '2024-05-16 15:00:44', 18, 1),
(420, 420, 15, '2024-11-25 09:00:44', 18, 1),
(421, 421, 15, '2025-01-08 09:00:44', 18, 1),
(422, 422, 15, '2024-08-07 10:00:44', 18, 1),
(423, 423, 15, '2024-06-22 14:00:44', 18, 1),
(424, 424, 15, '2024-11-11 13:00:44', 18, 1),
(425, 425, 15, '2024-06-06 08:00:44', 18, 1),
(426, 426, 15, '2024-09-06 07:00:44', 18, 1),
(427, 427, 15, '2024-05-14 17:00:44', 18, 1),
(428, 428, 15, '2025-02-07 14:00:44', 18, 1),
(429, 429, 15, '2024-12-07 08:00:44', 18, 1),
(430, 430, 15, '2025-01-26 07:00:44', 18, 1),
(431, 431, 15, '2024-03-21 14:00:44', 18, 1),
(432, 432, 15, '2024-10-24 17:00:44', 18, 1),
(433, 433, 15, '2024-09-30 12:00:44', 18, 1),
(434, 434, 15, '2025-03-08 14:00:44', 18, 1),
(435, 435, 15, '2025-01-07 17:00:44', 18, 1),
(436, 436, 15, '2024-12-22 09:00:44', 18, 1),
(445, 445, 6, '2024-08-14 08:00:44', 18, 1),
(446, 446, 6, '2024-04-07 09:00:44', 18, 1),
(447, 447, 6, '2024-10-01 12:00:44', 18, 1),
(448, 448, 6, '2025-02-18 16:00:44', 18, 1),
(449, 449, 6, '2025-01-29 17:00:44', 18, 1),
(450, 450, 6, '2024-08-06 07:00:44', 18, 1),
(451, 451, 6, '2024-11-22 11:00:44', 18, 1),
(452, 452, 6, '2024-11-18 09:00:44', 18, 1),
(453, 453, 6, '2024-12-20 11:00:44', 18, 1),
(454, 454, 6, '2024-10-07 16:00:44', 18, 1),
(455, 455, 6, '2025-02-06 16:00:44', 18, 1),
(456, 456, 6, '2024-04-20 17:00:44', 18, 1),
(457, 457, 6, '2025-02-09 13:00:44', 18, 1),
(458, 458, 6, '2024-08-20 08:00:44', 18, 1),
(459, 459, 6, '2024-05-05 17:00:44', 18, 1),
(460, 460, 6, '2025-02-01 15:00:44', 18, 1),
(461, 461, 6, '2024-11-11 12:00:44', 18, 1),
(462, 462, 6, '2024-11-23 08:00:44', 18, 1),
(463, 463, 6, '2024-07-14 17:00:44', 18, 1),
(464, 464, 6, '2024-05-04 11:00:44', 18, 1),
(465, 465, 6, '2024-12-03 09:00:44', 18, 1),
(466, 466, 6, '2024-09-30 12:00:44', 18, 1),
(476, 476, 18, '2025-03-09 13:00:44', 18, 1),
(479, 479, 55, '2025-01-30 14:00:44', 18, 1),
(480, 480, 55, '2025-03-07 07:00:44', 18, 1),
(481, 481, 55, '2024-12-17 17:00:44', 18, 1),
(482, 482, 55, '2024-12-09 10:00:44', 18, 1),
(483, 483, 55, '2024-06-24 14:00:44', 18, 1),
(484, 484, 55, '2024-11-29 10:00:44', 18, 1),
(485, 485, 55, '2024-04-17 11:00:44', 18, 1),
(486, 486, 55, '2024-08-27 10:00:44', 18, 1),
(487, 487, 55, '2025-01-25 13:00:44', 18, 1),
(488, 488, 55, '2024-09-03 16:00:44', 18, 1),
(489, 489, 55, '2024-06-20 07:00:44', 18, 1),
(490, 490, 55, '2025-02-16 08:00:44', 18, 1),
(491, 491, 55, '2024-06-23 07:00:44', 18, 1),
(492, 492, 55, '2024-03-13 16:00:44', 18, 1),
(493, 493, 55, '2024-09-24 13:00:44', 18, 1),
(494, 494, 55, '2024-05-25 07:00:44', 18, 1),
(495, 495, 55, '2024-03-31 12:00:44', 18, 1),
(496, 496, 55, '2024-05-18 12:00:44', 18, 1),
(497, 497, 55, '2024-03-22 11:00:44', 18, 1),
(498, 498, 55, '2025-02-12 08:00:44', 18, 1),
(510, 510, 16, '2024-07-07 16:00:44', 18, 1),
(511, 511, 15, '2025-01-05 11:00:44', 18, 1),
(512, 512, 15, '2024-11-19 11:00:44', 18, 1),
(513, 513, 16, '2024-12-14 16:00:44', 18, 1),
(514, 514, 16, '2024-06-06 08:00:44', 18, 1),
(515, 515, 15, '2024-11-06 10:00:44', 18, 1),
(516, 516, 16, '2024-07-17 09:00:44', 18, 1),
(517, 517, 15, '2024-12-02 13:00:44', 18, 1),
(518, 518, 15, '2024-11-15 14:00:44', 18, 1),
(519, 519, 16, '2024-08-11 15:00:44', 18, 1),
(520, 520, 16, '2025-01-11 12:00:44', 18, 1),
(521, 521, 15, '2024-05-08 15:00:44', 18, 1),
(522, 522, 15, '2024-08-24 10:00:44', 18, 1),
(523, 523, 15, '2024-05-22 08:00:44', 18, 1),
(524, 524, 15, '2024-11-17 08:00:44', 18, 1),
(525, 525, 16, '2024-06-22 09:00:44', 18, 1),
(541, 541, 14, '2024-05-19 12:00:44', 18, 1),
(542, 542, 14, '2024-04-03 09:00:44', 18, 1),
(543, 543, 10, '2024-09-07 15:00:44', 18, 1),
(544, 544, 10, '2024-12-21 16:00:44', 18, 1),
(545, 545, 10, '2024-08-03 12:00:44', 18, 1),
(546, 546, 10, '2024-09-15 07:00:44', 18, 1),
(547, 547, 38, '2024-05-29 15:00:44', 18, 1),
(548, 548, 38, '2024-09-08 09:00:44', 18, 1),
(549, 549, 14, '2024-09-02 17:00:44', 18, 1),
(550, 550, 14, '2024-10-28 16:00:44', 18, 1),
(551, 551, 10, '2024-11-22 16:00:44', 18, 1),
(552, 552, 10, '2024-10-21 10:00:44', 18, 1),
(553, 553, 10, '2024-07-20 08:00:44', 18, 1),
(554, 554, 10, '2024-07-03 07:00:44', 18, 1),
(555, 555, 38, '2024-11-23 09:00:44', 18, 1),
(556, 556, 38, '2024-09-28 11:00:44', 18, 1),
(557, 557, 14, '2024-04-27 07:00:44', 18, 1),
(558, 558, 10, '2024-09-07 12:00:44', 18, 1),
(559, 559, 10, '2024-05-25 13:00:44', 18, 1),
(560, 560, 38, '2024-08-30 16:00:44', 18, 1),
(572, 572, 10, '2024-04-12 16:00:44', 18, 1),
(573, 573, 10, '2024-08-24 08:00:44', 18, 1),
(574, 574, 14, '2025-01-10 10:00:44', 18, 1),
(575, 575, 10, '2024-12-15 08:00:44', 18, 1),
(576, 576, 10, '2024-03-21 12:00:44', 18, 1),
(577, 577, 10, '2024-10-30 11:00:44', 18, 1),
(578, 578, 14, '2025-02-01 09:00:44', 18, 1),
(579, 579, 14, '2024-06-09 08:00:44', 18, 1),
(580, 580, 10, '2024-11-02 11:00:44', 18, 1),
(581, 581, 10, '2024-03-28 13:00:44', 18, 1),
(582, 582, 14, '2024-04-12 16:00:44', 18, 1),
(583, 583, 10, '2024-05-29 09:00:44', 18, 1),
(584, 584, 14, '2024-07-04 15:00:44', 18, 1),
(585, 585, 10, '2024-03-31 10:00:44', 18, 1),
(586, 586, 10, '2024-05-24 07:00:44', 18, 1),
(587, 587, 10, '2024-07-20 08:00:44', 18, 1),
(588, 588, 14, '2024-03-16 11:00:44', 18, 1),
(618, 618, 24, '2024-03-14 15:00:44', 18, 1),
(619, 619, 24, '2024-03-21 12:00:44', 18, 1),
(620, 620, 24, '2024-08-30 09:00:44', 18, 1),
(621, 621, 24, '2024-11-13 07:00:44', 18, 1),
(622, 622, 24, '2024-10-26 14:00:44', 18, 1),
(623, 623, 24, '2025-01-13 15:00:44', 18, 1),
(624, 624, 14, '2024-07-30 13:00:44', 18, 1),
(625, 625, 24, '2024-12-15 10:00:44', 18, 1),
(626, 626, 24, '2024-03-15 17:00:44', 18, 1),
(627, 627, 24, '2024-07-16 12:00:44', 18, 1),
(628, 628, 24, '2024-09-18 17:00:44', 18, 1),
(629, 629, 24, '2024-12-28 09:00:44', 18, 1),
(630, 630, 24, '2024-09-06 16:00:44', 18, 1),
(631, 631, 14, '2024-04-24 15:00:44', 18, 1),
(632, 632, 24, '2025-01-28 10:00:44', 18, 1),
(633, 633, 24, '2024-12-05 10:00:44', 18, 1),
(634, 634, 24, '2024-03-17 16:00:44', 18, 1),
(635, 635, 24, '2024-11-14 07:00:44', 18, 1),
(636, 636, 24, '2024-12-19 07:00:44', 18, 1),
(637, 637, 14, '2024-10-19 17:00:44', 18, 1),
(668, 668, NULL, '2024-10-02 11:00:44', 18, 1),
(669, 669, NULL, '2024-05-19 15:00:44', 18, 1),
(680, 680, 8, '2024-09-21 07:00:44', 18, 1),
(681, 681, 8, '2024-07-28 07:00:44', 18, 1),
(682, 682, 8, '2024-08-30 11:00:44', 18, 1),
(683, 683, 8, '2024-09-12 09:00:44', 18, 1),
(684, 684, 8, '2024-08-01 11:00:44', 18, 1),
(685, 685, 8, '2025-01-27 11:00:44', 18, 1),
(686, 686, 8, '2024-06-14 11:00:44', 18, 1),
(687, 687, 8, '2024-03-17 13:00:44', 18, 1),
(688, 688, 8, '2025-02-15 12:00:44', 18, 1),
(689, 689, 28, '2024-10-25 10:00:44', 18, 1),
(690, 690, 28, '2024-08-16 16:00:44', 18, 1),
(691, 691, 28, '2024-10-12 13:00:44', 18, 1),
(692, 692, 28, '2024-07-05 14:00:44', 18, 1),
(693, 693, 28, '2024-11-25 11:00:44', 18, 1),
(694, 694, 28, '2024-11-04 11:00:44', 18, 1),
(695, 695, 44, '2025-03-02 16:00:44', 18, 1),
(696, 696, 44, '2024-11-14 17:00:44', 18, 1),
(697, 697, 44, '2024-04-24 12:00:44', 18, 1),
(698, 698, 44, '2024-05-18 13:00:44', 18, 1),
(699, 699, 44, '2024-08-18 17:00:44', 18, 1),
(700, 700, 44, '2024-11-15 13:00:44', 18, 1),
(711, 711, 15, '2024-03-20 08:00:44', 18, 1),
(712, 712, 15, '2024-06-28 08:00:44', 18, 1),
(713, 713, 15, '2024-08-18 11:00:44', 18, 1),
(714, 714, 15, '2024-11-11 11:00:44', 18, 1),
(715, 715, 15, '2024-12-25 14:00:44', 18, 1),
(716, 716, 15, '2024-03-19 15:00:44', 18, 1),
(717, 717, 15, '2024-06-19 11:00:44', 18, 1),
(726, 726, 8, '2025-03-09 14:00:44', 18, 1),
(727, 727, 8, '2024-08-26 13:00:44', 18, 1),
(728, 728, 8, '2024-12-21 11:00:44', 18, 1),
(729, 729, 8, '2024-11-13 11:00:44', 18, 1),
(730, 730, 8, '2025-01-05 13:00:44', 18, 1),
(731, 731, 56, '2024-09-22 12:00:44', 18, 1),
(732, 732, 56, '2024-12-09 14:00:44', 18, 1),
(733, 733, 56, '2024-08-10 17:00:44', 18, 1),
(734, 734, 8, '2024-05-12 11:00:44', 18, 1),
(735, 735, 8, '2024-08-26 12:00:44', 18, 1),
(736, 736, 8, '2024-06-10 10:00:44', 18, 1),
(737, 737, 8, '2024-10-15 07:00:44', 18, 1),
(738, 738, 56, '2024-04-18 11:00:44', 18, 1),
(739, 739, 56, '2024-10-21 14:00:44', 18, 1),
(740, 740, 8, '2024-11-20 11:00:44', 18, 1),
(741, 741, 56, '2024-11-27 08:00:44', 18, 1),
(742, 742, 56, '2024-06-30 08:00:44', 18, 1),
(757, 757, 14, '2024-07-23 15:00:44', 18, 1),
(758, 758, 14, '2024-06-07 13:00:44', 18, 1),
(759, 759, 14, '2024-06-27 15:00:44', 18, 1),
(760, 760, 14, '2024-08-23 13:00:44', 18, 1),
(761, 761, 14, '2025-02-02 16:00:44', 18, 1),
(762, 762, 14, '2024-03-15 11:00:44', 18, 1),
(763, 763, 14, '2024-04-20 10:00:44', 18, 1),
(764, 764, 14, '2025-02-26 08:00:44', 18, 1),
(765, 765, 14, '2024-07-20 15:00:44', 18, 1),
(766, 766, 14, '2024-05-09 17:00:44', 18, 1),
(767, 767, 14, '2024-12-29 08:00:44', 18, 1),
(768, 768, 14, '2025-01-07 11:00:44', 18, 1),
(769, 769, 14, '2024-09-05 10:00:44', 18, 1),
(770, 770, 14, '2025-01-12 15:00:44', 18, 1),
(772, 772, 16, '2024-10-17 14:00:44', 18, 1),
(773, 773, 16, '2025-01-21 14:00:44', 18, 1),
(774, 774, 16, '2024-03-18 16:00:44', 18, 1),
(775, 775, 16, '2024-10-04 12:00:44', 18, 1),
(776, 776, 16, '2024-10-19 10:00:44', 18, 1),
(777, 777, 16, '2024-08-24 14:00:44', 18, 1),
(778, 778, 16, '2024-05-19 17:00:44', 18, 1),
(779, 779, 16, '2024-09-04 13:00:44', 18, 1),
(780, 780, 16, '2024-09-16 13:00:44', 18, 1),
(781, 781, 16, '2024-09-03 15:00:44', 18, 1),
(782, 782, 57, '2024-09-01 08:00:44', 18, 1),
(783, 783, 57, '2024-12-05 16:00:44', 18, 1),
(784, 784, 57, '2024-11-19 07:00:44', 18, 1),
(785, 785, 57, '2024-09-21 08:00:44', 18, 1),
(786, 786, 57, '2025-01-18 11:00:44', 18, 1),
(787, 787, 57, '2024-09-17 09:00:44', 18, 1),
(788, 788, 57, '2024-05-03 12:00:44', 18, 1),
(789, 789, 57, '2024-04-19 17:00:44', 18, 1),
(790, 790, 57, '2024-11-20 12:00:44', 18, 1),
(791, 791, 16, '2024-06-23 17:00:44', 18, 1),
(792, 792, 57, '2024-05-06 09:00:44', 18, 1),
(803, 803, 15, '2024-07-20 12:00:44', 18, 1),
(804, 804, 15, '2024-08-11 11:00:44', 18, 1),
(805, 805, 15, '2024-12-07 07:00:44', 18, 1),
(806, 806, 15, '2024-07-18 17:00:44', 18, 1),
(807, 807, 15, '2024-03-17 17:00:44', 18, 1),
(808, 808, 15, '2024-05-07 10:00:44', 18, 1),
(809, 809, 15, '2024-12-23 07:00:44', 18, 1),
(810, 810, 15, '2024-09-23 09:00:44', 18, 1),
(811, 811, 15, '2024-05-07 12:00:44', 18, 1),
(812, 812, 15, '2024-04-18 07:00:44', 18, 1),
(813, 813, 15, '2024-10-15 17:00:44', 18, 1),
(814, 814, 15, '2024-07-29 09:00:44', 18, 1),
(815, 815, 15, '2025-02-10 16:00:44', 18, 1),
(816, 816, 15, '2024-03-24 10:00:44', 18, 1),
(817, 817, 15, '2024-07-27 09:00:44', 18, 1),
(818, 818, 15, '2025-01-24 07:00:44', 18, 1),
(819, 819, 12, '2024-05-27 16:00:44', 18, 1),
(820, 820, 12, '2024-05-03 15:00:44', 18, 1),
(821, 821, 12, '2025-01-11 13:00:44', 18, 1),
(822, 822, 12, '2024-11-02 07:00:44', 18, 1),
(823, 823, 15, '2024-11-29 09:00:44', 18, 1),
(824, 824, 15, '2025-01-23 07:00:44', 18, 1),
(825, 825, 15, '2024-04-04 12:00:44', 18, 1),
(826, 826, 15, '2024-08-10 12:00:44', 18, 1),
(834, 834, 16, '2024-07-13 16:00:44', 18, 1),
(835, 835, 16, '2024-11-26 16:00:44', 18, 1),
(836, 836, 16, '2024-08-26 07:00:44', 18, 1),
(837, 837, 16, '2024-07-10 08:00:44', 18, 1),
(838, 838, 16, '2024-05-12 14:00:44', 18, 1),
(839, 839, 16, '2024-06-05 16:00:44', 18, 1),
(840, 840, 16, '2025-02-24 13:00:44', 18, 1),
(841, 841, 16, '2024-04-21 13:00:44', 18, 1),
(842, 842, 16, '2024-09-14 13:00:44', 18, 1),
(843, 843, 28, '2024-11-19 16:00:44', 18, 1),
(844, 844, 28, '2024-10-05 12:00:44', 18, 1),
(845, 845, 28, '2024-10-11 11:00:44', 18, 1),
(846, 846, 28, '2024-03-22 12:00:44', 18, 1),
(847, 847, 28, '2024-06-27 17:00:44', 18, 1),
(848, 848, 28, '2024-07-15 11:00:44', 18, 1),
(849, 849, 28, '2025-01-26 10:00:44', 18, 1),
(850, 850, 28, '2024-10-11 17:00:44', 18, 1),
(851, 851, 28, '2024-06-13 14:00:44', 18, 1),
(852, 852, 28, '2024-10-16 16:00:44', 18, 1),
(853, 853, 28, '2024-04-03 09:00:44', 18, 1),
(854, 854, 28, '2025-01-04 10:00:44', 18, 1),
(855, 855, 28, '2024-03-13 07:00:44', 18, 1),
(856, 856, 28, '2024-11-30 09:00:44', 18, 1),
(857, 857, 28, '2024-11-16 16:00:44', 18, 1),
(858, 858, 28, '2024-09-07 16:00:44', 18, 1),
(859, 859, 14, '2024-05-22 11:00:44', 18, 1),
(860, 860, 52, '2024-07-02 09:00:44', 18, 1),
(861, 861, 14, '2024-04-18 16:00:44', 18, 1),
(863, 863, 17, '2024-05-17 11:00:44', 18, 1),
(864, 864, 17, '2024-09-29 08:00:44', 18, 1),
(865, 865, 17, '2025-01-15 12:00:44', 18, 1),
(866, 866, 17, '2024-05-14 15:00:44', 18, 1),
(867, 867, 17, '2024-11-11 10:00:44', 18, 1),
(868, 868, 17, '2024-05-17 17:00:44', 18, 1),
(869, 869, 17, '2024-08-25 14:00:44', 18, 1),
(870, 870, 17, '2024-03-30 13:00:44', 18, 1),
(871, 871, 17, '2025-01-11 17:00:44', 18, 1),
(872, 872, 17, '2024-09-06 13:00:44', 18, 1),
(873, 873, NULL, '2024-12-21 11:00:44', 18, 1),
(874, 874, NULL, '2024-08-05 13:00:44', 18, 1),
(875, 875, NULL, '2024-10-29 17:00:44', 18, 1),
(876, 876, NULL, '2024-08-13 07:00:44', 18, 1),
(877, 877, NULL, '2024-07-17 07:00:44', 18, 1),
(878, 878, NULL, '2025-01-09 15:00:44', 18, 1),
(879, 879, NULL, '2024-11-19 09:00:44', 18, 1),
(880, 880, NULL, '2024-10-31 07:00:44', 18, 1),
(881, 881, NULL, '2025-02-22 08:00:44', 18, 1),
(882, 882, NULL, '2024-07-23 14:00:44', 18, 1),
(883, 883, 17, '2024-08-04 16:00:44', 18, 1),
(884, 884, 17, '2024-06-18 17:00:44', 18, 1),
(885, 885, 17, '2024-09-25 12:00:44', 18, 1),
(886, 886, 17, '2025-01-27 08:00:44', 18, 1),
(887, 887, 17, '2025-01-21 11:00:44', 18, 1),
(888, 888, 17, '2024-09-12 10:00:44', 18, 1),
(889, 889, 17, '2025-01-07 16:00:44', 18, 1),
(890, 890, 17, '2024-05-05 13:00:44', 18, 1),
(891, 891, 42, '2024-08-09 07:00:44', 18, 1),
(892, 892, 42, '2024-09-18 09:00:44', 18, 1),
(893, 893, 42, '2024-05-20 10:00:44', 18, 1),
(894, 894, 42, '2025-02-26 10:00:44', 18, 1),
(922, 922, 14, '2024-10-16 08:00:44', 18, 1),
(923, 923, 14, '2024-11-22 09:00:44', 18, 1),
(924, 924, 14, '2025-02-06 16:00:44', 18, 1),
(925, 925, 52, '2024-03-12 11:00:44', 18, 1),
(926, 926, 52, '2025-01-21 11:00:44', 18, 1),
(927, 927, 52, '2024-08-11 14:00:44', 18, 1),
(928, 928, 52, '2024-05-12 07:00:44', 18, 1),
(929, 929, 52, '2024-08-20 15:00:44', 18, 1),
(930, 930, 14, '2025-01-29 10:00:44', 18, 1),
(931, 931, 14, '2025-01-30 14:00:44', 18, 1),
(932, 932, 14, '2025-02-04 11:00:44', 18, 1),
(933, 933, 14, '2024-05-08 17:00:44', 18, 1),
(934, 934, 14, '2025-02-05 14:00:44', 18, 1),
(935, 935, 52, '2024-12-19 07:00:44', 18, 1),
(936, 936, 52, '2024-10-10 07:00:44', 18, 1),
(937, 937, 52, '2024-04-28 10:00:44', 18, 1),
(938, 938, 52, '2024-06-02 07:00:44', 18, 1),
(939, 939, 52, '2024-04-28 09:00:44', 18, 1),
(940, 940, 52, '2024-08-15 08:00:44', 18, 1),
(941, 941, 64, '2024-03-21 12:00:44', 18, 1),
(942, 942, 64, '2024-10-23 12:00:44', 18, 1),
(943, 943, 64, '2024-09-23 15:00:44', 18, 1),
(944, 944, 64, '2024-10-27 13:00:44', 18, 1),
(945, 945, 64, '2024-05-08 11:00:44', 18, 1),
(946, 946, 64, '2024-07-16 17:00:44', 18, 1),
(947, 947, 14, '2024-05-06 10:00:44', 18, 1),
(948, 948, 14, '2024-12-21 07:00:44', 18, 1),
(949, 949, 14, '2024-08-21 14:00:44', 18, 1),
(950, 950, 14, '2024-08-31 14:00:44', 18, 1),
(951, 951, 14, '2024-03-13 16:00:44', 18, 1),
(952, 952, 14, '2025-01-12 10:00:44', 18, 1),
(953, 953, 63, '2025-02-18 10:00:44', 18, 1),
(954, 954, 63, '2024-07-17 08:00:44', 18, 1),
(955, 955, 63, '2024-05-20 13:00:44', 18, 1),
(956, 956, 63, '2024-09-07 15:00:44', 18, 1),
(957, 957, 63, '2024-10-26 12:00:44', 18, 1),
(958, 958, 63, '2024-09-09 17:00:44', 18, 1),
(959, 959, 14, '2025-01-03 08:00:44', 18, 1),
(960, 960, 14, '2024-03-18 13:00:44', 18, 1),
(985, 985, 6, '2024-03-11 09:00:44', 18, 1),
(986, 986, 6, '2025-01-15 07:00:44', 18, 1),
(987, 987, 18, '2024-05-02 08:00:44', 18, 1),
(988, 988, 18, '2024-04-06 10:00:44', 18, 1),
(989, 989, 6, '2024-04-05 13:00:44', 18, 1),
(990, 990, 18, '2024-11-15 14:00:44', 18, 1),
(991, 991, 6, '2024-07-06 09:00:44', 18, 1),
(992, 992, 6, '2025-02-23 13:00:44', 18, 1),
(993, 993, 6, '2024-06-16 17:00:44', 18, 1),
(994, 994, 6, '2024-08-26 16:00:44', 18, 1),
(995, 995, 6, '2024-07-11 15:00:44', 18, 1),
(996, 996, 6, '2024-05-24 14:00:44', 18, 1),
(997, 997, 6, '2025-01-15 13:00:44', 18, 1),
(998, 998, 6, '2024-07-09 12:00:44', 18, 1),
(999, 999, 6, '2024-10-10 13:00:44', 18, 1),
(1000, 1000, 6, '2024-04-29 12:00:44', 18, 1),
(1001, 1001, 18, '2024-06-30 08:00:44', 18, 1),
(1002, 1002, 18, '2024-10-11 15:00:44', 18, 1),
(1003, 1003, 18, '2024-07-24 16:00:44', 18, 1),
(1004, 1004, 15, '2024-12-14 14:00:44', 18, 1),
(1005, 1005, 15, '2024-05-07 07:00:44', 18, 1),
(1006, 1006, 15, '2024-04-17 09:00:44', 18, 1),
(1016, 1016, 14, '2024-09-19 14:00:44', 18, 1),
(1017, 1017, 14, '2024-04-05 14:00:44', 18, 1),
(1018, 1018, 14, '2024-10-15 08:00:44', 18, 1),
(1019, 1019, 14, '2024-11-30 08:00:44', 18, 1),
(1020, 1020, 19, '2024-07-22 16:00:44', 18, 1),
(1021, 1021, 15, '2024-07-31 10:00:44', 18, 1),
(1022, 1022, 62, '2024-04-25 10:00:44', 18, 1),
(1023, 1023, 52, '2025-01-19 14:00:44', 18, 1),
(1033, 862, 19, '2024-05-30 17:00:44', 18, 1),
(1034, 302, NULL, '2024-08-07 17:00:44', 18, 1),
(1035, 303, NULL, '2024-12-23 07:00:44', 18, 1),
(1036, 304, NULL, '2024-06-10 12:00:44', 18, 1),
(1037, 305, NULL, '2024-11-08 08:00:44', 18, 1),
(1038, 306, NULL, '2024-07-15 16:00:44', 18, 1),
(1039, 307, NULL, '2024-10-19 10:00:44', 18, 1),
(1040, 308, NULL, '2024-08-20 15:00:44', 18, 1),
(1041, 309, NULL, '2025-03-02 17:00:44', 18, 1),
(1042, 900, NULL, '2024-09-16 14:00:44', 18, 1),
(1043, 901, NULL, '2024-04-09 13:00:44', 18, 1),
(1044, 902, NULL, '2025-01-19 17:00:44', 18, 1),
(1045, 905, NULL, '2024-10-21 07:00:44', 18, 1),
(1061, 271, NULL, '2025-02-18 08:00:44', 18, 1),
(1062, 272, NULL, '2024-07-25 14:00:44', 18, 1),
(1063, 273, NULL, '2024-10-22 17:00:44', 18, 1),
(1064, 274, NULL, '2024-07-12 11:00:44', 18, 1),
(1065, 312, NULL, '2025-01-14 12:00:44', 18, 1),
(1066, 313, NULL, '2024-03-29 10:00:44', 18, 1),
(1067, 314, NULL, '2024-07-09 11:00:44', 18, 1),
(1068, 315, NULL, '2025-01-04 13:00:44', 18, 1),
(1069, 316, NULL, '2024-10-12 10:00:44', 18, 1),
(1070, 317, NULL, '2024-12-29 08:00:44', 18, 1),
(1071, 318, NULL, '2025-02-26 15:00:44', 18, 1),
(1072, 319, NULL, '2024-04-15 08:00:44', 18, 1),
(1073, 320, NULL, '2024-05-09 16:00:44', 18, 1),
(1075, 903, NULL, '2024-05-18 12:00:44', 18, 1),
(1076, 904, NULL, '2024-04-17 08:00:44', 18, 1),
(1077, 906, NULL, '2024-06-02 13:00:44', 18, 1),
(1078, 16, 14, '2024-08-19 07:00:44', 18, 1),
(1079, 18, 14, '2024-07-06 08:00:44', 18, 1),
(1080, 20, 14, '2024-05-02 15:00:44', 18, 1),
(1082, 17, 18, '2024-12-31 14:00:44', 18, 1),
(1083, 19, 18, '2024-04-10 12:00:44', 18, 1),
(1084, 21, 18, '2024-06-22 08:00:44', 18, 1),
(1086, 896, NULL, '2024-10-21 13:00:44', 18, 1),
(1087, 898, NULL, '2024-04-27 12:00:44', 18, 1),
(1088, 897, NULL, '2025-02-08 15:00:44', 18, 1),
(1089, 899, NULL, '2024-06-09 11:00:44', 18, 1),
(1090, 603, NULL, '2024-08-16 15:00:44', 18, 1),
(1091, 604, NULL, '2025-03-11 15:00:44', 18, 1),
(1092, 605, NULL, '2024-04-17 08:00:44', 18, 1),
(1093, 606, NULL, '2025-02-09 17:00:44', 18, 1),
(1094, 607, NULL, '2024-09-30 11:00:44', 18, 1),
(1095, 608, NULL, '2024-06-28 10:00:44', 18, 1),
(1096, 609, NULL, '2024-11-06 16:00:44', 18, 1),
(1097, 610, NULL, '2025-01-10 10:00:44', 18, 1),
(1098, 611, NULL, '2025-02-11 11:00:44', 18, 1),
(1099, 612, NULL, '2024-03-27 12:00:44', 18, 1),
(1100, 613, NULL, '2024-09-22 17:00:44', 18, 1),
(1101, 1024, 19, '2024-12-04 12:00:44', 18, 1),
(1102, 1025, 19, '2024-04-26 15:00:44', 18, 1),
(1152, 1044, NULL, '2024-12-23 15:00:44', 18, 1),
(1153, 1049, NULL, '2025-01-04 13:00:44', 18, 1),
(1154, 1031, NULL, '2024-08-29 15:00:44', 18, 1),
(1155, 1032, NULL, '2024-09-21 16:00:44', 18, 1),
(1156, 1033, NULL, '2025-02-04 15:00:44', 18, 1),
(1157, 1034, NULL, '2024-08-04 14:00:44', 18, 1),
(1158, 1035, NULL, '2024-08-28 14:00:44', 18, 1),
(1159, 1036, NULL, '2024-05-30 16:00:44', 18, 1),
(1160, 1037, NULL, '2025-03-11 11:00:44', 18, 1),
(1163, 1042, NULL, '2024-03-13 15:00:44', 18, 1),
(1164, 1045, NULL, '2024-04-22 08:00:44', 18, 1),
(1165, 1046, NULL, '2024-04-23 07:00:44', 18, 1),
(1168, 1043, NULL, '2024-05-21 15:00:44', 18, 1),
(1169, 1047, NULL, '2024-11-10 11:00:44', 18, 1),
(1170, 1048, NULL, '2025-02-18 07:00:44', 18, 1),
(1171, 1050, NULL, '2025-01-31 11:00:44', 18, 1),
(1172, 1051, NULL, '2024-09-04 12:00:44', 18, 1),
(1183, 1062, 65, '2024-05-21 13:00:44', 18, 1),
(1184, 1063, 65, '2024-06-28 14:00:44', 18, 1),
(1185, 1064, NULL, '2025-02-09 12:00:44', 18, 1),
(1186, 1065, NULL, '2024-12-17 14:00:44', 18, 1),
(1191, 1070, 65, '2024-07-12 10:00:44', 18, 1),
(1192, 1071, 65, '2024-09-09 13:00:44', 18, 1),
(1193, 1072, 65, '2024-08-16 17:00:44', 18, 1),
(1258, 1094, 19, '2024-12-10 10:00:44', 18, 1),
(1259, 1095, 19, '2024-07-19 11:00:44', 18, 1),
(1260, 1096, 19, '2024-03-17 15:00:44', 18, 1),
(1261, 1097, 19, '2024-04-22 08:00:44', 18, 1),
(1262, 1098, 19, '2024-03-30 11:00:44', 18, 1),
(1263, 1099, 19, '2025-02-16 08:00:44', 18, 1),
(1264, 1100, 19, '2024-07-19 14:00:44', 18, 1),
(1265, 1101, 19, '2024-07-10 09:00:44', 18, 1),
(1266, 1102, 19, '2024-04-10 07:00:44', 18, 1),
(1267, 1103, 19, '2024-10-03 07:00:44', 18, 1),
(1268, 1104, 19, '2024-03-11 15:00:44', 18, 1),
(1269, 1105, 65, '2025-02-14 16:00:44', 18, 1),
(1270, 1106, 65, '2024-11-21 15:00:44', 18, 1),
(1271, 1107, 65, '2025-01-24 09:00:44', 18, 1),
(1272, 1108, 65, '2024-07-08 15:00:44', 18, 1),
(1273, 1109, 65, '2024-07-04 09:00:44', 18, 1),
(1274, 1110, 65, '2024-04-05 07:00:44', 18, 1),
(1275, 1111, 19, '2024-08-17 13:00:44', 18, 1),
(1276, 1112, 19, '2024-11-16 15:00:44', 18, 1),
(1277, 1113, 19, '2024-04-15 09:00:44', 18, 1),
(1278, 1114, 19, '2024-11-07 07:00:44', 18, 1),
(1279, 1115, 19, '2024-11-05 12:00:44', 18, 1),
(1280, 1116, 65, '2024-09-10 17:00:44', 18, 1),
(1281, 1117, 65, '2024-10-27 17:00:44', 18, 1),
(1282, 1118, 65, '2024-08-24 17:00:44', 18, 1),
(1283, 1119, 65, '2025-02-22 11:00:44', 18, 1),
(1284, 1120, 65, '2024-03-20 13:00:44', 18, 1),
(1285, 1121, 19, '2025-01-23 15:00:44', 18, 1),
(1286, 1122, 19, '2024-07-11 16:00:44', 18, 1),
(1287, 1123, 19, '2024-09-15 15:00:44', 18, 1),
(1288, 1124, 19, '2024-12-12 17:00:44', 18, 1),
(1289, 1125, 19, '2024-12-13 09:00:44', 18, 1),
(1290, 1126, 65, '2024-10-09 11:00:44', 18, 1),
(1291, 1127, 65, '2024-06-04 13:00:44', 18, 1),
(1292, 1128, 65, '2024-05-21 08:00:44', 18, 1),
(1293, 1129, 65, '2024-10-06 13:00:44', 18, 1),
(1294, 1130, 65, '2024-05-07 10:00:44', 18, 1),
(1321, 1173, 19, '2024-12-22 07:00:44', 18, 1),
(1322, 1174, 19, '2024-09-02 12:00:44', 18, 1),
(1323, 1175, 19, '2024-04-01 09:00:44', 18, 1),
(1324, 1176, 19, '2024-12-14 13:00:44', 18, 1),
(1352, 1177, 65, '2025-02-24 13:00:44', 18, 1),
(1353, 1178, 65, '2024-07-31 11:00:44', 18, 1),
(1354, 1179, 65, '2024-12-02 08:00:44', 18, 1),
(1355, 1180, 65, '2024-07-10 07:00:44', 18, 1),
(1356, 1181, 65, '2024-12-07 08:00:44', 18, 1),
(1357, 1182, 65, '2024-04-24 17:00:44', 18, 1),
(1358, 1183, 65, '2024-10-29 16:00:44', 18, 1),
(1359, 1184, 65, '2025-03-01 14:00:44', 18, 1),
(1360, 1185, 65, '2024-12-18 08:00:44', 18, 1),
(1361, 1186, 65, '2025-02-03 07:00:44', 18, 1),
(1362, 1187, 65, '2024-05-22 17:00:44', 18, 1),
(1363, 1188, 65, '2024-11-01 17:00:44', 18, 1),
(1364, 1189, 65, '2024-08-16 07:00:44', 18, 1),
(1365, 1190, 65, '2024-08-17 14:00:44', 18, 1),
(1366, 1191, 65, '2024-07-20 09:00:44', 18, 1),
(1367, 1192, 65, '2025-02-03 16:00:44', 18, 1),
(1398, 1207, 10, '2025-01-26 17:00:44', 18, 1),
(1399, 1204, 10, '2024-10-27 07:00:44', 18, 1),
(1400, 1225, 10, '2024-03-20 16:00:44', 18, 1),
(1401, 1222, 10, '2025-01-02 12:00:44', 18, 1),
(1402, 1219, 10, '2024-06-08 11:00:44', 18, 1),
(1403, 1216, 10, '2024-07-09 09:00:44', 18, 1),
(1404, 1213, 10, '2024-03-29 08:00:44', 18, 1),
(1405, 1210, 10, '2025-03-05 13:00:44', 18, 1),
(1406, 1243, 65, '2024-06-03 08:00:44', 18, 1),
(1407, 1240, 65, '2024-09-21 16:00:44', 18, 1),
(1408, 1237, 65, '2024-03-20 09:00:44', 18, 1),
(1409, 1234, 65, '2024-11-21 15:00:44', 18, 1),
(1410, 1231, 65, '2024-03-24 12:00:44', 18, 1),
(1411, 1228, 65, '2024-08-01 12:00:44', 18, 1),
(1413, 1246, NULL, '2024-04-21 15:00:44', 18, 1),
(1414, 1247, NULL, '2024-10-19 12:00:44', 18, 1),
(1415, 1248, NULL, '2024-09-23 15:00:44', 18, 1),
(1416, 1249, NULL, '2024-12-05 08:00:44', 18, 1),
(1417, 1250, NULL, '2024-05-12 15:00:44', 18, 1),
(1418, 1251, NULL, '2024-10-10 15:00:44', 18, 1),
(1419, 1252, NULL, '2024-10-06 17:00:44', 18, 1),
(1420, 1253, NULL, '2024-11-01 07:00:44', 18, 1),
(1425, 1262, NULL, '2024-03-31 14:00:44', 18, 1),
(1426, 1263, NULL, '2024-06-06 14:00:44', 18, 1),
(1427, 1264, NULL, '2024-04-02 15:00:44', 18, 1),
(1428, 1265, NULL, '2025-03-01 16:00:44', 18, 1),
(1429, 1266, NULL, '2025-02-20 15:00:44', 18, 1),
(1430, 1267, NULL, '2024-06-16 10:00:44', 18, 1),
(1431, 1268, NULL, '2024-09-07 12:00:44', 18, 1),
(1432, 1283, NULL, '2025-03-06 13:00:44', 18, 1),
(1433, 1284, NULL, '2024-06-23 17:00:44', 18, 1),
(1434, 1285, NULL, '2024-10-02 11:00:44', 18, 1),
(1435, 1286, NULL, '2024-04-17 08:00:44', 18, 1),
(1445, 1254, NULL, '2025-01-17 09:00:44', 18, 1),
(1446, 1255, NULL, '2024-07-07 14:00:44', 18, 1),
(1447, 1256, NULL, '2024-08-30 12:00:44', 18, 1),
(1448, 1257, NULL, '2024-03-16 11:00:44', 18, 1),
(1449, 1258, NULL, '2024-03-14 15:00:44', 18, 1),
(1450, 1259, NULL, '2024-04-04 10:00:44', 18, 1),
(1451, 1260, NULL, '2024-05-07 09:00:44', 18, 1),
(1452, 1261, NULL, '2024-07-19 12:00:44', 18, 1),
(1457, 1269, NULL, '2024-07-23 13:00:44', 18, 1),
(1458, 1270, NULL, '2024-12-12 10:00:44', 18, 1),
(1459, 1271, NULL, '2024-03-29 15:00:44', 18, 1),
(1460, 1272, NULL, '2024-05-11 17:00:44', 18, 1),
(1461, 1273, NULL, '2024-11-24 13:00:44', 18, 1),
(1462, 1274, NULL, '2025-02-20 12:00:44', 18, 1),
(1463, 1275, NULL, '2024-10-28 10:00:44', 18, 1),
(1464, 1287, NULL, '2024-09-08 13:00:44', 18, 1),
(1465, 1288, NULL, '2024-12-06 14:00:44', 18, 1),
(1466, 1289, NULL, '2024-10-13 08:00:44', 18, 1),
(1467, 1290, NULL, '2024-10-02 15:00:44', 18, 1),
(1471, 1276, NULL, '2024-07-21 16:00:44', 18, 1),
(1472, 1277, NULL, '2025-01-04 11:00:44', 18, 1),
(1473, 1278, NULL, '2024-07-07 07:00:44', 18, 1),
(1474, 1279, NULL, '2024-12-13 07:00:44', 18, 1),
(1475, 1280, NULL, '2024-09-11 10:00:44', 18, 1),
(1476, 1281, NULL, '2024-12-18 08:00:44', 18, 1),
(1477, 1282, NULL, '2024-05-05 17:00:44', 18, 1),
(1478, 1291, NULL, '2025-02-03 14:00:44', 18, 1),
(1479, 1292, NULL, '2024-12-09 08:00:44', 18, 1),
(1480, 1293, NULL, '2024-04-19 07:00:44', 18, 1),
(1481, 1294, NULL, '2024-07-05 09:00:44', 18, 1),
(1540, 1295, 18, '2024-03-27 08:00:44', 18, 1),
(1541, 1296, 18, '2025-02-26 13:00:44', 18, 1),
(1542, 1297, 18, '2025-02-17 11:00:44', 18, 1),
(1543, 1298, 18, '2024-05-13 17:00:44', 18, 1),
(1544, 1299, 18, '2025-01-06 07:00:44', 18, 1),
(1545, 1300, 18, '2024-04-27 08:00:44', 18, 1),
(1546, 1301, 18, '2024-03-14 13:00:44', 18, 1),
(1547, 1302, 18, '2024-03-19 08:00:44', 18, 1),
(1548, 1303, 18, '2024-07-05 07:00:44', 18, 1),
(1549, 1304, 18, '2025-01-11 14:00:44', 18, 1),
(1550, 1305, 18, '2024-04-09 13:00:44', 18, 1),
(1551, 1306, 18, '2025-02-19 13:00:44', 18, 1),
(1552, 1307, 18, '2024-06-18 16:00:44', 18, 1),
(1553, 1308, 18, '2024-11-08 17:00:44', 18, 1),
(1554, 1309, 18, '2024-04-25 11:00:44', 18, 1),
(1555, 1310, 53, '2024-08-07 13:00:44', 18, 1),
(1556, 1311, 53, '2024-10-27 17:00:44', 18, 1),
(1557, 1312, 53, '2024-06-22 14:00:44', 18, 1),
(1558, 1313, 30, '2024-11-26 11:00:44', 18, 1),
(1559, 1314, 30, '2025-03-10 16:00:44', 18, 1),
(1560, 1315, 30, '2024-09-26 13:00:44', 18, 1),
(1561, 1316, 53, '2024-07-20 11:00:44', 18, 1),
(1562, 1317, 53, '2025-02-18 08:00:44', 18, 1),
(1563, 1318, 53, '2024-11-06 11:00:44', 18, 1),
(1564, 1319, 18, '2024-03-22 14:00:44', 18, 1),
(1565, 1320, 18, '2024-11-07 15:00:44', 18, 1),
(1566, 1321, 18, '2024-06-20 11:00:44', 18, 1),
(1567, 1322, 18, '2024-07-02 10:00:44', 18, 1),
(1568, 1323, 18, '2024-07-24 08:00:44', 18, 1),
(1569, 1324, 18, '2024-06-03 11:00:44', 18, 1),
(1570, 1325, 30, '2024-04-01 11:00:44', 18, 1),
(1571, 1326, 30, '2024-03-12 16:00:44', 18, 1),
(1572, 1327, 30, '2024-09-27 13:00:44', 18, 1),
(1573, 1328, 18, '2024-08-03 09:00:44', 18, 1),
(1574, 1329, 18, '2024-10-14 10:00:44', 18, 1),
(1603, 230, 16, '2024-12-10 11:00:44', 18, 1),
(1604, 231, 16, '2025-01-30 11:00:44', 18, 1),
(1605, 232, 16, '2024-05-12 16:00:44', 18, 1),
(1606, 233, 16, '2024-05-27 11:00:44', 18, 1),
(1607, 234, 16, '2024-08-28 12:00:44', 18, 1),
(1608, 235, 16, '2025-02-21 14:00:44', 18, 1),
(1609, 236, 16, '2025-01-18 15:00:44', 18, 1),
(1610, 237, 16, '2024-12-10 07:00:44', 18, 1),
(1611, 238, 16, '2024-10-01 07:00:44', 18, 1),
(1612, 239, 8, '2025-01-25 10:00:44', 18, 1),
(1613, 240, 16, '2024-10-31 15:00:44', 18, 1),
(1614, 241, 16, '2024-06-22 10:00:44', 18, 1),
(1615, 242, 8, '2024-10-05 09:00:44', 18, 1),
(1616, 243, 8, '2024-07-01 16:00:44', 18, 1),
(1617, 244, 8, '2024-11-15 17:00:44', 18, 1),
(1618, 245, 8, '2024-05-28 08:00:44', 18, 1),
(1619, 246, 16, '2025-02-04 09:00:44', 18, 1),
(1620, 247, 16, '2024-06-12 08:00:44', 18, 1),
(1621, 248, 8, '2024-11-16 09:00:44', 18, 1),
(1622, 249, 8, '2024-12-11 12:00:44', 18, 1),
(1623, 250, 16, '2024-05-08 14:00:44', 18, 1),
(1624, 251, 8, '2024-05-26 17:00:44', 18, 1),
(1625, 252, 16, '2024-09-24 11:00:44', 18, 1),
(1626, 253, 8, '2024-07-20 17:00:44', 18, 1),
(1627, 254, 8, '2025-02-24 09:00:44', 18, 1),
(1628, 255, 16, '2025-03-11 10:00:44', 18, 1),
(1634, 649, 16, '2024-07-20 09:00:44', 18, 1),
(1635, 650, 16, '2025-01-05 09:00:44', 18, 1),
(1636, 651, 16, '2024-07-27 11:00:44', 18, 1),
(1637, 652, 16, '2024-12-28 15:00:44', 18, 1),
(1638, 653, 16, '2024-12-23 15:00:44', 18, 1),
(1639, 654, 16, '2024-11-29 07:00:44', 18, 1),
(1640, 655, 16, '2024-10-19 16:00:44', 18, 1),
(1641, 656, 16, '2024-04-10 08:00:44', 18, 1),
(1642, 657, 16, '2024-04-18 08:00:44', 18, 1),
(1643, 658, 28, '2024-06-01 13:00:44', 18, 1),
(1644, 659, 28, '2024-07-05 13:00:44', 18, 1),
(1645, 660, 28, '2024-03-14 08:00:44', 18, 1),
(1646, 661, 28, '2024-06-30 07:00:44', 18, 1),
(1647, 662, 28, '2024-11-20 10:00:44', 18, 1),
(1648, 663, 28, '2024-09-07 14:00:44', 18, 1),
(1649, 664, 28, '2024-04-15 12:00:44', 18, 1),
(1650, 665, 28, '2024-08-07 13:00:44', 18, 1),
(1651, 666, 28, '2025-01-25 16:00:44', 18, 1),
(1652, 895, 28, '2025-03-05 11:00:44', 18, 1),
(1653, 667, 28, '2024-12-29 14:00:44', 18, 1),
(1654, 1038, 28, '2024-08-01 08:00:44', 18, 1),
(1655, 1039, NULL, '2024-06-07 11:00:44', 18, 1),
(1656, 1040, 28, '2024-03-19 12:00:44', 18, 1),
(1657, 1041, NULL, '2024-06-15 07:00:44', 18, 1);

--
-- Déchargement des données de la table `CLASS_session_type_to_be_affected`
--

INSERT INTO `CLASS_session_type_to_be_affected` (`id_type_seance_to_be_affected`, `id_module_sequencage`, `id_groupe`) VALUES
(22, 1, 1),
(23, 1, 12),
(24, 1, 15),
(294, 1, 58),
(295, 1, 62),
(25, 2, 4),
(26, 2, 13),
(27, 2, 16),
(28, 2, 17),
(29, 2, 18),
(296, 2, 59),
(297, 2, 63),
(298, 2, 64),
(30, 3, 7),
(31, 3, 8),
(32, 3, 14),
(33, 3, 19),
(34, 3, 20),
(35, 3, 21),
(36, 3, 22),
(37, 3, 23),
(38, 3, 24),
(299, 3, 60),
(300, 3, 61),
(301, 3, 65),
(302, 3, 66),
(303, 3, 67),
(304, 3, 68),
(119, 4, 2),
(120, 5, 5),
(122, 6, 9),
(123, 6, 10),
(121, 7, 5),
(61, 8, 1),
(62, 9, 4),
(63, 10, 7),
(64, 10, 8),
(77, 11, 4),
(76, 12, 4),
(75, 13, 4),
(74, 14, 4),
(73, 15, 4),
(57, 16, 1),
(58, 17, 4),
(59, 18, 7),
(60, 18, 8),
(118, 19, 2),
(134, 20, 2),
(136, 21, 5),
(9, 22, 1),
(10, 22, 12),
(11, 22, 15),
(286, 22, 58),
(287, 22, 62),
(12, 23, 4),
(13, 23, 13),
(14, 23, 16),
(15, 23, 17),
(16, 23, 18),
(288, 23, 59),
(289, 23, 63),
(290, 23, 64),
(17, 24, 4),
(18, 24, 13),
(19, 24, 16),
(20, 24, 17),
(21, 24, 18),
(291, 24, 59),
(292, 24, 63),
(293, 24, 64),
(49, 25, 1),
(50, 26, 4),
(51, 27, 7),
(52, 27, 8),
(104, 28, 2),
(105, 29, 9),
(106, 29, 10),
(107, 30, 2),
(108, 31, 5),
(109, 32, 5),
(111, 33, 5),
(110, 34, 2),
(112, 35, 2),
(113, 36, 5),
(114, 37, 9),
(115, 37, 10),
(116, 38, 2),
(117, 39, 2),
(125, 40, 2),
(126, 41, 5),
(127, 42, 9),
(128, 42, 10),
(129, 43, 2),
(130, 44, 2),
(131, 45, 5),
(132, 46, 9),
(133, 46, 10),
(135, 47, 2),
(137, 48, 3),
(138, 49, 6),
(139, 50, 6),
(140, 51, 3),
(142, 52, 6),
(141, 53, 6),
(143, 54, 3),
(144, 55, 6),
(145, 56, 11),
(146, 57, 3),
(147, 58, 6),
(148, 59, 11),
(149, 60, 11),
(150, 61, 11),
(78, 62, 2),
(79, 63, 9),
(80, 63, 10),
(81, 64, 2),
(82, 65, 5),
(83, 66, 5),
(84, 67, 9),
(85, 67, 10),
(86, 68, 2),
(87, 69, 5),
(88, 70, 9),
(89, 70, 10),
(90, 71, 2),
(91, 72, 2),
(92, 73, 5),
(93, 74, 5),
(94, 75, 2),
(95, 76, 5),
(96, 77, 5),
(97, 78, 2),
(98, 79, 5),
(99, 80, 2),
(100, 81, 5),
(101, 82, 5),
(102, 83, 9),
(103, 83, 10),
(65, 84, 1),
(66, 85, 4),
(67, 86, 7),
(68, 86, 8),
(69, 87, 1),
(70, 88, 4),
(71, 89, 7),
(72, 89, 8),
(39, 90, 1),
(40, 90, 12),
(41, 90, 15),
(305, 90, 58),
(306, 90, 62),
(124, 91, 2),
(1, 92, 32),
(2, 93, 33),
(3, 93, 34),
(42, 94, 39),
(43, 95, 40),
(44, 95, 41),
(45, 96, 42),
(46, 96, 43),
(47, 96, 44),
(48, 96, 45),
(4, 97, 35),
(5, 97, 36),
(6, 97, 37),
(7, 97, 38),
(8, 98, 32),
(53, 99, 1),
(54, 100, 4),
(55, 101, 7),
(56, 101, 8),
(264, 102, 46),
(256, 103, 14),
(258, 104, 48),
(259, 104, 49),
(260, 105, 50),
(261, 105, 51),
(262, 105, 52),
(263, 105, 53),
(257, 106, 47),
(272, 109, 54),
(273, 110, 56),
(274, 110, 57),
(279, 111, 29),
(280, 112, 30),
(281, 113, 31);

--
-- Déchargement des données de la table `CLASS_session_type_to_be_affected_as_enseignant`
--

INSERT INTO `CLASS_session_type_to_be_affected_as_enseignant` (`id_type_seance_to_be_affected_as_enseignant`, `id_type_seance_to_be_affected`, `id_enseignant`, `id_responsable`, `modifiable`) VALUES
(1, 9, 14, 18, 1),
(2, 22, NULL, 18, 1),
(3, 39, NULL, 18, 1),
(4, 49, 16, 18, 1),
(5, 53, NULL, 18, 1),
(6, 57, NULL, 18, 1),
(7, 61, NULL, 18, 1),
(8, 65, NULL, 18, 1),
(9, 69, NULL, 18, 1),
(10, 78, NULL, 18, 1),
(11, 81, 16, 18, 1),
(12, 86, NULL, 18, 1),
(13, 90, NULL, 18, 1),
(14, 91, NULL, 18, 1),
(15, 94, NULL, 18, 1),
(16, 97, NULL, 18, 1),
(17, 99, NULL, 18, 1),
(18, 104, NULL, 18, 1),
(19, 107, NULL, 18, 1),
(20, 110, NULL, 18, 1),
(21, 112, NULL, 18, 1),
(22, 116, NULL, 18, 1),
(23, 117, NULL, 18, 1),
(24, 118, NULL, 18, 1),
(25, 119, NULL, 18, 1),
(26, 124, NULL, 18, 1),
(27, 125, NULL, 18, 1),
(28, 129, NULL, 18, 1),
(29, 130, NULL, 18, 1),
(30, 134, NULL, 18, 1),
(31, 135, NULL, 18, 1),
(32, 137, NULL, 18, 1),
(33, 140, NULL, 18, 1),
(34, 143, NULL, 18, 1),
(35, 146, NULL, 18, 1),
(36, 12, NULL, 18, 1),
(37, 17, NULL, 18, 1),
(38, 25, NULL, 18, 1),
(39, 50, 8, 18, 1),
(40, 54, NULL, 18, 1),
(41, 58, NULL, 18, 1),
(42, 62, NULL, 18, 1),
(43, 66, NULL, 18, 1),
(44, 70, NULL, 18, 1),
(45, 73, NULL, 18, 1),
(46, 74, NULL, 18, 1),
(47, 75, NULL, 18, 1),
(48, 76, NULL, 18, 1),
(49, 77, NULL, 18, 1),
(50, 82, 28, 18, 1),
(51, 83, 28, 18, 1),
(52, 87, NULL, 18, 1),
(53, 92, NULL, 18, 1),
(54, 93, NULL, 18, 1),
(55, 95, NULL, 18, 1),
(56, 96, NULL, 18, 1),
(57, 98, NULL, 18, 1),
(58, 100, NULL, 18, 1),
(59, 101, NULL, 18, 1),
(60, 108, NULL, 18, 1),
(61, 109, NULL, 18, 1),
(62, 111, NULL, 18, 1),
(63, 113, NULL, 18, 1),
(64, 120, NULL, 18, 1),
(65, 121, NULL, 18, 1),
(66, 126, NULL, 18, 1),
(67, 131, NULL, 18, 1),
(68, 136, NULL, 18, 1),
(69, 138, NULL, 18, 1),
(70, 139, NULL, 18, 1),
(71, 141, NULL, 18, 1),
(72, 142, NULL, 18, 1),
(73, 144, NULL, 18, 1),
(74, 147, NULL, 18, 1),
(75, 30, NULL, 18, 1),
(76, 51, 8, 18, 1),
(77, 55, NULL, 18, 1),
(78, 59, NULL, 18, 1),
(79, 63, NULL, 18, 1),
(80, 67, NULL, 18, 1),
(81, 71, NULL, 18, 1),
(82, 31, NULL, 18, 1),
(83, 52, 16, 18, 1),
(84, 56, NULL, 18, 1),
(85, 60, NULL, 18, 1),
(86, 64, NULL, 18, 1),
(87, 68, NULL, 18, 1),
(88, 72, NULL, 18, 1),
(89, 79, NULL, 18, 1),
(90, 84, 28, 18, 1),
(91, 88, NULL, 18, 1),
(92, 102, NULL, 18, 1),
(93, 105, NULL, 18, 1),
(94, 114, NULL, 18, 1),
(95, 122, NULL, 18, 1),
(96, 127, NULL, 18, 1),
(97, 132, NULL, 18, 1),
(98, 80, NULL, 18, 1),
(99, 85, 28, 18, 1),
(100, 89, NULL, 18, 1),
(101, 103, NULL, 18, 1),
(102, 106, NULL, 18, 1),
(103, 115, NULL, 18, 1),
(104, 123, NULL, 18, 1),
(105, 128, NULL, 18, 1),
(106, 133, NULL, 18, 1),
(107, 145, NULL, 18, 1),
(108, 148, NULL, 18, 1),
(109, 149, NULL, 18, 1),
(110, 150, NULL, 18, 1),
(111, 10, 14, 18, 1),
(112, 23, NULL, 18, 1),
(113, 40, NULL, 18, 1),
(114, 13, NULL, 18, 1),
(115, 18, NULL, 18, 1),
(116, 26, NULL, 18, 1),
(117, 32, NULL, 18, 1),
(118, 11, 14, 18, 1),
(119, 24, NULL, 18, 1),
(120, 41, NULL, 18, 1),
(121, 14, NULL, 18, 1),
(122, 19, NULL, 18, 1),
(123, 27, NULL, 18, 1),
(124, 15, NULL, 18, 1),
(125, 20, NULL, 18, 1),
(126, 28, NULL, 18, 1),
(127, 16, NULL, 18, 1),
(128, 21, NULL, 18, 1),
(129, 29, NULL, 18, 1),
(130, 33, NULL, 18, 1),
(131, 34, NULL, 18, 1),
(132, 35, NULL, 18, 1),
(133, 36, NULL, 18, 1),
(134, 37, NULL, 18, 1),
(135, 38, NULL, 18, 1),
(136, 1, NULL, 18, 1),
(137, 8, NULL, 18, 1),
(138, 2, NULL, 18, 1),
(139, 3, NULL, 18, 1),
(140, 4, NULL, 18, 1),
(141, 5, NULL, 18, 1),
(142, 6, NULL, 18, 1),
(143, 7, NULL, 18, 1),
(144, 42, NULL, 18, 1),
(145, 43, NULL, 18, 1),
(146, 44, NULL, 18, 1),
(147, 45, NULL, 18, 1),
(148, 46, NULL, 18, 1),
(149, 47, NULL, 18, 1),
(150, 48, NULL, 18, 1),
(257, 256, NULL, 18, 1),
(258, 264, NULL, 18, 1),
(259, 257, 19, 18, 1),
(260, 258, 19, 18, 1),
(261, 259, 65, 18, 1),
(262, 260, 19, 18, 1),
(263, 261, 65, 18, 1),
(264, 262, 19, 18, 1),
(265, 263, 65, 18, 1),
(272, 272, NULL, 18, 1),
(273, 273, 65, 18, 1),
(274, 274, 65, 18, 1),
(275, 279, 10, 18, 1),
(276, 280, 10, 18, 1),
(277, 281, 65, 18, 1),
(282, 286, NULL, 18, 1),
(283, 294, 18, 18, 1),
(284, 305, 18, 18, 1),
(285, 288, NULL, 18, 1),
(286, 291, NULL, 18, 1),
(287, 296, 18, 18, 1),
(288, 299, 53, 18, 1),
(289, 300, 30, 18, 1),
(290, 287, NULL, 18, 1),
(291, 295, 18, 18, 1),
(292, 306, 18, 18, 1),
(293, 289, NULL, 18, 1),
(294, 292, NULL, 18, 1),
(295, 297, 18, 18, 1),
(296, 290, NULL, 18, 1),
(297, 293, NULL, 18, 1),
(298, 298, 18, 18, 1),
(299, 301, 53, 18, 1),
(300, 302, 18, 18, 1),
(301, 303, 18, 18, 1),
(302, 304, 30, 18, 1);

--
-- Déchargement des données de la table `ETU_competence_evaluation`
--

INSERT INTO `ETU_competence_evaluation` (`id_competence_evaluation`, `id_etudiant`, `id_apprentissage_critique`, `id_evaluation_type`, `evaluation`, `date`) VALUES
(1, 68, 1, 8, '1', '2024-01-07 14:00:00'),
(2, 329, 35, 8, '3', '2022-07-19 16:00:00'),
(3, 17, 35, 8, '0', '2024-01-06 12:00:00'),
(4, 361, 35, 8, '0', '2023-05-08 17:00:00'),
(5, 397, 1, 8, '0', '2023-10-25 10:00:00'),
(6, 471, 37, 8, '0', '2023-12-02 15:00:00'),
(7, 207, 36, 8, '0', '2022-07-13 15:00:00'),
(8, 353, 1, 8, '2', '2022-11-08 13:00:00'),
(9, 508, 53, 8, '2', '2022-09-29 15:00:00'),
(10, 147, 38, 8, '0', '2023-02-06 11:00:00'),
(11, 459, 35, 8, '2', '2022-11-05 17:00:00'),
(12, 333, 1, 8, '3', '2023-09-11 10:00:00'),
(13, 30, 1, 8, '0', '2023-05-04 14:00:00'),
(14, 471, 54, 8, '0', '2024-10-12 15:00:00'),
(15, 393, 35, 8, '1', '2024-12-27 15:00:00'),
(16, 233, 1, 8, '2', '2021-05-05 12:00:00'),
(17, 324, 1, 8, '1', '2023-05-03 11:00:00'),
(18, 27, 35, 8, '1', '2023-05-23 09:00:00'),
(19, 370, 35, 8, '3', '2022-02-15 14:00:00'),
(20, 350, 1, 8, '0', '2022-09-28 13:00:00'),
(21, 432, 1, 8, '3', '2023-02-26 16:00:00'),
(22, 198, 54, 8, '1', '2021-10-03 12:00:00'),
(23, 350, 35, 8, '0', '2022-12-06 15:00:00'),
(24, 189, 54, 8, '1', '2023-07-06 13:00:00'),
(25, 5, 1, 8, '2', '2024-05-02 16:00:00'),
(26, 419, 35, 8, '1', '2022-12-05 11:00:00'),
(27, 38, 35, 8, '0', '2024-02-28 12:00:00'),
(28, 457, 35, 8, '3', '2023-07-17 13:00:00'),
(29, 343, 1, 8, '3', '2022-11-16 12:00:00'),
(30, 234, 1, 8, '2', '2023-03-07 09:00:00'),
(31, 113, 35, 8, '0', '2021-04-09 14:00:00'),
(32, 207, 55, 8, '0', '2021-10-28 16:00:00'),
(33, 425, 35, 8, '2', '2021-06-24 16:00:00'),
(34, 260, 35, 8, '0', '2023-05-29 14:00:00'),
(35, 333, 4, 8, '3', '2023-08-19 09:00:00'),
(36, 68, 54, 8, '2', '2023-03-16 14:00:00'),
(37, 17, 1, 8, '3', '2022-06-20 10:00:00'),
(38, 329, 1, 8, '0', '2022-05-23 09:00:00'),
(39, 189, 55, 8, '0', '2024-05-18 15:00:00'),
(40, 333, 38, 8, '1', '2023-01-01 08:00:00'),
(41, 409, 37, 8, '2', '2024-08-16 13:00:00'),
(42, 457, 1, 8, '3', '2023-06-01 09:00:00'),
(43, 147, 54, 8, '2', '2022-04-22 13:00:00'),
(44, 190, 35, 8, '1', '2022-08-14 11:00:00'),
(45, 362, 1, 8, '1', '2025-02-22 08:00:00'),
(46, 65, 35, 8, '1', '2023-01-08 16:00:00'),
(47, 113, 1, 8, '3', '2024-04-10 11:00:00'),
(48, 346, 4, 8, '2', '2023-07-16 10:00:00'),
(49, 381, 1, 8, '1', '2023-12-15 16:00:00'),
(50, 287, 35, 8, '3', '2021-12-01 16:00:00'),
(51, 185, 35, 8, '3', '2023-06-04 08:00:00'),
(52, 207, 1, 8, '3', '2024-03-15 14:00:00'),
(53, 3, 53, 8, '3', '2021-11-23 14:00:00'),
(54, 352, 52, 8, '0', '2023-11-07 15:00:00'),
(55, 389, 35, 8, '1', '2023-03-13 16:00:00'),
(56, 195, 1, 8, '3', '2024-01-14 14:00:00'),
(57, 508, 38, 8, '1', '2022-04-28 17:00:00'),
(58, 68, 55, 8, '1', '2022-04-08 10:00:00'),
(59, 303, 1, 8, '3', '2024-07-20 09:00:00'),
(60, 406, 4, 8, '3', '2022-04-03 09:00:00'),
(61, 346, 37, 8, '0', '2024-12-27 16:00:00'),
(62, 320, 1, 8, '3', '2023-01-25 13:00:00'),
(63, 367, 1, 8, '2', '2022-03-24 14:00:00'),
(64, 98, 4, 8, '0', '2023-06-01 11:00:00'),
(65, 262, 1, 8, '3', '2022-06-23 12:00:00'),
(66, 364, 53, 8, '2', '2022-12-11 16:00:00'),
(67, 350, 1, 8, '3', '2023-11-24 17:00:00'),
(68, 354, 36, 8, '0', '2025-01-15 14:00:00'),
(69, 52, 54, 8, '1', '2022-12-09 11:00:00'),
(70, 390, 1, 8, '0', '2024-03-11 11:00:00'),
(71, 308, 1, 8, '2', '2022-12-06 16:00:00'),
(72, 499, 1, 8, '3', '2023-12-26 16:00:00'),
(73, 406, 1, 8, '1', '2023-08-15 11:00:00'),
(74, 239, 36, 8, '0', '2023-04-27 09:00:00'),
(75, 366, 35, 8, '1', '2024-01-09 11:00:00'),
(76, 195, 35, 8, '0', '2023-05-22 12:00:00'),
(77, 226, 54, 8, '1', '2022-06-07 12:00:00'),
(78, 167, 1, 8, '1', '2023-07-28 10:00:00'),
(79, 210, 35, 8, '0', '2021-06-08 16:00:00'),
(80, 239, 53, 8, '1', '2022-05-03 13:00:00'),
(81, 30, 35, 8, '2', '2023-07-22 10:00:00'),
(82, 98, 1, 8, '0', '2024-08-29 10:00:00'),
(83, 346, 1, 8, '3', '2021-04-02 09:00:00'),
(84, 260, 1, 8, '0', '2022-09-06 15:00:00'),
(85, 409, 55, 8, '0', '2024-03-19 16:00:00'),
(86, 340, 35, 8, '0', '2021-07-23 14:00:00'),
(87, 387, 35, 8, '3', '2024-12-08 15:00:00'),
(88, 98, 1, 8, '2', '2023-09-19 10:00:00'),
(89, 262, 35, 8, '0', '2021-09-04 16:00:00'),
(90, 8, 35, 8, '3', '2023-12-01 10:00:00'),
(91, 52, 55, 8, '1', '2022-08-01 15:00:00'),
(92, 226, 38, 8, '1', '2021-12-15 13:00:00'),
(93, 207, 54, 8, '0', '2023-12-24 10:00:00'),
(94, 239, 52, 8, '3', '2022-11-20 14:00:00'),
(95, 357, 35, 8, '0', '2024-02-16 13:00:00'),
(96, 17, 54, 8, '3', '2024-08-16 15:00:00'),
(97, 387, 35, 8, '3', '2023-07-19 12:00:00'),
(98, 147, 1, 8, '0', '2021-07-29 11:00:00'),
(99, 428, 1, 8, '0', '2023-11-04 15:00:00'),
(100, 189, 1, 8, '1', '2023-06-23 14:00:00'),
(101, 154, 1, 8, '1', '2024-05-21 17:00:00'),
(102, 60, 54, 8, '0', '2022-07-28 10:00:00'),
(103, 342, 35, 8, '2', '2024-06-12 11:00:00'),
(104, 147, 38, 8, '1', '2021-12-11 13:00:00'),
(105, 493, 1, 8, '0', '2023-04-21 15:00:00'),
(106, 110, 1, 8, '1', '2023-07-30 12:00:00'),
(107, 354, 35, 8, '3', '2022-07-07 10:00:00'),
(108, 143, 1, 8, '3', '2023-10-30 10:00:00'),
(109, 333, 1, 8, '0', '2024-10-11 08:00:00'),
(110, 232, 1, 8, '1', '2024-10-09 14:00:00'),
(111, 375, 35, 8, '3', '2024-03-11 17:00:00'),
(112, 423, 1, 8, '3', '2023-01-31 12:00:00'),
(113, 121, 35, 8, '0', '2023-05-04 17:00:00'),
(114, 226, 1, 8, '1', '2023-09-27 15:00:00'),
(115, 135, 35, 8, '2', '2024-02-26 13:00:00'),
(116, 329, 37, 8, '0', '2022-03-31 14:00:00'),
(117, 54, 1, 8, '0', '2023-09-30 10:00:00'),
(118, 468, 4, 8, '2', '2023-06-25 10:00:00'),
(119, 397, 53, 8, '2', '2024-07-01 09:00:00'),
(120, 60, 1, 8, '3', '2023-12-09 09:00:00'),
(121, 232, 35, 8, '1', '2024-10-07 14:00:00'),
(122, 405, 35, 8, '3', '2023-09-01 16:00:00'),
(123, 198, 53, 8, '0', '2024-06-30 10:00:00'),
(124, 425, 1, 8, '2', '2023-03-21 11:00:00'),
(125, 471, 36, 8, '3', '2022-06-08 10:00:00'),
(126, 189, 53, 8, '0', '2023-04-09 16:00:00'),
(127, 346, 38, 8, '0', '2022-12-27 12:00:00'),
(128, 3, 37, 8, '3', '2022-11-15 14:00:00'),
(129, 60, 38, 8, '3', '2022-04-25 09:00:00'),
(130, 366, 1, 8, '1', '2024-12-03 17:00:00'),
(131, 529, 1, 8, '3', '2022-07-26 15:00:00'),
(132, 154, 36, 8, '2', '2021-07-24 12:00:00'),
(133, 346, 37, 8, '3', '2024-08-28 14:00:00'),
(134, 98, 53, 8, '2', '2021-06-26 15:00:00'),
(135, 414, 1, 8, '3', '2023-03-07 09:00:00'),
(136, 342, 35, 8, '0', '2022-09-03 15:00:00'),
(137, 508, 53, 8, '3', '2024-04-22 10:00:00'),
(138, 95, 36, 8, '0', '2024-04-03 14:00:00'),
(139, 325, 1, 8, '0', '2023-10-22 16:00:00'),
(140, 52, 1, 8, '1', '2024-05-19 17:00:00'),
(141, 333, 53, 8, '2', '2025-01-14 15:00:00'),
(142, 354, 4, 8, '0', '2024-09-27 16:00:00'),
(143, 397, 36, 8, '1', '2023-09-28 15:00:00'),
(144, 65, 35, 8, '3', '2023-11-19 11:00:00'),
(145, 166, 1, 8, '3', '2024-01-26 13:00:00'),
(146, 414, 1, 8, '1', '2023-12-24 15:00:00'),
(147, 352, 54, 8, '0', '2022-12-31 12:00:00'),
(148, 248, 35, 8, '2', '2022-06-16 13:00:00'),
(149, 282, 35, 8, '0', '2022-12-03 15:00:00'),
(150, 151, 35, 8, '3', '2022-12-03 12:00:00'),
(151, 248, 35, 8, '3', '2024-05-09 17:00:00'),
(152, 207, 1, 8, '1', '2022-08-09 11:00:00'),
(153, 154, 38, 8, '2', '2021-03-24 16:00:00'),
(154, 529, 1, 8, '2', '2023-07-12 10:00:00'),
(155, 75, 1, 8, '2', '2023-10-05 17:00:00'),
(156, 459, 35, 8, '3', '2022-08-09 10:00:00'),
(157, 76, 55, 8, '1', '2025-01-31 10:00:00'),
(158, 189, 1, 8, '0', '2024-11-28 12:00:00'),
(159, 60, 4, 8, '3', '2022-12-15 08:00:00'),
(160, 262, 35, 8, '3', '2022-09-30 10:00:00'),
(161, 118, 35, 8, '0', '2023-03-18 10:00:00'),
(162, 52, 36, 8, '0', '2022-12-01 15:00:00'),
(163, 135, 1, 8, '0', '2023-03-25 12:00:00'),
(164, 495, 36, 8, '3', '2022-06-14 10:00:00'),
(165, 60, 55, 8, '2', '2021-06-27 15:00:00'),
(166, 397, 1, 8, '1', '2024-04-26 10:00:00'),
(167, 508, 38, 8, '1', '2024-09-10 11:00:00'),
(168, 226, 53, 8, '0', '2021-12-23 13:00:00'),
(169, 147, 53, 8, '2', '2022-11-19 09:00:00'),
(170, 76, 55, 8, '2', '2024-07-23 15:00:00'),
(171, 17, 35, 8, '1', '2023-04-14 12:00:00'),
(172, 9, 35, 8, '3', '2023-02-14 11:00:00'),
(173, 98, 37, 8, '0', '2025-01-30 12:00:00'),
(174, 68, 1, 8, '2', '2024-01-07 12:00:00'),
(175, 406, 1, 8, '1', '2023-11-29 15:00:00'),
(176, 79, 35, 8, '0', '2024-10-09 15:00:00'),
(177, 471, 1, 8, '3', '2023-05-24 09:00:00'),
(178, 228, 1, 8, '2', '2022-02-16 11:00:00'),
(179, 239, 4, 8, '1', '2023-07-28 10:00:00'),
(180, 354, 36, 8, '3', '2024-06-01 14:00:00'),
(181, 432, 35, 8, '3', '2024-08-12 15:00:00'),
(182, 354, 4, 8, '1', '2023-08-29 09:00:00'),
(183, 207, 37, 8, '3', '2023-10-12 15:00:00'),
(184, 234, 1, 8, '2', '2021-05-20 10:00:00'),
(185, 400, 1, 8, '2', '2022-12-22 11:00:00'),
(186, 198, 54, 8, '1', '2025-01-07 13:00:00'),
(187, 397, 1, 8, '2', '2023-04-05 15:00:00'),
(188, 393, 1, 8, '1', '2023-06-01 16:00:00'),
(189, 137, 35, 8, '0', '2022-09-12 08:00:00'),
(190, 362, 35, 8, '1', '2024-07-31 15:00:00'),
(191, 198, 55, 8, '3', '2021-12-18 11:00:00'),
(192, 467, 1, 8, '3', '2022-03-16 10:00:00'),
(193, 285, 1, 8, '1', '2024-07-20 17:00:00'),
(194, 68, 53, 8, '2', '2022-11-29 14:00:00'),
(195, 322, 35, 8, '1', '2023-11-17 16:00:00'),
(196, 9, 1, 8, '2', '2022-12-02 16:00:00'),
(197, 151, 1, 8, '1', '2022-07-05 09:00:00'),
(198, 508, 36, 8, '0', '2025-02-13 10:00:00'),
(199, 329, 36, 8, '2', '2024-01-20 14:00:00'),
(200, 397, 4, 8, '2', '2023-08-24 15:00:00'),
(201, 346, 35, 8, '0', '2024-01-04 08:00:00'),
(202, 354, 37, 8, '1', '2022-07-02 15:00:00'),
(203, 253, 35, 8, '3', '2023-07-14 12:00:00'),
(204, 50, 35, 8, '3', '2022-08-19 14:00:00'),
(205, 367, 4, 8, '3', '2023-04-14 13:00:00'),
(206, 410, 1, 8, '0', '2023-01-10 13:00:00'),
(207, 95, 1, 8, '0', '2023-05-06 16:00:00'),
(208, 166, 54, 8, '2', '2023-06-04 12:00:00'),
(209, 68, 54, 8, '0', '2022-02-10 13:00:00'),
(210, 397, 55, 8, '1', '2023-02-26 11:00:00'),
(211, 239, 36, 8, '3', '2022-12-16 08:00:00'),
(212, 390, 1, 8, '3', '2022-11-04 10:00:00'),
(213, 527, 35, 8, '0', '2025-02-27 08:00:00'),
(214, 360, 35, 8, '1', '2023-10-05 11:00:00'),
(215, 494, 35, 8, '1', '2021-08-06 08:00:00'),
(216, 5, 35, 8, '0', '2023-09-20 10:00:00'),
(217, 375, 35, 8, '2', '2022-06-20 13:00:00'),
(218, 147, 53, 8, '1', '2023-04-17 11:00:00'),
(219, 320, 1, 8, '1', '2024-07-19 17:00:00'),
(220, 354, 1, 8, '2', '2023-05-20 10:00:00'),
(221, 239, 1, 8, '0', '2022-05-15 15:00:00'),
(222, 198, 52, 8, '2', '2021-06-07 17:00:00'),
(223, 166, 55, 8, '1', '2022-10-02 08:00:00'),
(224, 471, 37, 8, '3', '2023-06-02 17:00:00'),
(225, 154, 38, 8, '0', '2021-10-15 11:00:00'),
(226, 189, 52, 8, '0', '2024-12-12 17:00:00'),
(227, 329, 1, 8, '1', '2022-06-08 12:00:00'),
(228, 406, 1, 8, '1', '2021-09-10 13:00:00'),
(229, 214, 1, 8, '0', '2023-10-28 15:00:00'),
(230, 471, 4, 8, '0', '2023-02-24 15:00:00'),
(231, 9, 35, 8, '3', '2024-06-19 12:00:00'),
(232, 122, 1, 8, '0', '2025-02-19 09:00:00'),
(233, 189, 38, 8, '1', '2024-04-26 16:00:00'),
(234, 255, 1, 8, '2', '2022-10-20 09:00:00'),
(235, 204, 1, 8, '2', '2022-07-30 08:00:00'),
(236, 226, 55, 8, '0', '2024-04-09 13:00:00'),
(237, 60, 4, 8, '3', '2023-02-02 14:00:00'),
(238, 5, 54, 8, '1', '2022-03-09 12:00:00'),
(239, 356, 1, 8, '2', '2024-08-14 12:00:00'),
(240, 406, 1, 8, '1', '2023-09-28 12:00:00'),
(241, 364, 4, 8, '3', '2021-06-18 09:00:00'),
(242, 92, 1, 8, '3', '2023-09-18 14:00:00'),
(243, 5, 54, 8, '0', '2023-07-31 16:00:00'),
(244, 354, 38, 8, '1', '2022-06-12 08:00:00'),
(245, 76, 37, 8, '3', '2022-12-31 09:00:00'),
(246, 213, 35, 8, '2', '2023-04-04 15:00:00'),
(247, 362, 35, 8, '3', '2023-02-19 12:00:00'),
(248, 373, 35, 8, '2', '2021-05-02 12:00:00'),
(249, 189, 4, 8, '1', '2024-06-13 14:00:00'),
(250, 207, 36, 8, '2', '2023-10-03 14:00:00'),
(251, 224, 35, 8, '0', '2023-04-01 17:00:00'),
(252, 219, 36, 8, '0', '2022-11-04 11:00:00'),
(253, 367, 35, 8, '2', '2025-02-28 09:00:00'),
(254, 207, 36, 8, '2', '2023-05-19 10:00:00'),
(255, 257, 35, 8, '1', '2023-11-06 11:00:00'),
(256, 196, 35, 8, '2', '2023-06-23 09:00:00'),
(257, 154, 36, 8, '3', '2022-03-06 11:00:00'),
(258, 195, 35, 8, '3', '2023-10-14 11:00:00'),
(259, 154, 35, 8, '3', '2023-03-15 16:00:00'),
(260, 226, 1, 8, '2', '2022-10-19 09:00:00'),
(261, 5, 37, 8, '3', '2021-07-01 17:00:00'),
(262, 219, 1, 8, '1', '2022-05-26 13:00:00'),
(263, 200, 35, 8, '0', '2022-11-01 11:00:00'),
(264, 210, 35, 8, '3', '2023-01-02 08:00:00'),
(265, 166, 4, 8, '3', '2021-12-28 09:00:00'),
(266, 147, 55, 8, '0', '2022-04-24 11:00:00'),
(267, 364, 1, 8, '1', '2024-02-06 10:00:00'),
(268, 452, 35, 8, '1', '2022-05-20 13:00:00'),
(269, 44, 35, 8, '2', '2025-02-17 10:00:00'),
(270, 409, 4, 8, '3', '2022-04-15 15:00:00'),
(271, 345, 1, 8, '0', '2022-06-03 15:00:00'),
(272, 382, 35, 8, '2', '2023-01-26 16:00:00'),
(273, 374, 35, 8, '3', '2023-09-17 14:00:00'),
(274, 218, 35, 8, '2', '2024-09-06 10:00:00'),
(275, 45, 1, 8, '1', '2021-12-13 12:00:00'),
(276, 253, 1, 8, '3', '2023-04-19 12:00:00'),
(277, 95, 1, 8, '2', '2024-09-09 10:00:00'),
(278, 44, 35, 8, '2', '2023-10-01 17:00:00'),
(279, 400, 35, 8, '2', '2023-05-28 09:00:00'),
(280, 147, 35, 8, '1', '2022-09-17 10:00:00'),
(281, 45, 1, 8, '2', '2023-10-28 11:00:00'),
(282, 134, 35, 8, '1', '2024-05-20 14:00:00'),
(283, 210, 1, 8, '1', '2025-02-11 08:00:00'),
(284, 207, 1, 8, '3', '2023-02-06 11:00:00'),
(285, 516, 35, 8, '0', '2023-05-02 13:00:00'),
(286, 397, 1, 8, '0', '2021-08-09 09:00:00'),
(287, 524, 1, 8, '0', '2025-02-07 10:00:00'),
(288, 406, 36, 8, '0', '2023-10-21 16:00:00'),
(289, 5, 53, 8, '1', '2023-12-28 14:00:00'),
(290, 185, 35, 8, '0', '2025-01-06 14:00:00'),
(291, 412, 1, 8, '2', '2024-01-01 09:00:00'),
(292, 68, 53, 8, '3', '2023-01-04 15:00:00'),
(293, 410, 35, 8, '1', '2023-06-13 14:00:00'),
(294, 352, 1, 8, '2', '2022-10-20 08:00:00'),
(295, 210, 1, 8, '2', '2023-01-25 10:00:00'),
(296, 239, 4, 8, '3', '2024-06-26 11:00:00'),
(297, 373, 1, 8, '2', '2023-02-21 13:00:00'),
(298, 459, 1, 8, '3', '2023-03-09 17:00:00'),
(299, 467, 35, 8, '3', '2022-06-13 09:00:00'),
(300, 121, 1, 8, '0', '2023-02-19 08:00:00'),
(301, 219, 53, 8, '0', '2024-10-20 13:00:00'),
(302, 371, 35, 8, '2', '2023-09-11 10:00:00'),
(303, 409, 53, 8, '0', '2024-01-03 17:00:00'),
(304, 98, 4, 8, '2', '2024-12-09 09:00:00'),
(305, 508, 1, 8, '1', '2023-11-03 17:00:00'),
(306, 98, 38, 8, '0', '2022-11-12 14:00:00'),
(307, 309, 35, 8, '2', '2023-02-27 15:00:00'),
(308, 312, 35, 8, '0', '2022-12-28 14:00:00'),
(309, 219, 38, 8, '0', '2025-01-24 12:00:00'),
(310, 5, 37, 8, '2', '2023-06-16 16:00:00'),
(311, 409, 35, 8, '3', '2022-05-10 12:00:00'),
(312, 226, 36, 8, '1', '2022-03-01 13:00:00'),
(313, 364, 1, 8, '2', '2024-02-22 13:00:00'),
(314, 147, 38, 8, '3', '2022-10-05 12:00:00'),
(315, 412, 35, 8, '0', '2023-01-08 13:00:00'),
(316, 198, 4, 8, '0', '2022-04-11 12:00:00'),
(317, 406, 37, 8, '0', '2024-05-12 09:00:00'),
(318, 397, 35, 8, '3', '2024-03-26 12:00:00'),
(319, 333, 1, 8, '3', '2022-08-04 12:00:00'),
(320, 122, 1, 8, '0', '2023-04-22 17:00:00'),
(321, 333, 36, 8, '3', '2024-08-08 15:00:00'),
(322, 346, 54, 8, '3', '2023-03-22 15:00:00'),
(323, 352, 55, 8, '3', '2023-11-23 10:00:00'),
(324, 362, 35, 8, '2', '2023-04-05 08:00:00'),
(325, 41, 1, 8, '0', '2022-04-22 08:00:00'),
(326, 364, 35, 8, '0', '2023-05-09 15:00:00'),
(327, 508, 1, 8, '2', '2024-02-27 10:00:00'),
(328, 60, 36, 8, '2', '2024-01-21 14:00:00'),
(329, 409, 53, 8, '3', '2022-12-07 08:00:00'),
(330, 60, 55, 8, '0', '2025-02-15 09:00:00'),
(331, 206, 35, 8, '0', '2023-05-15 14:00:00'),
(332, 426, 1, 8, '0', '2022-01-07 10:00:00'),
(333, 271, 1, 8, '1', '2021-10-05 10:00:00'),
(334, 468, 36, 8, '0', '2023-03-06 10:00:00'),
(335, 200, 35, 8, '0', '2023-08-09 14:00:00'),
(336, 45, 35, 8, '1', '2022-04-22 13:00:00'),
(337, 154, 55, 8, '0', '2022-09-23 12:00:00'),
(338, 95, 4, 8, '2', '2024-07-22 14:00:00'),
(339, 419, 1, 8, '3', '2023-05-10 16:00:00'),
(340, 508, 38, 8, '1', '2024-01-23 17:00:00'),
(341, 17, 4, 8, '1', '2022-05-07 11:00:00'),
(342, 468, 1, 8, '1', '2024-06-09 14:00:00'),
(343, 82, 1, 8, '0', '2023-01-20 15:00:00'),
(344, 214, 1, 8, '1', '2023-06-04 15:00:00'),
(345, 367, 53, 8, '2', '2024-01-08 15:00:00'),
(346, 406, 55, 8, '3', '2023-05-29 17:00:00'),
(347, 189, 1, 8, '0', '2022-09-12 11:00:00'),
(348, 333, 53, 8, '3', '2021-06-29 16:00:00'),
(349, 324, 1, 8, '2', '2022-03-31 12:00:00'),
(350, 232, 35, 8, '3', '2021-11-28 12:00:00'),
(351, 384, 1, 8, '0', '2022-10-07 08:00:00'),
(352, 166, 35, 8, '1', '2023-12-25 14:00:00'),
(353, 135, 35, 8, '2', '2023-11-21 17:00:00'),
(354, 73, 1, 8, '0', '2021-10-04 11:00:00'),
(355, 402, 35, 8, '0', '2023-02-22 17:00:00'),
(356, 68, 36, 8, '3', '2024-02-22 09:00:00'),
(357, 400, 1, 8, '3', '2024-10-29 15:00:00'),
(358, 364, 1, 8, '2', '2023-03-16 17:00:00'),
(359, 219, 55, 8, '0', '2023-11-08 14:00:00'),
(360, 5, 1, 8, '1', '2022-12-24 14:00:00'),
(361, 60, 1, 8, '2', '2023-11-13 09:00:00'),
(362, 417, 1, 8, '0', '2023-10-16 16:00:00'),
(363, 198, 55, 8, '3', '2024-01-23 09:00:00'),
(364, 376, 1, 8, '1', '2021-04-22 16:00:00'),
(365, 190, 1, 8, '1', '2022-10-13 12:00:00'),
(366, 59, 1, 8, '3', '2023-03-23 15:00:00'),
(367, 371, 35, 8, '3', '2022-07-21 14:00:00'),
(368, 68, 4, 8, '2', '2024-03-31 14:00:00'),
(369, 402, 35, 8, '3', '2023-01-01 12:00:00'),
(370, 3, 36, 8, '3', '2024-04-27 17:00:00'),
(371, 5, 36, 8, '3', '2024-01-15 13:00:00'),
(372, 339, 1, 8, '2', '2025-02-11 08:00:00'),
(373, 198, 37, 8, '0', '2021-12-30 11:00:00'),
(374, 118, 1, 8, '3', '2023-07-13 12:00:00'),
(375, 493, 35, 8, '3', '2022-10-28 12:00:00'),
(376, 343, 1, 8, '0', '2022-07-20 14:00:00'),
(377, 143, 35, 8, '0', '2022-10-04 08:00:00'),
(378, 329, 1, 8, '2', '2023-08-26 11:00:00'),
(379, 121, 1, 8, '0', '2024-04-29 10:00:00'),
(380, 166, 4, 8, '2', '2023-02-28 15:00:00'),
(381, 39, 1, 8, '0', '2023-02-20 14:00:00'),
(382, 257, 35, 8, '2', '2025-01-29 12:00:00'),
(383, 364, 35, 8, '0', '2023-09-23 15:00:00'),
(384, 60, 36, 8, '3', '2022-06-22 14:00:00'),
(385, 64, 35, 8, '0', '2021-11-22 15:00:00'),
(386, 45, 1, 8, '2', '2022-08-15 15:00:00'),
(387, 166, 36, 8, '0', '2023-09-08 08:00:00'),
(388, 95, 35, 8, '1', '2022-02-27 10:00:00'),
(389, 102, 35, 8, '3', '2023-05-07 10:00:00'),
(390, 370, 1, 8, '2', '2024-07-03 11:00:00'),
(391, 329, 1, 8, '0', '2022-04-27 14:00:00'),
(392, 147, 1, 8, '2', '2025-01-22 10:00:00'),
(393, 219, 35, 8, '2', '2023-11-10 09:00:00'),
(394, 305, 35, 8, '3', '2021-03-28 08:00:00'),
(395, 52, 53, 8, '3', '2023-08-15 08:00:00'),
(396, 295, 1, 8, '2', '2024-03-21 15:00:00'),
(397, 521, 35, 8, '1', '2021-05-13 11:00:00'),
(398, 52, 4, 8, '0', '2023-05-30 10:00:00'),
(399, 207, 38, 8, '1', '2022-01-16 17:00:00'),
(400, 282, 1, 8, '0', '2023-11-25 12:00:00'),
(401, 76, 37, 8, '0', '2022-05-07 15:00:00'),
(402, 305, 1, 8, '1', '2021-04-22 13:00:00'),
(403, 73, 1, 8, '1', '2021-11-30 13:00:00'),
(404, 76, 35, 8, '2', '2024-02-10 11:00:00'),
(405, 346, 53, 8, '1', '2023-02-15 11:00:00'),
(406, 329, 4, 8, '2', '2024-11-07 12:00:00'),
(407, 367, 55, 8, '2', '2021-05-14 10:00:00'),
(408, 371, 1, 8, '2', '2024-04-27 09:00:00'),
(409, 185, 35, 8, '3', '2024-02-01 11:00:00'),
(410, 284, 1, 8, '1', '2022-05-06 11:00:00'),
(411, 410, 1, 8, '0', '2022-09-29 09:00:00'),
(412, 423, 35, 8, '1', '2024-01-03 10:00:00'),
(413, 468, 1, 8, '3', '2022-12-02 15:00:00'),
(414, 154, 55, 8, '2', '2022-05-25 12:00:00'),
(415, 91, 35, 8, '0', '2023-02-25 11:00:00'),
(416, 414, 35, 8, '2', '2023-04-27 12:00:00'),
(417, 439, 35, 8, '2', '2022-08-28 14:00:00'),
(418, 357, 35, 8, '2', '2021-12-30 12:00:00'),
(419, 273, 35, 8, '0', '2022-09-11 13:00:00'),
(420, 76, 53, 8, '1', '2021-08-27 09:00:00'),
(421, 360, 1, 8, '3', '2023-07-26 10:00:00'),
(422, 147, 1, 8, '0', '2024-04-08 12:00:00'),
(423, 353, 1, 8, '2', '2023-11-03 13:00:00'),
(424, 5, 1, 8, '2', '2021-10-13 09:00:00'),
(425, 375, 35, 8, '0', '2023-01-12 16:00:00'),
(426, 233, 1, 8, '2', '2023-07-19 15:00:00'),
(427, 91, 1, 8, '2', '2022-05-07 16:00:00'),
(428, 76, 36, 8, '0', '2021-12-07 13:00:00'),
(429, 364, 36, 8, '1', '2023-03-29 13:00:00'),
(430, 350, 1, 8, '2', '2022-10-21 17:00:00'),
(431, 346, 53, 8, '1', '2022-11-01 10:00:00'),
(432, 364, 1, 8, '0', '2023-04-28 13:00:00'),
(433, 185, 1, 8, '2', '2023-08-11 10:00:00'),
(434, 325, 35, 8, '3', '2023-12-17 13:00:00'),
(435, 415, 1, 8, '2', '2024-04-09 11:00:00'),
(436, 3, 1, 8, '1', '2024-12-25 17:00:00'),
(437, 471, 55, 8, '0', '2021-08-20 16:00:00'),
(438, 37, 35, 8, '0', '2023-09-24 09:00:00'),
(439, 239, 36, 8, '0', '2023-09-24 15:00:00'),
(440, 196, 1, 8, '0', '2025-02-10 09:00:00'),
(441, 147, 1, 8, '3', '2023-05-20 08:00:00'),
(442, 417, 35, 8, '1', '2022-12-23 14:00:00'),
(443, 98, 54, 8, '1', '2023-11-20 14:00:00'),
(444, 471, 53, 8, '1', '2023-04-18 10:00:00'),
(445, 535, 1, 8, '1', '2023-01-21 13:00:00'),
(446, 38, 1, 8, '0', '2022-03-02 13:00:00'),
(447, 207, 53, 8, '2', '2023-06-25 15:00:00'),
(448, 116, 35, 8, '0', '2024-12-15 15:00:00'),
(449, 95, 1, 8, '2', '2022-08-03 16:00:00'),
(450, 8, 35, 8, '3', '2022-12-19 16:00:00'),
(451, 294, 35, 8, '0', '2022-05-16 14:00:00'),
(452, 95, 1, 8, '1', '2022-03-19 16:00:00'),
(453, 329, 37, 8, '3', '2024-03-22 11:00:00'),
(454, 17, 36, 8, '0', '2022-07-24 13:00:00'),
(455, 226, 35, 8, '3', '2023-06-13 09:00:00'),
(456, 397, 55, 8, '2', '2023-12-20 14:00:00'),
(457, 329, 55, 8, '2', '2024-03-12 14:00:00'),
(458, 352, 1, 8, '0', '2024-03-29 13:00:00'),
(459, 22, 35, 8, '2', '2022-07-21 08:00:00'),
(460, 295, 35, 8, '0', '2024-05-17 17:00:00'),
(461, 333, 37, 8, '2', '2023-06-05 17:00:00'),
(462, 200, 1, 8, '2', '2023-08-09 10:00:00'),
(463, 471, 55, 8, '2', '2022-07-13 15:00:00'),
(464, 324, 35, 8, '2', '2024-10-07 15:00:00'),
(465, 91, 1, 8, '2', '2023-04-11 13:00:00'),
(466, 219, 1, 8, '2', '2023-12-27 16:00:00'),
(467, 5, 1, 8, '0', '2022-07-27 15:00:00'),
(468, 198, 1, 8, '1', '2022-10-09 12:00:00'),
(469, 406, 38, 8, '3', '2023-09-05 12:00:00'),
(470, 524, 1, 8, '0', '2022-09-30 11:00:00'),
(471, 155, 1, 8, '0', '2025-03-02 16:00:00'),
(472, 255, 35, 8, '2', '2024-08-17 11:00:00'),
(473, 393, 1, 8, '0', '2021-11-05 16:00:00'),
(474, 228, 35, 8, '0', '2022-06-12 08:00:00'),
(475, 22, 1, 8, '3', '2024-06-08 12:00:00'),
(476, 309, 1, 8, '2', '2025-02-04 08:00:00'),
(477, 14, 35, 8, '3', '2024-12-12 10:00:00'),
(478, 343, 35, 8, '3', '2022-12-08 14:00:00'),
(479, 141, 35, 8, '0', '2024-02-11 12:00:00'),
(480, 535, 1, 8, '1', '2023-10-23 08:00:00'),
(481, 5, 37, 8, '1', '2023-09-15 12:00:00'),
(482, 426, 35, 8, '2', '2022-12-06 12:00:00'),
(483, 59, 1, 8, '1', '2021-04-30 12:00:00'),
(484, 27, 1, 8, '3', '2024-12-13 10:00:00'),
(485, 68, 1, 8, '3', '2024-01-26 08:00:00'),
(486, 470, 1, 8, '0', '2023-02-27 13:00:00'),
(487, 112, 1, 8, '0', '2023-07-26 12:00:00'),
(488, 3, 1, 8, '0', '2024-12-20 15:00:00'),
(489, 60, 37, 8, '3', '2024-10-25 15:00:00'),
(490, 137, 1, 8, '2', '2023-10-10 12:00:00'),
(491, 164, 1, 8, '1', '2022-03-26 13:00:00'),
(492, 527, 1, 8, '3', '2023-05-09 09:00:00'),
(493, 389, 1, 8, '3', '2022-02-18 12:00:00'),
(494, 352, 38, 8, '0', '2022-08-06 11:00:00'),
(495, 308, 35, 8, '3', '2023-04-15 12:00:00'),
(496, 257, 35, 8, '0', '2024-03-02 16:00:00'),
(497, 154, 35, 8, '0', '2025-02-02 10:00:00'),
(498, 323, 35, 8, '0', '2023-01-15 15:00:00'),
(499, 494, 35, 8, '0', '2024-07-02 12:00:00'),
(500, 3, 55, 8, '2', '2024-11-04 12:00:00'),
(501, 412, 35, 8, '1', '2022-11-18 11:00:00'),
(502, 76, 53, 8, '1', '2022-09-16 15:00:00'),
(503, 295, 1, 8, '0', '2023-09-08 16:00:00'),
(504, 468, 1, 8, '2', '2021-03-31 09:00:00'),
(505, 219, 38, 8, '2', '2022-06-25 08:00:00'),
(506, 352, 36, 8, '2', '2023-10-24 13:00:00'),
(507, 284, 1, 8, '0', '2023-10-08 16:00:00'),
(508, 155, 1, 8, '1', '2024-06-24 09:00:00'),
(509, 198, 38, 8, '0', '2022-11-06 13:00:00'),
(510, 392, 35, 8, '2', '2022-01-20 09:00:00'),
(511, 39, 35, 8, '0', '2024-01-03 13:00:00'),
(512, 98, 38, 8, '0', '2023-05-17 11:00:00'),
(513, 295, 35, 8, '2', '2024-01-07 11:00:00'),
(514, 239, 1, 8, '1', '2022-07-20 15:00:00'),
(515, 185, 1, 8, '3', '2021-04-15 15:00:00'),
(516, 175, 1, 8, '0', '2022-05-15 14:00:00'),
(517, 352, 1, 8, '3', '2022-09-08 14:00:00'),
(518, 269, 1, 8, '0', '2022-05-12 11:00:00'),
(519, 397, 38, 8, '1', '2022-11-05 12:00:00'),
(520, 343, 35, 8, '0', '2023-08-09 11:00:00'),
(521, 134, 1, 8, '2', '2024-07-10 10:00:00'),
(522, 335, 1, 8, '0', '2022-06-09 11:00:00'),
(523, 37, 35, 8, '1', '2022-05-28 08:00:00'),
(524, 215, 1, 8, '0', '2024-04-08 12:00:00'),
(525, 215, 35, 8, '3', '2021-07-21 13:00:00'),
(526, 471, 1, 8, '1', '2023-02-03 09:00:00'),
(527, 258, 35, 8, '1', '2022-06-23 12:00:00'),
(528, 73, 35, 8, '3', '2023-04-15 09:00:00'),
(529, 508, 38, 8, '3', '2022-10-30 12:00:00'),
(530, 119, 35, 8, '2', '2021-07-15 12:00:00'),
(531, 200, 1, 8, '3', '2024-09-05 09:00:00'),
(532, 26, 35, 8, '0', '2023-11-05 11:00:00'),
(533, 76, 37, 8, '0', '2023-06-06 15:00:00'),
(534, 213, 35, 8, '2', '2021-11-24 13:00:00'),
(535, 3, 1, 8, '0', '2023-04-05 13:00:00'),
(536, 113, 1, 8, '1', '2025-03-06 09:00:00'),
(537, 207, 1, 8, '2', '2024-02-16 10:00:00'),
(538, 167, 1, 8, '1', '2022-11-04 16:00:00'),
(539, 354, 36, 8, '3', '2023-09-16 13:00:00'),
(540, 364, 52, 8, '1', '2021-11-30 16:00:00'),
(541, 137, 1, 8, '0', '2022-05-05 15:00:00'),
(542, 508, 54, 8, '2', '2023-09-23 13:00:00'),
(543, 23, 35, 8, '3', '2024-11-18 10:00:00'),
(544, 4, 35, 8, '1', '2022-08-18 15:00:00'),
(545, 54, 35, 8, '2', '2023-11-29 09:00:00'),
(546, 113, 1, 8, '2', '2024-06-25 11:00:00'),
(547, 508, 37, 8, '2', '2021-11-30 15:00:00'),
(548, 147, 54, 8, '3', '2024-06-28 10:00:00'),
(549, 68, 4, 8, '3', '2024-11-08 11:00:00'),
(550, 233, 35, 8, '1', '2022-04-28 12:00:00'),
(551, 329, 4, 8, '0', '2021-04-05 09:00:00'),
(552, 17, 1, 8, '2', '2022-11-01 15:00:00'),
(553, 367, 37, 8, '0', '2022-07-11 17:00:00'),
(554, 215, 35, 8, '3', '2022-07-17 11:00:00'),
(555, 272, 35, 8, '2', '2021-08-21 16:00:00'),
(556, 263, 1, 8, '2', '2021-12-31 11:00:00'),
(557, 468, 35, 8, '3', '2022-07-15 11:00:00'),
(558, 494, 1, 8, '1', '2022-08-26 17:00:00'),
(559, 54, 35, 8, '3', '2024-08-30 12:00:00'),
(560, 258, 1, 8, '0', '2024-05-17 16:00:00'),
(561, 95, 37, 8, '1', '2023-07-12 10:00:00'),
(562, 68, 38, 8, '0', '2025-02-02 10:00:00'),
(563, 352, 35, 8, '3', '2024-02-01 14:00:00'),
(564, 218, 1, 8, '2', '2025-03-08 14:00:00'),
(565, 76, 35, 8, '3', '2024-10-30 14:00:00'),
(566, 190, 35, 8, '2', '2022-08-18 14:00:00'),
(567, 68, 54, 8, '1', '2021-09-03 16:00:00'),
(568, 226, 1, 8, '3', '2021-07-01 15:00:00'),
(569, 512, 1, 8, '1', '2022-09-24 16:00:00'),
(570, 409, 1, 8, '0', '2021-11-10 16:00:00'),
(571, 333, 54, 8, '3', '2024-10-02 08:00:00'),
(572, 3, 38, 8, '0', '2023-08-21 16:00:00'),
(573, 258, 1, 8, '1', '2023-05-04 17:00:00'),
(574, 3, 38, 8, '0', '2023-03-19 14:00:00'),
(575, 354, 55, 8, '0', '2024-05-16 16:00:00'),
(576, 239, 55, 8, '1', '2022-05-05 08:00:00'),
(577, 532, 35, 8, '3', '2023-03-26 11:00:00'),
(578, 158, 35, 8, '3', '2022-01-12 15:00:00'),
(579, 324, 35, 8, '1', '2024-11-09 12:00:00'),
(580, 95, 36, 8, '2', '2021-03-26 09:00:00'),
(581, 147, 36, 8, '3', '2021-04-23 14:00:00'),
(582, 226, 55, 8, '0', '2022-07-21 13:00:00'),
(583, 367, 54, 8, '3', '2022-01-29 14:00:00'),
(584, 189, 38, 8, '0', '2022-10-07 13:00:00'),
(585, 406, 1, 8, '3', '2023-03-10 15:00:00'),
(586, 381, 35, 8, '3', '2023-05-08 12:00:00'),
(587, 198, 37, 8, '2', '2023-03-04 14:00:00'),
(588, 406, 53, 8, '0', '2024-04-13 11:00:00'),
(589, 339, 1, 8, '0', '2024-05-13 17:00:00'),
(590, 365, 1, 8, '3', '2024-09-26 15:00:00'),
(591, 38, 1, 8, '0', '2021-12-21 11:00:00'),
(592, 155, 35, 8, '2', '2023-01-07 17:00:00'),
(593, 98, 53, 8, '2', '2022-07-04 16:00:00'),
(594, 75, 35, 8, '1', '2023-09-17 11:00:00'),
(595, 219, 1, 8, '3', '2024-12-22 08:00:00'),
(596, 239, 54, 8, '2', '2024-11-02 15:00:00'),
(597, 147, 1, 8, '3', '2024-09-10 10:00:00'),
(598, 272, 35, 8, '1', '2023-01-13 13:00:00'),
(599, 198, 36, 8, '1', '2022-03-19 16:00:00'),
(600, 495, 55, 8, '0', '2022-02-10 15:00:00'),
(601, 512, 35, 8, '1', '2023-11-03 15:00:00'),
(602, 68, 37, 8, '0', '2023-10-14 10:00:00'),
(603, 88, 1, 8, '0', '2022-04-30 12:00:00'),
(604, 60, 37, 8, '0', '2023-05-04 12:00:00'),
(605, 226, 36, 8, '3', '2024-08-08 14:00:00'),
(606, 516, 1, 8, '2', '2021-07-09 15:00:00'),
(607, 135, 1, 8, '2', '2023-11-21 10:00:00'),
(608, 223, 35, 8, '3', '2021-07-02 15:00:00'),
(609, 147, 55, 8, '2', '2022-08-23 11:00:00'),
(610, 333, 1, 8, '3', '2022-04-10 12:00:00'),
(611, 471, 36, 8, '3', '2024-09-06 11:00:00'),
(612, 495, 38, 8, '1', '2024-07-17 15:00:00'),
(613, 189, 4, 8, '1', '2024-11-14 11:00:00'),
(614, 409, 4, 8, '0', '2023-01-20 14:00:00'),
(615, 137, 1, 8, '0', '2024-02-28 16:00:00'),
(616, 406, 36, 8, '0', '2023-01-04 16:00:00'),
(617, 60, 52, 8, '3', '2023-10-18 16:00:00'),
(618, 480, 35, 8, '1', '2024-03-06 11:00:00'),
(619, 285, 35, 8, '0', '2023-05-11 11:00:00'),
(620, 219, 37, 8, '2', '2022-08-14 11:00:00'),
(621, 284, 35, 8, '2', '2024-06-18 12:00:00'),
(622, 17, 1, 8, '3', '2024-01-28 14:00:00'),
(623, 367, 1, 8, '0', '2023-11-06 16:00:00'),
(624, 364, 4, 8, '1', '2023-11-01 16:00:00'),
(625, 397, 35, 8, '3', '2022-12-26 11:00:00'),
(626, 196, 1, 8, '0', '2023-09-27 11:00:00'),
(627, 24, 1, 8, '2', '2022-02-16 13:00:00'),
(628, 255, 35, 8, '2', '2024-02-11 10:00:00'),
(629, 98, 37, 8, '1', '2021-08-17 09:00:00'),
(630, 468, 37, 8, '2', '2021-05-05 13:00:00'),
(631, 397, 37, 8, '3', '2021-08-22 09:00:00'),
(632, 495, 38, 8, '2', '2022-05-29 13:00:00'),
(633, 60, 1, 8, '2', '2021-03-30 08:00:00'),
(634, 367, 38, 8, '2', '2023-03-11 10:00:00'),
(635, 221, 35, 8, '1', '2022-05-24 12:00:00'),
(636, 406, 37, 8, '3', '2021-08-31 15:00:00'),
(637, 91, 35, 8, '2', '2021-07-30 13:00:00'),
(638, 147, 1, 8, '2', '2024-02-06 10:00:00'),
(639, 409, 38, 8, '0', '2023-08-27 08:00:00'),
(640, 352, 55, 8, '0', '2023-03-02 09:00:00'),
(641, 468, 35, 8, '1', '2023-04-09 10:00:00'),
(642, 365, 1, 8, '3', '2022-08-01 09:00:00'),
(643, 414, 35, 8, '1', '2022-10-11 09:00:00'),
(644, 68, 35, 8, '2', '2022-12-02 11:00:00'),
(645, 52, 4, 8, '2', '2023-01-19 13:00:00'),
(646, 483, 1, 8, '3', '2023-12-17 09:00:00'),
(647, 489, 1, 8, '0', '2024-02-06 09:00:00'),
(648, 365, 1, 8, '1', '2022-04-14 10:00:00'),
(649, 384, 1, 8, '2', '2022-10-04 15:00:00'),
(650, 323, 35, 8, '1', '2022-11-27 13:00:00'),
(651, 346, 55, 8, '3', '2024-07-06 08:00:00'),
(652, 346, 52, 8, '2', '2022-09-27 09:00:00'),
(653, 333, 38, 8, '1', '2023-05-16 15:00:00'),
(654, 189, 55, 8, '2', '2024-06-04 13:00:00'),
(655, 508, 38, 8, '0', '2023-12-19 11:00:00'),
(656, 219, 54, 8, '0', '2023-08-06 10:00:00'),
(657, 271, 35, 8, '3', '2024-10-10 16:00:00'),
(658, 253, 35, 8, '2', '2024-01-26 09:00:00'),
(659, 354, 1, 8, '2', '2023-02-18 12:00:00'),
(660, 337, 35, 8, '0', '2023-12-07 16:00:00'),
(661, 154, 36, 8, '3', '2021-09-28 12:00:00'),
(662, 239, 1, 8, '0', '2023-11-15 08:00:00'),
(663, 452, 1, 8, '2', '2022-03-10 12:00:00'),
(664, 471, 54, 8, '3', '2023-09-13 16:00:00'),
(665, 409, 55, 8, '3', '2024-11-29 11:00:00'),
(666, 467, 35, 8, '1', '2022-08-30 16:00:00'),
(667, 214, 35, 8, '2', '2023-08-25 16:00:00'),
(668, 294, 1, 8, '3', '2023-04-17 14:00:00'),
(669, 521, 1, 8, '2', '2022-05-18 11:00:00'),
(670, 147, 4, 8, '0', '2023-05-25 16:00:00'),
(671, 480, 1, 8, '0', '2024-02-14 11:00:00'),
(672, 373, 35, 8, '1', '2022-05-24 15:00:00'),
(673, 226, 53, 8, '2', '2022-04-27 16:00:00'),
(674, 309, 35, 8, '1', '2024-02-29 11:00:00'),
(675, 189, 38, 8, '1', '2021-05-27 08:00:00'),
(676, 17, 36, 8, '2', '2022-11-17 13:00:00'),
(677, 5, 35, 8, '0', '2023-02-25 10:00:00'),
(678, 398, 35, 8, '0', '2023-12-05 09:00:00'),
(679, 305, 35, 8, '2', '2023-04-27 11:00:00'),
(680, 4, 1, 8, '0', '2023-11-29 14:00:00'),
(681, 5, 55, 8, '0', '2023-10-29 17:00:00'),
(682, 512, 35, 8, '2', '2023-12-02 14:00:00'),
(683, 284, 35, 8, '1', '2022-06-03 14:00:00'),
(684, 367, 1, 8, '0', '2023-10-08 10:00:00'),
(685, 79, 1, 8, '1', '2022-04-29 08:00:00'),
(686, 417, 1, 8, '3', '2024-03-10 09:00:00'),
(687, 263, 35, 8, '1', '2022-10-12 09:00:00'),
(688, 5, 36, 8, '1', '2025-03-02 08:00:00'),
(689, 284, 1, 8, '0', '2023-05-12 10:00:00'),
(690, 397, 54, 8, '0', '2023-12-06 15:00:00'),
(691, 3, 38, 8, '1', '2021-09-07 15:00:00'),
(692, 409, 37, 8, '2', '2023-08-22 16:00:00'),
(693, 110, 1, 8, '0', '2024-01-27 10:00:00'),
(694, 495, 54, 8, '3', '2023-11-11 13:00:00'),
(695, 322, 35, 8, '2', '2023-08-24 16:00:00'),
(696, 499, 1, 8, '1', '2024-11-18 10:00:00'),
(697, 2, 1, 8, '0', '2022-09-19 09:00:00'),
(698, 228, 35, 8, '2', '2022-06-06 16:00:00'),
(699, 243, 1, 8, '2', '2022-10-07 17:00:00'),
(700, 207, 38, 8, '1', '2022-05-15 13:00:00'),
(701, 166, 38, 8, '0', '2024-02-02 15:00:00'),
(702, 37, 35, 8, '0', '2023-07-14 10:00:00'),
(703, 272, 1, 8, '0', '2023-09-17 12:00:00'),
(704, 68, 36, 8, '0', '2023-03-31 12:00:00'),
(705, 9, 1, 8, '0', '2023-12-31 13:00:00'),
(706, 409, 1, 8, '1', '2022-10-11 09:00:00'),
(707, 428, 35, 8, '1', '2025-01-03 14:00:00'),
(708, 409, 54, 8, '2', '2021-06-07 09:00:00'),
(709, 166, 53, 8, '3', '2024-11-22 09:00:00'),
(710, 256, 1, 8, '2', '2024-10-29 15:00:00'),
(711, 537, 1, 8, '2', '2022-07-07 15:00:00'),
(712, 343, 35, 8, '0', '2022-10-29 13:00:00'),
(713, 227, 1, 8, '3', '2025-01-12 12:00:00'),
(714, 529, 35, 8, '2', '2022-03-22 08:00:00'),
(715, 398, 35, 8, '0', '2022-02-16 13:00:00'),
(716, 498, 1, 8, '2', '2022-05-25 17:00:00'),
(717, 113, 35, 8, '1', '2022-05-27 11:00:00'),
(718, 164, 1, 8, '3', '2022-01-29 17:00:00'),
(719, 354, 54, 8, '3', '2022-06-18 13:00:00'),
(720, 382, 1, 8, '1', '2021-07-18 11:00:00'),
(721, 189, 4, 8, '2', '2023-04-08 13:00:00'),
(722, 227, 1, 8, '1', '2025-02-22 09:00:00'),
(723, 367, 4, 8, '3', '2023-05-23 10:00:00'),
(724, 226, 1, 8, '2', '2024-02-12 16:00:00'),
(725, 122, 35, 8, '2', '2022-03-13 16:00:00'),
(726, 451, 1, 8, '0', '2022-06-28 14:00:00'),
(727, 493, 1, 8, '1', '2023-03-02 12:00:00'),
(728, 409, 53, 8, '3', '2021-12-18 12:00:00'),
(729, 2, 35, 8, '3', '2024-11-20 09:00:00'),
(730, 135, 1, 8, '0', '2022-06-30 14:00:00'),
(731, 189, 53, 8, '2', '2022-06-14 11:00:00'),
(732, 116, 1, 8, '3', '2024-02-26 10:00:00'),
(733, 5, 53, 8, '2', '2023-04-20 11:00:00'),
(734, 239, 55, 8, '3', '2024-12-24 17:00:00'),
(735, 76, 55, 8, '3', '2022-07-13 10:00:00'),
(736, 137, 35, 8, '3', '2023-06-26 09:00:00'),
(737, 243, 35, 8, '3', '2023-04-27 13:00:00'),
(738, 215, 35, 8, '1', '2023-09-24 17:00:00'),
(739, 352, 35, 8, '1', '2021-08-31 16:00:00'),
(740, 95, 55, 8, '3', '2023-10-10 13:00:00'),
(741, 374, 1, 8, '0', '2024-06-16 10:00:00'),
(742, 374, 1, 8, '2', '2024-08-22 13:00:00'),
(743, 360, 35, 8, '3', '2024-12-16 15:00:00'),
(744, 346, 36, 8, '2', '2022-08-31 09:00:00'),
(745, 406, 38, 8, '0', '2023-11-07 09:00:00'),
(746, 198, 1, 8, '3', '2022-11-27 17:00:00'),
(747, 397, 37, 8, '1', '2022-09-15 11:00:00'),
(748, 239, 54, 8, '3', '2023-01-16 08:00:00'),
(749, 17, 38, 8, '3', '2022-07-02 11:00:00'),
(750, 367, 35, 8, '2', '2024-10-28 15:00:00'),
(751, 156, 35, 8, '0', '2023-10-10 12:00:00'),
(752, 196, 1, 8, '3', '2024-11-27 17:00:00'),
(753, 508, 37, 8, '0', '2021-05-16 13:00:00'),
(754, 364, 35, 8, '0', '2022-11-07 12:00:00'),
(755, 434, 35, 8, '0', '2024-08-31 13:00:00'),
(756, 155, 35, 8, '3', '2022-08-06 17:00:00'),
(757, 5, 37, 8, '1', '2021-08-21 17:00:00'),
(758, 352, 1, 8, '2', '2024-09-28 09:00:00'),
(759, 38, 1, 8, '2', '2022-01-21 15:00:00'),
(760, 333, 37, 8, '3', '2023-01-24 16:00:00'),
(761, 346, 36, 8, '2', '2022-06-01 12:00:00'),
(762, 147, 4, 8, '2', '2024-11-11 13:00:00'),
(763, 508, 54, 8, '2', '2021-04-26 14:00:00'),
(764, 524, 35, 8, '2', '2022-02-09 13:00:00'),
(765, 436, 1, 8, '2', '2024-07-23 16:00:00'),
(766, 226, 35, 8, '3', '2021-11-24 17:00:00'),
(767, 527, 35, 8, '1', '2023-06-04 17:00:00'),
(768, 198, 1, 8, '1', '2023-01-03 11:00:00'),
(769, 354, 37, 8, '3', '2022-07-02 11:00:00'),
(770, 219, 1, 8, '2', '2024-03-29 10:00:00'),
(771, 339, 35, 8, '2', '2022-03-30 16:00:00'),
(772, 373, 1, 8, '2', '2023-11-28 08:00:00'),
(773, 397, 1, 8, '2', '2023-04-19 11:00:00'),
(774, 325, 1, 8, '1', '2021-10-10 11:00:00'),
(775, 3, 4, 8, '0', '2023-05-05 14:00:00'),
(776, 190, 1, 8, '0', '2023-03-17 13:00:00'),
(777, 532, 35, 8, '2', '2021-05-30 10:00:00'),
(778, 243, 1, 8, '3', '2022-05-09 14:00:00'),
(779, 454, 1, 8, '1', '2021-06-06 16:00:00'),
(780, 239, 37, 8, '2', '2024-09-20 10:00:00'),
(781, 494, 1, 8, '2', '2023-06-16 14:00:00'),
(782, 76, 54, 8, '1', '2023-03-06 14:00:00'),
(783, 527, 1, 8, '2', '2022-09-01 15:00:00'),
(784, 52, 36, 8, '2', '2023-01-28 11:00:00'),
(785, 295, 1, 8, '0', '2023-10-08 12:00:00'),
(786, 406, 38, 8, '0', '2024-06-04 13:00:00'),
(787, 354, 54, 8, '2', '2024-10-20 15:00:00'),
(788, 493, 35, 8, '0', '2023-09-19 14:00:00'),
(789, 333, 1, 8, '3', '2022-10-11 09:00:00'),
(790, 112, 1, 8, '2', '2024-03-10 15:00:00'),
(791, 190, 1, 8, '2', '2022-02-25 11:00:00'),
(792, 402, 1, 8, '3', '2021-08-22 09:00:00'),
(793, 409, 36, 8, '2', '2021-07-01 15:00:00'),
(794, 390, 1, 8, '1', '2021-10-01 12:00:00'),
(795, 98, 1, 8, '0', '2022-08-23 11:00:00'),
(796, 22, 1, 8, '1', '2024-12-26 15:00:00'),
(797, 367, 55, 8, '0', '2022-12-11 08:00:00'),
(798, 204, 35, 8, '2', '2021-09-16 16:00:00'),
(799, 361, 35, 8, '2', '2023-12-27 11:00:00'),
(800, 313, 35, 8, '0', '2024-11-21 11:00:00'),
(801, 260, 1, 8, '3', '2025-01-15 11:00:00'),
(802, 24, 35, 8, '0', '2022-08-06 13:00:00'),
(803, 432, 35, 8, '0', '2025-02-23 15:00:00'),
(804, 386, 1, 8, '3', '2025-01-14 12:00:00'),
(805, 207, 55, 8, '0', '2022-12-17 14:00:00'),
(806, 147, 53, 8, '2', '2023-02-09 12:00:00'),
(807, 495, 37, 8, '2', '2023-02-05 12:00:00'),
(808, 489, 35, 8, '1', '2023-03-10 10:00:00'),
(809, 26, 35, 8, '1', '2024-02-17 10:00:00'),
(810, 17, 38, 8, '3', '2023-03-25 16:00:00'),
(811, 415, 35, 8, '3', '2023-07-31 11:00:00'),
(812, 60, 35, 8, '2', '2024-11-28 11:00:00'),
(813, 406, 52, 8, '3', '2025-01-16 11:00:00'),
(814, 386, 35, 8, '2', '2021-06-24 16:00:00'),
(815, 356, 35, 8, '3', '2021-11-25 16:00:00'),
(816, 354, 53, 8, '1', '2023-06-02 13:00:00'),
(817, 156, 1, 8, '0', '2024-09-23 10:00:00'),
(818, 248, 1, 8, '1', '2023-11-16 13:00:00'),
(819, 512, 1, 8, '2', '2022-11-29 14:00:00'),
(820, 52, 54, 8, '2', '2023-06-02 15:00:00'),
(821, 392, 1, 8, '3', '2022-04-14 10:00:00'),
(822, 78, 1, 8, '3', '2021-07-14 13:00:00'),
(823, 354, 1, 8, '3', '2021-09-23 12:00:00'),
(824, 52, 1, 8, '2', '2022-02-22 11:00:00'),
(825, 52, 37, 8, '2', '2023-11-01 11:00:00'),
(826, 333, 4, 8, '3', '2021-11-05 16:00:00'),
(827, 147, 4, 8, '2', '2022-08-07 11:00:00'),
(828, 521, 35, 8, '2', '2023-12-13 13:00:00'),
(829, 135, 35, 8, '2', '2023-09-05 14:00:00'),
(830, 226, 1, 8, '3', '2024-02-21 10:00:00'),
(831, 8, 1, 8, '1', '2023-10-12 14:00:00'),
(832, 329, 55, 8, '2', '2022-05-28 16:00:00'),
(833, 167, 35, 8, '0', '2024-01-21 10:00:00'),
(834, 508, 1, 8, '1', '2022-08-01 16:00:00'),
(835, 226, 53, 8, '0', '2023-01-06 14:00:00'),
(836, 335, 1, 8, '0', '2023-12-03 12:00:00'),
(837, 439, 1, 8, '2', '2023-04-21 08:00:00'),
(838, 367, 37, 8, '2', '2022-09-02 08:00:00'),
(839, 76, 1, 8, '1', '2022-05-17 15:00:00'),
(840, 17, 55, 8, '1', '2023-01-20 15:00:00'),
(841, 345, 1, 8, '3', '2024-06-16 13:00:00'),
(842, 68, 37, 8, '2', '2023-12-04 13:00:00'),
(843, 346, 53, 8, '2', '2021-03-24 17:00:00'),
(844, 414, 35, 8, '2', '2022-05-19 17:00:00'),
(845, 3, 37, 8, '3', '2021-11-29 13:00:00'),
(846, 98, 4, 8, '1', '2024-02-03 11:00:00'),
(847, 239, 4, 8, '2', '2024-07-05 09:00:00'),
(848, 38, 35, 8, '2', '2022-10-22 09:00:00'),
(849, 219, 55, 8, '2', '2022-04-01 13:00:00'),
(850, 406, 36, 8, '2', '2023-12-11 15:00:00'),
(851, 495, 37, 8, '0', '2022-02-04 14:00:00'),
(852, 68, 55, 8, '0', '2024-03-17 12:00:00'),
(853, 98, 36, 8, '3', '2022-09-20 09:00:00'),
(854, 355, 1, 8, '0', '2024-09-21 10:00:00'),
(855, 409, 37, 8, '2', '2024-07-16 16:00:00'),
(856, 294, 1, 8, '3', '2023-09-03 17:00:00'),
(857, 508, 1, 8, '0', '2023-06-10 13:00:00'),
(858, 166, 38, 8, '3', '2023-07-10 13:00:00'),
(859, 495, 36, 8, '0', '2023-04-01 08:00:00'),
(860, 100, 1, 8, '1', '2024-11-29 08:00:00'),
(861, 415, 35, 8, '3', '2021-09-17 12:00:00'),
(862, 37, 1, 8, '3', '2023-05-25 09:00:00'),
(863, 104, 35, 8, '2', '2021-04-06 15:00:00'),
(864, 162, 35, 8, '0', '2022-12-27 15:00:00'),
(865, 146, 35, 8, '2', '2022-07-21 10:00:00'),
(866, 468, 55, 8, '0', '2024-10-21 16:00:00'),
(867, 143, 35, 8, '2', '2023-10-08 10:00:00'),
(868, 221, 1, 8, '2', '2022-05-09 11:00:00'),
(869, 340, 1, 8, '3', '2021-11-18 17:00:00'),
(870, 367, 38, 8, '0', '2024-02-15 13:00:00'),
(871, 393, 35, 8, '2', '2021-09-11 16:00:00'),
(872, 451, 35, 8, '1', '2023-10-16 16:00:00'),
(873, 367, 37, 8, '0', '2023-07-26 17:00:00'),
(874, 100, 35, 8, '2', '2023-11-29 17:00:00'),
(875, 409, 1, 8, '0', '2022-10-13 14:00:00'),
(876, 352, 4, 8, '0', '2024-10-06 15:00:00'),
(877, 354, 1, 8, '2', '2024-11-21 12:00:00'),
(878, 95, 38, 8, '3', '2022-10-08 16:00:00'),
(879, 146, 1, 8, '1', '2024-01-19 15:00:00'),
(880, 364, 38, 8, '0', '2022-12-15 16:00:00'),
(881, 95, 35, 8, '0', '2021-06-20 08:00:00'),
(882, 410, 35, 8, '0', '2022-08-06 10:00:00'),
(883, 50, 1, 8, '1', '2022-06-06 12:00:00'),
(884, 457, 1, 8, '0', '2024-08-26 11:00:00'),
(885, 471, 1, 8, '1', '2022-08-28 12:00:00'),
(886, 345, 1, 8, '3', '2024-01-20 13:00:00'),
(887, 27, 35, 8, '0', '2022-02-03 14:00:00'),
(888, 346, 54, 8, '3', '2022-04-16 16:00:00'),
(889, 95, 55, 8, '1', '2025-03-03 16:00:00'),
(890, 198, 1, 8, '3', '2024-07-18 09:00:00'),
(891, 189, 37, 8, '1', '2024-04-08 12:00:00'),
(892, 409, 35, 8, '0', '2022-10-31 09:00:00'),
(893, 239, 53, 8, '3', '2023-08-10 10:00:00'),
(894, 312, 1, 8, '1', '2024-02-12 12:00:00'),
(895, 27, 1, 8, '1', '2024-02-07 10:00:00'),
(896, 406, 55, 8, '3', '2022-06-04 11:00:00'),
(897, 167, 35, 8, '0', '2022-11-08 08:00:00'),
(898, 329, 35, 8, '2', '2022-06-15 16:00:00'),
(899, 2, 1, 8, '1', '2022-07-14 14:00:00'),
(900, 65, 35, 8, '0', '2023-11-15 14:00:00'),
(901, 52, 4, 8, '2', '2022-06-20 16:00:00'),
(902, 313, 1, 8, '2', '2022-06-12 17:00:00'),
(903, 329, 38, 8, '3', '2022-06-13 10:00:00'),
(904, 279, 1, 8, '2', '2023-06-12 14:00:00'),
(905, 264, 1, 8, '2', '2023-08-27 12:00:00'),
(906, 433, 1, 8, '1', '2024-05-11 09:00:00'),
(907, 214, 35, 8, '2', '2023-09-11 13:00:00'),
(908, 397, 1, 8, '0', '2024-03-31 14:00:00'),
(909, 17, 37, 8, '1', '2023-12-03 08:00:00'),
(910, 495, 36, 8, '2', '2023-04-25 10:00:00'),
(911, 95, 53, 8, '2', '2023-01-09 12:00:00'),
(912, 164, 35, 8, '0', '2024-02-24 12:00:00'),
(913, 364, 53, 8, '0', '2024-11-09 11:00:00'),
(914, 468, 4, 8, '1', '2024-11-26 09:00:00'),
(915, 221, 35, 8, '0', '2024-07-31 13:00:00'),
(916, 223, 1, 8, '1', '2023-06-06 09:00:00'),
(917, 392, 1, 8, '1', '2023-07-09 12:00:00'),
(918, 166, 35, 8, '2', '2023-04-17 08:00:00'),
(919, 406, 53, 8, '0', '2024-01-10 17:00:00'),
(920, 134, 35, 8, '1', '2024-04-13 09:00:00'),
(921, 453, 35, 8, '3', '2022-09-20 09:00:00'),
(922, 151, 35, 8, '2', '2023-04-16 17:00:00'),
(923, 95, 36, 8, '1', '2023-11-01 12:00:00'),
(924, 52, 54, 8, '0', '2024-10-10 15:00:00'),
(925, 471, 1, 8, '3', '2022-11-08 15:00:00'),
(926, 367, 36, 8, '1', '2024-05-05 16:00:00'),
(927, 207, 36, 8, '1', '2024-01-26 09:00:00'),
(928, 263, 35, 8, '2', '2021-08-30 08:00:00'),
(929, 17, 55, 8, '1', '2024-04-29 17:00:00'),
(930, 154, 1, 8, '1', '2024-04-11 12:00:00'),
(931, 207, 4, 8, '0', '2022-04-17 12:00:00'),
(932, 335, 1, 8, '3', '2023-11-23 17:00:00'),
(933, 23, 1, 8, '3', '2022-10-30 13:00:00'),
(934, 44, 1, 8, '3', '2023-11-18 08:00:00'),
(935, 508, 55, 8, '2', '2024-01-11 09:00:00'),
(936, 68, 36, 8, '3', '2022-10-20 14:00:00'),
(937, 346, 35, 8, '3', '2021-06-06 11:00:00'),
(938, 495, 53, 8, '0', '2021-12-18 10:00:00'),
(939, 5, 55, 8, '1', '2021-08-24 16:00:00'),
(940, 439, 35, 8, '3', '2023-08-09 13:00:00'),
(941, 5, 1, 8, '1', '2024-02-10 10:00:00'),
(942, 232, 1, 8, '0', '2023-11-18 13:00:00'),
(943, 64, 1, 8, '2', '2024-11-06 13:00:00'),
(944, 468, 55, 8, '1', '2022-06-23 16:00:00'),
(945, 3, 1, 8, '1', '2024-04-11 12:00:00'),
(946, 333, 36, 8, '2', '2024-10-23 14:00:00'),
(947, 352, 38, 8, '0', '2023-01-02 14:00:00'),
(948, 166, 37, 8, '0', '2023-01-09 13:00:00'),
(949, 365, 35, 8, '1', '2023-03-25 14:00:00'),
(950, 404, 1, 8, '2', '2024-01-29 14:00:00'),
(951, 104, 1, 8, '3', '2022-08-22 12:00:00'),
(952, 329, 4, 8, '3', '2023-02-15 11:00:00'),
(953, 189, 1, 8, '3', '2023-05-18 10:00:00'),
(954, 60, 55, 8, '3', '2024-03-15 14:00:00'),
(955, 329, 36, 8, '0', '2023-11-29 12:00:00'),
(956, 239, 1, 8, '0', '2022-11-17 16:00:00'),
(957, 155, 35, 8, '2', '2024-05-27 12:00:00'),
(958, 406, 37, 8, '2', '2024-01-29 13:00:00'),
(959, 468, 52, 8, '1', '2022-06-09 12:00:00'),
(960, 353, 1, 8, '1', '2023-12-15 16:00:00'),
(961, 468, 38, 8, '3', '2022-05-05 17:00:00'),
(962, 207, 55, 8, '2', '2024-08-02 14:00:00'),
(963, 409, 38, 8, '2', '2024-08-04 14:00:00'),
(964, 467, 1, 8, '1', '2021-09-30 11:00:00'),
(965, 471, 53, 8, '0', '2022-11-09 08:00:00'),
(966, 360, 35, 8, '3', '2022-12-25 16:00:00'),
(967, 375, 1, 8, '2', '2023-10-02 11:00:00'),
(968, 198, 35, 8, '3', '2023-04-08 14:00:00'),
(969, 134, 1, 8, '2', '2021-08-13 10:00:00'),
(970, 459, 1, 8, '3', '2023-11-30 10:00:00'),
(971, 508, 54, 8, '3', '2023-03-05 09:00:00'),
(972, 158, 35, 8, '2', '2023-05-23 13:00:00'),
(973, 397, 52, 8, '3', '2023-08-23 11:00:00'),
(974, 468, 38, 8, '2', '2024-02-20 13:00:00'),
(975, 434, 1, 8, '1', '2021-08-04 09:00:00'),
(976, 303, 1, 8, '1', '2023-06-13 08:00:00'),
(977, 95, 1, 8, '1', '2024-06-16 11:00:00'),
(978, 226, 55, 8, '1', '2022-02-15 15:00:00'),
(979, 305, 35, 8, '2', '2024-11-15 12:00:00'),
(980, 92, 35, 8, '1', '2023-06-03 09:00:00'),
(981, 226, 36, 8, '2', '2024-11-03 13:00:00'),
(982, 333, 37, 8, '3', '2023-04-11 14:00:00'),
(983, 30, 1, 8, '3', '2022-11-05 13:00:00'),
(984, 226, 38, 8, '3', '2023-06-27 14:00:00'),
(985, 432, 1, 8, '1', '2023-10-14 13:00:00'),
(986, 305, 1, 8, '1', '2023-08-15 17:00:00'),
(987, 239, 35, 8, '3', '2023-05-12 10:00:00'),
(988, 495, 1, 8, '3', '2022-11-25 10:00:00'),
(989, 426, 1, 8, '1', '2024-12-16 15:00:00'),
(990, 118, 1, 8, '0', '2022-04-28 11:00:00'),
(991, 269, 35, 8, '3', '2024-03-09 17:00:00'),
(992, 470, 35, 8, '1', '2024-04-26 10:00:00'),
(993, 226, 52, 8, '3', '2022-10-05 13:00:00'),
(994, 198, 37, 8, '0', '2021-12-13 10:00:00'),
(995, 17, 4, 8, '1', '2021-12-17 12:00:00'),
(996, 60, 53, 8, '2', '2024-01-20 14:00:00'),
(997, 412, 35, 8, '3', '2024-04-17 10:00:00'),
(998, 311, 35, 8, '0', '2023-03-19 12:00:00'),
(999, 269, 35, 8, '0', '2023-03-15 10:00:00'),
(1000, 333, 35, 8, '3', '2022-04-25 12:00:00'),
(1001, 95, 53, 8, '3', '2023-12-13 14:00:00'),
(1002, 451, 35, 8, '1', '2024-01-29 17:00:00'),
(1003, 195, 1, 8, '2', '2024-10-07 16:00:00'),
(1004, 495, 37, 8, '3', '2023-11-08 12:00:00'),
(1005, 95, 55, 8, '0', '2022-12-16 13:00:00'),
(1006, 239, 1, 8, '2', '2024-01-12 11:00:00'),
(1007, 5, 1, 8, '3', '2023-01-13 14:00:00'),
(1008, 60, 1, 8, '2', '2023-06-18 10:00:00'),
(1009, 367, 1, 8, '2', '2023-02-28 13:00:00'),
(1010, 198, 38, 8, '0', '2023-01-21 09:00:00'),
(1011, 154, 4, 8, '1', '2025-02-27 16:00:00'),
(1012, 468, 37, 8, '3', '2022-07-17 09:00:00'),
(1013, 356, 1, 8, '2', '2024-02-18 11:00:00'),
(1014, 5, 1, 8, '0', '2021-12-01 15:00:00'),
(1015, 423, 35, 8, '3', '2021-03-19 10:00:00'),
(1016, 495, 4, 8, '3', '2023-10-17 14:00:00'),
(1017, 409, 37, 8, '0', '2024-03-12 13:00:00'),
(1018, 346, 4, 8, '1', '2021-09-27 12:00:00'),
(1019, 393, 1, 8, '2', '2022-12-15 12:00:00'),
(1020, 457, 1, 8, '3', '2022-10-15 17:00:00'),
(1021, 227, 35, 8, '0', '2023-07-08 09:00:00'),
(1022, 258, 35, 8, '0', '2023-07-12 09:00:00'),
(1023, 397, 53, 8, '3', '2022-11-20 13:00:00'),
(1024, 499, 35, 8, '1', '2023-07-31 09:00:00'),
(1025, 219, 38, 8, '3', '2023-12-06 09:00:00'),
(1026, 397, 53, 8, '2', '2022-06-13 13:00:00'),
(1027, 226, 55, 8, '1', '2025-02-16 08:00:00'),
(1028, 64, 1, 8, '1', '2021-03-24 11:00:00'),
(1029, 367, 4, 8, '3', '2022-08-18 09:00:00'),
(1030, 367, 1, 8, '3', '2022-08-27 17:00:00'),
(1031, 409, 38, 8, '1', '2022-02-07 15:00:00'),
(1032, 207, 4, 8, '3', '2022-03-07 11:00:00'),
(1033, 390, 35, 8, '1', '2024-04-04 10:00:00'),
(1034, 428, 35, 8, '0', '2021-11-05 09:00:00'),
(1035, 508, 35, 8, '0', '2024-03-28 14:00:00'),
(1036, 104, 1, 8, '3', '2022-11-29 12:00:00'),
(1037, 312, 1, 8, '3', '2023-02-09 13:00:00'),
(1038, 329, 35, 8, '3', '2022-11-06 12:00:00'),
(1039, 68, 52, 8, '3', '2022-07-29 11:00:00'),
(1040, 92, 35, 8, '1', '2023-01-02 16:00:00'),
(1041, 333, 53, 8, '1', '2022-08-18 10:00:00'),
(1042, 367, 55, 8, '1', '2021-08-02 08:00:00'),
(1043, 219, 1, 8, '0', '2023-08-20 14:00:00'),
(1044, 313, 35, 8, '3', '2022-08-02 13:00:00'),
(1045, 406, 54, 8, '0', '2022-04-01 13:00:00'),
(1046, 76, 4, 8, '0', '2024-09-18 17:00:00'),
(1047, 323, 1, 8, '3', '2023-03-11 17:00:00'),
(1048, 207, 52, 8, '3', '2022-11-30 12:00:00'),
(1049, 95, 52, 8, '2', '2022-08-18 15:00:00'),
(1050, 386, 1, 8, '3', '2022-03-29 08:00:00'),
(1051, 398, 1, 8, '2', '2021-07-23 12:00:00'),
(1052, 352, 1, 8, '1', '2024-06-18 11:00:00'),
(1053, 329, 1, 8, '3', '2022-09-12 15:00:00'),
(1054, 5, 36, 8, '0', '2023-07-13 09:00:00'),
(1055, 537, 1, 8, '1', '2023-12-30 14:00:00'),
(1056, 17, 52, 8, '3', '2022-06-07 10:00:00'),
(1057, 406, 35, 8, '1', '2022-06-12 11:00:00'),
(1058, 50, 1, 8, '1', '2023-06-24 13:00:00'),
(1059, 3, 54, 8, '0', '2022-08-08 09:00:00'),
(1060, 219, 36, 8, '1', '2024-02-20 08:00:00'),
(1061, 76, 36, 8, '2', '2023-12-08 10:00:00'),
(1062, 147, 37, 8, '1', '2023-05-26 16:00:00'),
(1063, 223, 1, 8, '2', '2022-07-27 09:00:00'),
(1064, 367, 38, 8, '2', '2023-10-14 15:00:00'),
(1065, 189, 54, 8, '0', '2022-05-26 16:00:00'),
(1066, 196, 35, 8, '3', '2022-06-27 14:00:00'),
(1067, 52, 55, 8, '3', '2023-02-12 13:00:00'),
(1068, 207, 1, 8, '1', '2024-11-17 12:00:00'),
(1069, 333, 54, 8, '2', '2023-04-29 12:00:00'),
(1070, 352, 55, 8, '3', '2023-01-28 15:00:00'),
(1071, 423, 1, 8, '0', '2022-08-21 16:00:00'),
(1072, 147, 54, 8, '3', '2023-02-21 12:00:00'),
(1073, 454, 1, 8, '3', '2022-11-25 12:00:00'),
(1074, 24, 1, 8, '2', '2023-10-25 11:00:00'),
(1075, 285, 1, 8, '1', '2024-09-05 11:00:00'),
(1076, 415, 1, 8, '3', '2022-08-24 08:00:00'),
(1077, 352, 1, 8, '1', '2021-03-27 10:00:00'),
(1078, 227, 35, 8, '3', '2024-09-21 11:00:00'),
(1079, 156, 1, 8, '3', '2022-06-15 09:00:00'),
(1080, 239, 38, 8, '3', '2023-01-19 13:00:00'),
(1081, 389, 35, 8, '1', '2024-12-29 13:00:00'),
(1082, 166, 4, 8, '2', '2023-10-21 12:00:00'),
(1083, 387, 1, 8, '2', '2021-03-30 15:00:00'),
(1084, 26, 35, 8, '1', '2022-01-02 17:00:00'),
(1085, 370, 1, 8, '0', '2022-08-10 15:00:00'),
(1086, 269, 1, 8, '2', '2021-03-20 16:00:00'),
(1087, 498, 1, 8, '1', '2022-09-15 10:00:00'),
(1088, 409, 54, 8, '0', '2023-04-13 15:00:00'),
(1089, 436, 1, 8, '0', '2021-11-09 17:00:00'),
(1090, 223, 35, 8, '0', '2021-05-30 16:00:00'),
(1091, 91, 35, 8, '3', '2024-08-01 16:00:00'),
(1092, 384, 1, 8, '3', '2024-04-23 09:00:00'),
(1093, 409, 55, 8, '3', '2023-07-12 10:00:00'),
(1094, 409, 36, 8, '3', '2022-09-24 16:00:00'),
(1095, 346, 38, 8, '2', '2021-06-09 16:00:00'),
(1096, 54, 1, 8, '1', '2022-01-19 15:00:00'),
(1097, 260, 35, 8, '3', '2024-05-03 17:00:00'),
(1098, 5, 38, 8, '1', '2021-07-28 12:00:00'),
(1099, 382, 35, 8, '3', '2024-02-24 09:00:00'),
(1100, 92, 1, 8, '1', '2024-06-21 13:00:00'),
(1101, 414, 1, 8, '3', '2021-04-01 08:00:00'),
(1102, 154, 37, 8, '0', '2024-11-15 10:00:00'),
(1103, 189, 1, 8, '2', '2022-04-15 10:00:00'),
(1104, 489, 1, 8, '1', '2024-02-26 16:00:00'),
(1105, 279, 1, 8, '0', '2021-08-16 10:00:00'),
(1106, 263, 1, 8, '0', '2022-08-31 12:00:00'),
(1107, 409, 36, 8, '2', '2021-05-01 12:00:00'),
(1108, 329, 54, 8, '1', '2024-01-13 09:00:00'),
(1109, 23, 35, 8, '0', '2023-11-11 13:00:00'),
(1110, 30, 35, 8, '3', '2022-06-02 17:00:00'),
(1111, 325, 35, 8, '2', '2023-05-30 09:00:00'),
(1112, 364, 53, 8, '1', '2024-06-11 14:00:00'),
(1113, 468, 38, 8, '1', '2023-06-15 14:00:00'),
(1114, 52, 38, 8, '1', '2023-07-03 12:00:00'),
(1115, 166, 1, 8, '1', '2022-10-07 13:00:00'),
(1116, 189, 35, 8, '3', '2023-05-13 16:00:00'),
(1117, 104, 35, 8, '3', '2023-09-04 15:00:00'),
(1118, 95, 38, 8, '2', '2022-05-21 16:00:00'),
(1119, 333, 1, 8, '1', '2021-10-31 17:00:00'),
(1120, 60, 55, 8, '2', '2023-09-05 16:00:00'),
(1121, 255, 35, 8, '2', '2023-01-19 17:00:00'),
(1122, 508, 35, 8, '2', '2025-02-14 11:00:00'),
(1123, 397, 36, 8, '1', '2024-07-05 09:00:00');
INSERT INTO `ETU_competence_evaluation` (`id_competence_evaluation`, `id_etudiant`, `id_apprentissage_critique`, `id_evaluation_type`, `evaluation`, `date`) VALUES
(1124, 425, 1, 8, '0', '2022-10-25 15:00:00'),
(1125, 273, 1, 8, '3', '2021-05-03 14:00:00'),
(1126, 190, 35, 8, '1', '2023-11-27 17:00:00'),
(1127, 95, 54, 8, '0', '2023-01-05 13:00:00'),
(1128, 260, 35, 8, '0', '2022-03-13 12:00:00'),
(1129, 346, 36, 8, '1', '2021-10-23 08:00:00'),
(1130, 425, 35, 8, '3', '2023-05-21 09:00:00'),
(1131, 219, 55, 8, '2', '2022-06-04 11:00:00'),
(1132, 417, 35, 8, '1', '2021-04-30 13:00:00'),
(1133, 36, 1, 8, '3', '2023-04-07 11:00:00'),
(1134, 352, 54, 8, '1', '2021-08-02 12:00:00'),
(1135, 405, 1, 8, '1', '2022-06-07 08:00:00'),
(1136, 78, 1, 8, '0', '2023-01-08 10:00:00'),
(1137, 453, 35, 8, '2', '2023-06-16 09:00:00'),
(1138, 175, 1, 8, '3', '2023-09-11 08:00:00'),
(1139, 406, 53, 8, '3', '2023-09-04 15:00:00'),
(1140, 409, 4, 8, '1', '2022-09-10 16:00:00'),
(1141, 154, 35, 8, '0', '2022-12-03 11:00:00'),
(1142, 23, 1, 8, '0', '2021-07-06 12:00:00'),
(1143, 329, 37, 8, '3', '2024-02-21 09:00:00'),
(1144, 333, 1, 8, '2', '2024-08-28 11:00:00'),
(1145, 189, 1, 8, '1', '2024-03-02 13:00:00'),
(1146, 110, 1, 8, '0', '2022-04-04 13:00:00'),
(1147, 206, 35, 8, '1', '2024-07-10 08:00:00'),
(1148, 154, 54, 8, '0', '2021-09-24 13:00:00'),
(1149, 494, 35, 8, '1', '2021-05-29 10:00:00'),
(1150, 219, 38, 8, '2', '2023-04-30 14:00:00'),
(1151, 434, 35, 8, '0', '2022-12-07 13:00:00'),
(1152, 219, 54, 8, '3', '2024-02-18 16:00:00'),
(1153, 112, 35, 8, '3', '2023-05-09 10:00:00'),
(1154, 166, 1, 8, '2', '2025-01-29 12:00:00'),
(1155, 228, 35, 8, '1', '2023-04-02 13:00:00'),
(1156, 471, 52, 8, '1', '2024-07-12 17:00:00'),
(1157, 122, 35, 8, '3', '2022-06-09 09:00:00'),
(1158, 52, 1, 8, '0', '2022-01-12 10:00:00'),
(1159, 226, 37, 8, '3', '2022-09-20 17:00:00'),
(1160, 406, 54, 8, '3', '2024-02-11 10:00:00'),
(1161, 68, 1, 8, '1', '2022-08-26 09:00:00'),
(1162, 370, 1, 8, '1', '2022-09-24 08:00:00'),
(1163, 147, 52, 8, '0', '2021-12-16 13:00:00'),
(1164, 354, 4, 8, '0', '2022-04-05 16:00:00'),
(1165, 76, 54, 8, '1', '2024-02-18 17:00:00'),
(1166, 68, 1, 8, '2', '2024-07-22 14:00:00'),
(1167, 452, 35, 8, '3', '2024-06-07 13:00:00'),
(1168, 508, 55, 8, '2', '2023-06-27 15:00:00'),
(1169, 219, 53, 8, '2', '2024-06-01 14:00:00'),
(1170, 426, 35, 8, '0', '2022-01-25 08:00:00'),
(1171, 41, 35, 8, '1', '2023-04-27 16:00:00'),
(1172, 207, 54, 8, '0', '2022-03-29 13:00:00'),
(1173, 386, 35, 8, '0', '2023-01-18 12:00:00'),
(1174, 158, 1, 8, '1', '2021-04-05 09:00:00'),
(1175, 396, 35, 8, '0', '2023-01-26 11:00:00'),
(1176, 483, 1, 8, '2', '2021-09-29 13:00:00'),
(1177, 508, 36, 8, '3', '2024-08-06 15:00:00'),
(1178, 219, 4, 8, '2', '2022-07-24 08:00:00'),
(1179, 5, 1, 8, '2', '2022-06-16 12:00:00'),
(1180, 166, 37, 8, '1', '2022-04-19 13:00:00'),
(1181, 313, 1, 8, '1', '2021-05-19 13:00:00'),
(1182, 95, 38, 8, '1', '2024-06-15 11:00:00'),
(1183, 353, 35, 8, '3', '2024-10-29 15:00:00'),
(1184, 116, 35, 8, '2', '2022-04-30 15:00:00'),
(1185, 95, 4, 8, '3', '2023-10-25 12:00:00'),
(1186, 154, 38, 8, '1', '2022-09-30 17:00:00'),
(1187, 419, 35, 8, '1', '2022-03-27 16:00:00'),
(1188, 166, 38, 8, '2', '2023-07-04 14:00:00'),
(1189, 404, 35, 8, '2', '2022-08-04 16:00:00'),
(1190, 175, 35, 8, '0', '2021-09-02 15:00:00'),
(1191, 147, 36, 8, '2', '2021-10-12 12:00:00'),
(1192, 397, 1, 8, '2', '2024-07-23 14:00:00'),
(1193, 400, 35, 8, '2', '2023-08-12 13:00:00'),
(1194, 92, 1, 8, '1', '2022-11-29 10:00:00'),
(1195, 451, 35, 8, '1', '2021-03-13 09:00:00'),
(1196, 52, 1, 8, '2', '2024-09-25 16:00:00'),
(1197, 322, 35, 8, '2', '2022-09-28 10:00:00'),
(1198, 52, 38, 8, '3', '2023-01-26 12:00:00'),
(1199, 432, 35, 8, '3', '2022-04-19 12:00:00'),
(1200, 154, 38, 8, '1', '2022-09-29 14:00:00'),
(1201, 98, 55, 8, '1', '2021-09-22 15:00:00'),
(1202, 406, 4, 8, '0', '2022-06-19 13:00:00'),
(1203, 119, 35, 8, '1', '2024-09-29 08:00:00'),
(1204, 116, 35, 8, '3', '2023-01-16 13:00:00'),
(1205, 409, 55, 8, '0', '2022-06-20 17:00:00'),
(1206, 333, 38, 8, '2', '2023-01-17 10:00:00'),
(1207, 309, 1, 8, '3', '2022-10-12 14:00:00'),
(1208, 468, 37, 8, '1', '2021-06-24 16:00:00'),
(1209, 219, 4, 8, '2', '2022-05-30 14:00:00'),
(1210, 239, 1, 8, '2', '2023-01-09 11:00:00'),
(1211, 495, 53, 8, '2', '2021-06-20 15:00:00'),
(1212, 158, 1, 8, '1', '2023-10-21 09:00:00'),
(1213, 498, 35, 8, '3', '2024-08-23 13:00:00'),
(1214, 60, 1, 8, '1', '2022-02-18 11:00:00'),
(1215, 219, 36, 8, '0', '2022-04-25 10:00:00'),
(1216, 409, 54, 8, '0', '2023-09-20 10:00:00'),
(1217, 313, 35, 8, '2', '2022-06-19 12:00:00'),
(1218, 59, 1, 8, '2', '2023-09-24 17:00:00'),
(1219, 68, 4, 8, '1', '2023-08-31 14:00:00'),
(1220, 406, 4, 8, '2', '2023-07-12 15:00:00'),
(1221, 100, 1, 8, '2', '2022-05-20 12:00:00'),
(1222, 189, 1, 8, '0', '2023-03-01 11:00:00'),
(1223, 340, 1, 8, '3', '2024-02-06 14:00:00'),
(1224, 219, 1, 8, '0', '2021-03-16 12:00:00'),
(1225, 68, 1, 8, '0', '2022-12-07 13:00:00'),
(1226, 200, 1, 8, '0', '2022-01-17 09:00:00'),
(1227, 60, 1, 8, '2', '2023-09-06 16:00:00'),
(1228, 374, 1, 8, '0', '2022-01-01 11:00:00'),
(1229, 166, 54, 8, '1', '2021-09-29 14:00:00'),
(1230, 36, 1, 8, '1', '2022-05-14 10:00:00'),
(1231, 50, 35, 8, '0', '2022-10-15 10:00:00'),
(1232, 404, 35, 8, '1', '2022-04-01 13:00:00'),
(1233, 409, 38, 8, '1', '2023-08-15 16:00:00'),
(1234, 366, 35, 8, '2', '2022-06-06 10:00:00'),
(1235, 392, 1, 8, '1', '2024-01-23 10:00:00'),
(1236, 346, 1, 8, '3', '2024-05-17 15:00:00'),
(1237, 68, 38, 8, '1', '2021-06-28 15:00:00'),
(1238, 350, 35, 8, '3', '2022-09-24 13:00:00'),
(1239, 196, 35, 8, '1', '2022-08-24 09:00:00'),
(1240, 166, 53, 8, '3', '2021-05-27 11:00:00'),
(1241, 5, 38, 8, '0', '2025-03-04 16:00:00'),
(1242, 22, 1, 8, '3', '2022-09-25 16:00:00'),
(1243, 198, 36, 8, '2', '2024-08-03 13:00:00'),
(1244, 91, 1, 8, '0', '2023-07-29 12:00:00'),
(1245, 389, 1, 8, '3', '2023-04-08 10:00:00'),
(1246, 147, 37, 8, '2', '2022-07-07 10:00:00'),
(1247, 3, 1, 8, '0', '2022-09-23 12:00:00'),
(1248, 198, 36, 8, '3', '2022-12-16 13:00:00'),
(1249, 44, 1, 8, '3', '2021-08-01 13:00:00'),
(1250, 219, 38, 8, '2', '2024-01-01 15:00:00'),
(1251, 52, 1, 8, '1', '2024-07-08 17:00:00'),
(1252, 45, 35, 8, '0', '2022-12-29 11:00:00'),
(1253, 352, 36, 8, '0', '2022-07-30 09:00:00'),
(1254, 226, 37, 8, '2', '2023-10-28 13:00:00'),
(1255, 219, 55, 8, '2', '2023-05-26 09:00:00'),
(1256, 76, 38, 8, '1', '2024-01-16 11:00:00'),
(1257, 64, 35, 8, '2', '2024-12-23 16:00:00'),
(1258, 333, 38, 8, '3', '2024-12-01 11:00:00'),
(1259, 88, 1, 8, '1', '2025-01-24 13:00:00'),
(1260, 329, 36, 8, '3', '2024-08-15 14:00:00'),
(1261, 333, 36, 8, '2', '2023-08-07 10:00:00'),
(1262, 495, 35, 8, '1', '2023-04-03 09:00:00'),
(1263, 495, 1, 8, '3', '2023-03-17 13:00:00'),
(1264, 329, 52, 8, '1', '2024-02-21 13:00:00'),
(1265, 433, 1, 8, '1', '2023-01-31 10:00:00'),
(1266, 508, 4, 8, '1', '2021-09-24 15:00:00'),
(1267, 471, 38, 8, '1', '2022-04-12 11:00:00'),
(1268, 17, 1, 8, '2', '2024-07-31 17:00:00'),
(1269, 495, 1, 8, '1', '2023-10-04 10:00:00'),
(1270, 498, 35, 8, '2', '2022-08-22 14:00:00'),
(1271, 65, 1, 8, '2', '2023-09-01 16:00:00'),
(1272, 110, 35, 8, '0', '2024-02-09 12:00:00'),
(1273, 68, 37, 8, '0', '2023-12-14 09:00:00'),
(1274, 154, 37, 8, '0', '2023-07-06 15:00:00'),
(1275, 253, 1, 8, '1', '2021-04-19 13:00:00'),
(1276, 489, 35, 8, '3', '2022-11-11 17:00:00'),
(1277, 14, 1, 8, '1', '2023-05-11 14:00:00'),
(1278, 436, 35, 8, '3', '2022-11-01 09:00:00'),
(1279, 239, 37, 8, '1', '2023-02-04 09:00:00'),
(1280, 82, 35, 8, '1', '2022-06-19 13:00:00'),
(1281, 471, 4, 8, '1', '2022-11-11 09:00:00'),
(1282, 60, 36, 8, '2', '2022-07-22 08:00:00'),
(1283, 76, 38, 8, '0', '2024-04-03 13:00:00'),
(1284, 98, 52, 8, '3', '2022-11-29 09:00:00'),
(1285, 18, 35, 8, '1', '2022-11-12 09:00:00'),
(1286, 508, 1, 8, '3', '2023-10-17 17:00:00'),
(1287, 15, 1, 8, '0', '2023-11-17 10:00:00'),
(1288, 499, 1, 8, '0', '2021-09-04 14:00:00'),
(1289, 406, 1, 8, '2', '2023-04-11 13:00:00'),
(1290, 76, 35, 8, '3', '2024-03-01 16:00:00'),
(1291, 76, 53, 8, '0', '2023-09-04 08:00:00'),
(1292, 495, 1, 8, '1', '2022-09-06 10:00:00'),
(1293, 189, 35, 8, '1', '2023-05-12 17:00:00'),
(1294, 95, 37, 8, '1', '2023-03-23 13:00:00'),
(1295, 141, 1, 8, '2', '2023-01-14 16:00:00'),
(1296, 366, 1, 8, '2', '2024-01-13 14:00:00'),
(1297, 354, 54, 8, '2', '2022-06-03 13:00:00'),
(1298, 207, 1, 8, '0', '2023-09-21 09:00:00'),
(1299, 226, 37, 8, '1', '2023-04-14 17:00:00'),
(1300, 45, 35, 8, '2', '2022-06-13 12:00:00'),
(1301, 17, 53, 8, '0', '2023-05-26 10:00:00'),
(1302, 371, 1, 8, '2', '2023-10-25 10:00:00'),
(1303, 60, 1, 8, '2', '2022-09-08 12:00:00'),
(1304, 215, 1, 8, '3', '2022-11-03 08:00:00'),
(1305, 39, 1, 8, '0', '2024-12-24 14:00:00'),
(1306, 364, 54, 8, '0', '2021-11-05 16:00:00'),
(1307, 219, 37, 8, '3', '2023-11-07 17:00:00'),
(1308, 59, 35, 8, '2', '2021-05-12 10:00:00'),
(1309, 356, 35, 8, '2', '2023-01-17 16:00:00'),
(1310, 147, 1, 8, '2', '2024-09-13 12:00:00'),
(1311, 516, 35, 8, '2', '2023-05-08 10:00:00'),
(1312, 60, 37, 8, '1', '2023-08-17 15:00:00'),
(1313, 119, 1, 8, '2', '2022-02-03 08:00:00'),
(1314, 398, 1, 8, '0', '2022-12-26 11:00:00'),
(1315, 409, 1, 8, '0', '2022-02-01 16:00:00'),
(1316, 524, 35, 8, '3', '2022-12-13 16:00:00'),
(1317, 95, 4, 8, '3', '2023-09-15 11:00:00'),
(1318, 495, 35, 8, '0', '2024-01-12 15:00:00'),
(1319, 352, 37, 8, '1', '2023-01-09 14:00:00'),
(1320, 17, 53, 8, '0', '2024-02-07 12:00:00'),
(1321, 381, 1, 8, '3', '2021-08-13 11:00:00'),
(1322, 104, 35, 8, '1', '2024-02-03 09:00:00'),
(1323, 337, 35, 8, '2', '2022-01-25 16:00:00'),
(1324, 367, 1, 8, '0', '2022-08-11 14:00:00'),
(1325, 365, 35, 8, '1', '2021-06-06 10:00:00'),
(1326, 412, 1, 8, '1', '2023-01-25 13:00:00'),
(1327, 219, 53, 8, '3', '2023-12-10 11:00:00'),
(1328, 489, 1, 8, '1', '2024-01-02 12:00:00'),
(1329, 234, 35, 8, '1', '2023-05-17 13:00:00'),
(1330, 483, 35, 8, '3', '2023-07-22 10:00:00'),
(1331, 495, 4, 8, '0', '2025-01-18 11:00:00'),
(1332, 508, 36, 8, '3', '2023-09-30 09:00:00'),
(1333, 60, 1, 8, '2', '2023-06-24 14:00:00'),
(1334, 198, 53, 8, '2', '2021-04-07 17:00:00'),
(1335, 95, 37, 8, '2', '2021-08-16 08:00:00'),
(1336, 352, 1, 8, '2', '2022-07-17 08:00:00'),
(1337, 52, 35, 8, '0', '2021-09-27 11:00:00'),
(1338, 195, 35, 8, '2', '2023-12-14 17:00:00'),
(1339, 329, 37, 8, '3', '2024-01-09 16:00:00'),
(1340, 2, 35, 8, '2', '2022-07-13 15:00:00'),
(1341, 470, 35, 8, '1', '2024-03-03 15:00:00'),
(1342, 189, 36, 8, '1', '2022-09-08 15:00:00'),
(1343, 409, 1, 8, '0', '2022-05-12 14:00:00'),
(1344, 207, 35, 8, '1', '2022-10-13 09:00:00'),
(1345, 508, 1, 8, '1', '2022-11-27 16:00:00'),
(1346, 269, 35, 8, '0', '2023-01-09 15:00:00'),
(1347, 335, 35, 8, '2', '2022-09-01 13:00:00'),
(1348, 3, 1, 8, '3', '2021-06-22 16:00:00'),
(1349, 3, 36, 8, '1', '2024-08-31 11:00:00'),
(1350, 311, 35, 8, '3', '2021-08-16 10:00:00'),
(1351, 154, 1, 8, '1', '2024-03-11 11:00:00'),
(1352, 17, 38, 8, '2', '2024-05-06 10:00:00'),
(1353, 226, 4, 8, '1', '2021-11-14 09:00:00'),
(1354, 535, 35, 8, '0', '2023-06-24 13:00:00'),
(1355, 384, 35, 8, '1', '2022-04-09 14:00:00'),
(1356, 409, 36, 8, '0', '2024-02-17 11:00:00'),
(1357, 3, 55, 8, '2', '2023-07-17 12:00:00'),
(1358, 219, 52, 8, '3', '2024-09-12 08:00:00'),
(1359, 73, 35, 8, '2', '2022-08-14 14:00:00'),
(1360, 397, 55, 8, '2', '2022-03-29 08:00:00'),
(1361, 9, 1, 8, '1', '2021-06-16 16:00:00'),
(1362, 146, 1, 8, '0', '2025-03-05 15:00:00'),
(1363, 52, 4, 8, '1', '2022-09-21 14:00:00'),
(1364, 495, 35, 8, '0', '2023-03-06 12:00:00'),
(1365, 239, 38, 8, '2', '2022-05-21 11:00:00'),
(1366, 189, 36, 8, '1', '2024-11-06 12:00:00'),
(1367, 273, 35, 8, '3', '2024-12-13 10:00:00'),
(1368, 3, 38, 8, '3', '2023-03-06 13:00:00'),
(1369, 232, 1, 8, '3', '2021-07-17 14:00:00'),
(1370, 508, 1, 8, '3', '2023-01-24 11:00:00'),
(1371, 425, 35, 8, '3', '2021-05-05 12:00:00'),
(1372, 5, 4, 8, '0', '2023-01-31 13:00:00'),
(1373, 406, 35, 8, '2', '2021-11-08 08:00:00'),
(1374, 397, 35, 8, '1', '2021-07-09 13:00:00'),
(1375, 239, 35, 8, '1', '2023-08-09 16:00:00'),
(1376, 189, 37, 8, '2', '2022-06-14 09:00:00'),
(1377, 367, 1, 8, '0', '2022-11-01 14:00:00'),
(1378, 364, 37, 8, '0', '2023-08-12 10:00:00'),
(1379, 402, 1, 8, '0', '2022-05-14 11:00:00'),
(1380, 15, 35, 8, '2', '2023-08-28 10:00:00'),
(1381, 3, 1, 8, '0', '2023-08-17 10:00:00'),
(1382, 495, 52, 8, '0', '2022-09-11 10:00:00'),
(1383, 76, 37, 8, '0', '2022-10-06 13:00:00'),
(1384, 402, 1, 8, '2', '2022-07-06 16:00:00'),
(1385, 495, 54, 8, '2', '2023-05-24 08:00:00'),
(1386, 210, 1, 8, '3', '2023-01-10 13:00:00'),
(1387, 342, 1, 8, '2', '2023-09-13 14:00:00'),
(1388, 17, 38, 8, '1', '2024-01-14 17:00:00'),
(1389, 376, 35, 8, '1', '2021-05-02 11:00:00'),
(1390, 409, 52, 8, '3', '2023-06-15 08:00:00'),
(1391, 333, 35, 8, '1', '2024-07-25 14:00:00'),
(1392, 198, 1, 8, '2', '2021-04-26 14:00:00'),
(1393, 470, 1, 8, '1', '2024-01-31 15:00:00'),
(1394, 44, 1, 8, '3', '2024-11-03 14:00:00'),
(1395, 325, 35, 8, '3', '2024-09-27 15:00:00'),
(1396, 52, 38, 8, '1', '2023-01-25 10:00:00'),
(1397, 76, 38, 8, '3', '2024-04-19 11:00:00'),
(1398, 219, 4, 8, '2', '2021-07-19 15:00:00'),
(1399, 376, 35, 8, '2', '2021-12-04 14:00:00'),
(1400, 189, 4, 8, '0', '2022-07-23 12:00:00'),
(1401, 471, 54, 8, '0', '2022-03-06 12:00:00'),
(1402, 226, 1, 8, '0', '2022-05-16 13:00:00'),
(1403, 352, 35, 8, '1', '2024-10-21 14:00:00'),
(1404, 78, 35, 8, '0', '2023-09-19 09:00:00'),
(1405, 256, 1, 8, '2', '2022-08-03 13:00:00'),
(1406, 367, 53, 8, '3', '2023-05-10 12:00:00'),
(1407, 329, 1, 8, '0', '2022-03-25 16:00:00'),
(1408, 333, 54, 8, '0', '2022-11-24 11:00:00'),
(1409, 279, 35, 8, '0', '2022-01-07 09:00:00'),
(1410, 52, 53, 8, '2', '2022-09-21 17:00:00'),
(1411, 79, 35, 8, '3', '2023-05-28 10:00:00'),
(1412, 113, 35, 8, '3', '2022-07-13 11:00:00'),
(1413, 357, 1, 8, '1', '2024-07-22 14:00:00'),
(1414, 75, 35, 8, '3', '2023-03-28 10:00:00'),
(1415, 166, 4, 8, '2', '2024-05-06 16:00:00'),
(1416, 95, 53, 8, '3', '2023-04-18 08:00:00'),
(1417, 239, 1, 8, '2', '2024-07-28 16:00:00'),
(1418, 68, 4, 8, '1', '2023-03-08 14:00:00'),
(1419, 508, 52, 8, '3', '2022-01-25 14:00:00'),
(1420, 370, 35, 8, '3', '2021-07-02 15:00:00'),
(1421, 98, 35, 8, '1', '2023-02-02 09:00:00'),
(1422, 204, 1, 8, '3', '2023-07-17 17:00:00'),
(1423, 147, 1, 8, '2', '2023-09-10 15:00:00'),
(1424, 468, 53, 8, '0', '2022-06-08 08:00:00'),
(1425, 345, 35, 8, '1', '2022-05-21 12:00:00'),
(1426, 121, 35, 8, '0', '2023-03-29 15:00:00'),
(1427, 223, 35, 8, '1', '2021-06-29 14:00:00'),
(1428, 436, 35, 8, '0', '2023-09-04 10:00:00'),
(1429, 406, 1, 8, '2', '2021-11-29 15:00:00'),
(1430, 335, 35, 8, '1', '2023-01-31 12:00:00'),
(1431, 279, 35, 8, '3', '2024-04-17 12:00:00'),
(1432, 166, 36, 8, '3', '2024-04-06 13:00:00'),
(1433, 17, 54, 8, '1', '2025-01-20 13:00:00'),
(1434, 467, 35, 8, '3', '2023-07-23 13:00:00'),
(1435, 141, 35, 8, '3', '2023-01-11 12:00:00'),
(1436, 218, 1, 8, '2', '2022-10-20 13:00:00'),
(1437, 397, 1, 8, '1', '2021-07-18 12:00:00'),
(1438, 60, 53, 8, '1', '2022-03-25 09:00:00'),
(1439, 52, 38, 8, '1', '2022-03-31 09:00:00'),
(1440, 340, 35, 8, '3', '2022-10-21 12:00:00'),
(1441, 98, 1, 8, '3', '2023-04-19 17:00:00'),
(1442, 98, 36, 8, '0', '2024-08-07 16:00:00'),
(1443, 454, 35, 8, '1', '2022-06-02 16:00:00'),
(1444, 352, 4, 8, '3', '2023-08-01 12:00:00'),
(1445, 468, 1, 8, '1', '2023-05-05 17:00:00'),
(1446, 5, 54, 8, '0', '2024-02-02 10:00:00'),
(1447, 189, 1, 8, '0', '2024-07-25 09:00:00'),
(1448, 154, 55, 8, '2', '2024-01-13 13:00:00'),
(1449, 364, 1, 8, '3', '2023-12-15 10:00:00'),
(1450, 239, 1, 8, '1', '2024-07-16 15:00:00'),
(1451, 352, 1, 8, '1', '2021-11-10 09:00:00'),
(1452, 5, 38, 8, '1', '2024-01-09 08:00:00'),
(1453, 239, 38, 8, '2', '2021-10-19 10:00:00'),
(1454, 98, 1, 8, '3', '2022-05-23 16:00:00'),
(1455, 239, 1, 8, '1', '2023-04-13 10:00:00'),
(1456, 5, 1, 8, '0', '2022-09-18 09:00:00'),
(1457, 467, 1, 8, '0', '2022-09-03 17:00:00'),
(1458, 189, 55, 8, '1', '2023-05-12 13:00:00'),
(1459, 3, 4, 8, '3', '2021-07-15 11:00:00'),
(1460, 346, 38, 8, '3', '2022-08-09 17:00:00'),
(1461, 198, 1, 8, '0', '2024-01-17 11:00:00'),
(1462, 78, 35, 8, '1', '2023-04-15 10:00:00'),
(1463, 221, 35, 8, '3', '2024-07-27 15:00:00'),
(1464, 354, 38, 8, '1', '2023-04-13 16:00:00'),
(1465, 95, 38, 8, '2', '2023-04-27 11:00:00'),
(1466, 537, 1, 8, '1', '2021-05-24 09:00:00'),
(1467, 68, 1, 8, '1', '2022-08-01 10:00:00'),
(1468, 468, 38, 8, '1', '2024-02-27 12:00:00'),
(1469, 219, 35, 8, '3', '2023-06-02 12:00:00'),
(1470, 480, 35, 8, '3', '2021-03-21 17:00:00'),
(1471, 41, 35, 8, '2', '2023-03-27 14:00:00'),
(1472, 406, 1, 8, '1', '2023-02-23 13:00:00'),
(1473, 143, 1, 8, '1', '2023-01-03 11:00:00'),
(1474, 154, 54, 8, '2', '2022-03-17 09:00:00'),
(1475, 155, 1, 8, '1', '2022-09-29 13:00:00'),
(1476, 262, 1, 8, '0', '2025-02-06 09:00:00'),
(1477, 364, 55, 8, '2', '2021-12-02 12:00:00'),
(1478, 264, 1, 8, '2', '2021-10-19 10:00:00'),
(1479, 98, 55, 8, '3', '2022-03-21 14:00:00'),
(1480, 354, 55, 8, '1', '2021-06-11 16:00:00'),
(1481, 364, 55, 8, '1', '2025-02-15 10:00:00'),
(1482, 346, 36, 8, '0', '2022-01-27 16:00:00'),
(1483, 207, 1, 8, '1', '2022-03-29 09:00:00'),
(1484, 382, 1, 8, '3', '2024-06-28 09:00:00'),
(1485, 60, 4, 8, '1', '2023-01-24 09:00:00'),
(1486, 17, 1, 8, '2', '2021-08-01 13:00:00'),
(1487, 17, 37, 8, '2', '2022-11-26 09:00:00'),
(1488, 158, 35, 8, '3', '2023-09-05 08:00:00'),
(1489, 95, 1, 8, '0', '2021-11-01 16:00:00'),
(1490, 346, 1, 8, '2', '2024-01-13 10:00:00'),
(1491, 271, 1, 8, '3', '2021-09-15 16:00:00'),
(1492, 345, 35, 8, '0', '2024-02-10 11:00:00'),
(1493, 218, 1, 8, '3', '2022-03-05 09:00:00'),
(1494, 468, 1, 8, '2', '2023-08-10 09:00:00'),
(1495, 308, 1, 8, '3', '2022-03-13 15:00:00'),
(1496, 468, 54, 8, '2', '2024-06-03 13:00:00'),
(1497, 343, 1, 8, '0', '2021-12-13 11:00:00'),
(1498, 346, 38, 8, '2', '2023-10-26 09:00:00'),
(1499, 198, 1, 8, '2', '2024-08-08 15:00:00'),
(1500, 468, 55, 8, '3', '2023-02-19 17:00:00'),
(1501, 361, 1, 8, '1', '2024-11-27 10:00:00'),
(1502, 353, 35, 8, '1', '2022-11-22 16:00:00'),
(1503, 121, 35, 8, '3', '2025-01-13 15:00:00'),
(1504, 508, 4, 8, '3', '2023-12-19 09:00:00'),
(1505, 198, 1, 8, '1', '2024-03-12 16:00:00'),
(1506, 52, 37, 8, '3', '2021-10-29 08:00:00'),
(1507, 346, 1, 8, '3', '2024-09-20 09:00:00'),
(1508, 337, 1, 8, '3', '2023-02-09 09:00:00'),
(1509, 255, 1, 8, '3', '2023-05-23 13:00:00'),
(1510, 537, 35, 8, '0', '2021-09-21 11:00:00'),
(1511, 287, 1, 8, '2', '2023-09-08 14:00:00'),
(1512, 493, 1, 8, '3', '2023-11-02 14:00:00'),
(1513, 255, 1, 8, '2', '2022-10-15 16:00:00'),
(1514, 452, 35, 8, '1', '2022-06-21 12:00:00'),
(1515, 417, 35, 8, '2', '2022-07-05 09:00:00'),
(1516, 470, 35, 8, '1', '2023-02-05 17:00:00'),
(1517, 234, 35, 8, '2', '2022-11-01 14:00:00'),
(1518, 221, 1, 8, '2', '2023-05-21 08:00:00'),
(1519, 253, 35, 8, '2', '2022-08-24 13:00:00'),
(1520, 495, 1, 8, '0', '2023-07-21 12:00:00'),
(1521, 189, 37, 8, '2', '2023-09-06 15:00:00'),
(1522, 5, 55, 8, '2', '2021-06-07 09:00:00'),
(1523, 512, 1, 8, '0', '2022-08-04 14:00:00'),
(1524, 364, 1, 8, '3', '2022-07-20 10:00:00'),
(1525, 357, 1, 8, '1', '2023-12-05 12:00:00'),
(1526, 468, 36, 8, '2', '2021-05-20 11:00:00'),
(1527, 154, 1, 8, '1', '2023-05-02 17:00:00'),
(1528, 82, 35, 8, '2', '2021-05-16 12:00:00'),
(1529, 219, 37, 8, '0', '2022-10-05 16:00:00'),
(1530, 76, 1, 8, '0', '2023-04-25 16:00:00'),
(1531, 516, 1, 8, '0', '2021-11-15 14:00:00'),
(1532, 409, 1, 8, '0', '2022-06-05 08:00:00'),
(1533, 468, 1, 8, '2', '2022-11-23 12:00:00'),
(1534, 294, 35, 8, '3', '2022-12-27 11:00:00'),
(1535, 156, 35, 8, '0', '2023-12-14 12:00:00'),
(1536, 410, 1, 8, '1', '2021-12-28 12:00:00'),
(1537, 98, 53, 8, '1', '2023-07-13 15:00:00'),
(1538, 75, 35, 8, '0', '2022-05-11 11:00:00'),
(1539, 68, 55, 8, '3', '2024-12-05 10:00:00'),
(1540, 397, 1, 8, '2', '2022-11-16 13:00:00'),
(1541, 24, 1, 8, '3', '2022-07-07 11:00:00'),
(1542, 189, 35, 8, '2', '2023-01-22 12:00:00'),
(1543, 409, 1, 8, '1', '2024-08-06 12:00:00'),
(1544, 367, 1, 8, '2', '2024-04-30 16:00:00'),
(1545, 54, 35, 8, '2', '2022-01-25 15:00:00'),
(1546, 26, 1, 8, '0', '2022-07-30 14:00:00'),
(1547, 207, 1, 8, '0', '2023-08-29 14:00:00'),
(1548, 98, 1, 8, '1', '2023-06-17 09:00:00'),
(1549, 404, 1, 8, '3', '2022-11-16 09:00:00'),
(1550, 76, 4, 8, '0', '2021-11-20 14:00:00'),
(1551, 146, 1, 8, '3', '2022-10-12 10:00:00'),
(1552, 508, 55, 8, '1', '2023-02-01 08:00:00'),
(1553, 147, 4, 8, '3', '2022-04-24 10:00:00'),
(1554, 5, 4, 8, '1', '2022-05-23 12:00:00'),
(1555, 439, 35, 8, '1', '2023-11-12 14:00:00'),
(1556, 364, 55, 8, '1', '2021-09-22 14:00:00'),
(1557, 76, 52, 8, '3', '2024-05-25 16:00:00'),
(1558, 189, 1, 8, '2', '2024-05-21 14:00:00'),
(1559, 60, 38, 8, '3', '2023-02-10 15:00:00'),
(1560, 154, 55, 8, '0', '2022-03-21 16:00:00'),
(1561, 453, 35, 8, '3', '2023-08-13 13:00:00'),
(1562, 392, 35, 8, '1', '2021-08-13 09:00:00'),
(1563, 147, 37, 8, '0', '2023-05-20 13:00:00'),
(1564, 346, 1, 8, '1', '2021-10-20 10:00:00'),
(1565, 59, 35, 8, '3', '2023-12-14 09:00:00'),
(1566, 60, 37, 8, '1', '2021-10-20 10:00:00'),
(1567, 397, 37, 8, '3', '2024-04-21 11:00:00'),
(1568, 154, 1, 8, '3', '2022-04-30 09:00:00'),
(1569, 154, 53, 8, '0', '2022-04-27 12:00:00'),
(1570, 219, 1, 8, '3', '2022-12-18 12:00:00'),
(1571, 354, 55, 8, '1', '2023-05-03 13:00:00'),
(1572, 373, 1, 8, '0', '2022-12-20 17:00:00'),
(1573, 98, 4, 8, '0', '2024-02-03 09:00:00'),
(1574, 352, 38, 8, '2', '2022-05-18 14:00:00'),
(1575, 271, 1, 8, '3', '2024-12-14 15:00:00'),
(1576, 15, 35, 8, '1', '2023-08-11 12:00:00'),
(1577, 134, 1, 8, '0', '2024-08-15 15:00:00'),
(1578, 329, 38, 8, '3', '2021-11-19 15:00:00'),
(1579, 495, 55, 8, '2', '2023-01-05 14:00:00'),
(1580, 88, 35, 8, '1', '2024-11-27 09:00:00'),
(1581, 5, 52, 8, '2', '2023-03-02 17:00:00'),
(1582, 406, 37, 8, '2', '2023-03-11 09:00:00'),
(1583, 355, 35, 8, '0', '2022-04-15 13:00:00'),
(1584, 52, 55, 8, '3', '2023-03-31 16:00:00'),
(1585, 166, 1, 8, '0', '2023-07-24 11:00:00'),
(1586, 346, 4, 8, '0', '2022-09-25 14:00:00'),
(1587, 221, 1, 8, '0', '2023-07-07 11:00:00'),
(1588, 17, 4, 8, '0', '2024-10-05 16:00:00'),
(1589, 60, 38, 8, '2', '2024-03-25 11:00:00'),
(1590, 98, 1, 8, '2', '2021-08-16 11:00:00'),
(1591, 329, 38, 8, '0', '2024-02-17 16:00:00'),
(1592, 15, 1, 8, '0', '2024-07-09 16:00:00'),
(1593, 320, 35, 8, '1', '2023-06-01 10:00:00'),
(1594, 243, 35, 8, '1', '2022-06-30 17:00:00'),
(1595, 147, 35, 8, '1', '2022-04-23 09:00:00'),
(1596, 141, 1, 8, '3', '2021-10-13 10:00:00'),
(1597, 253, 1, 8, '1', '2025-01-19 13:00:00'),
(1598, 352, 37, 8, '1', '2023-07-10 15:00:00'),
(1599, 207, 4, 8, '3', '2023-02-21 16:00:00'),
(1600, 352, 36, 8, '2', '2022-08-14 10:00:00'),
(1601, 352, 1, 8, '3', '2021-06-22 15:00:00'),
(1602, 50, 35, 8, '2', '2022-03-04 10:00:00'),
(1603, 428, 1, 8, '1', '2023-09-11 11:00:00'),
(1604, 112, 35, 8, '0', '2021-04-05 08:00:00'),
(1605, 213, 35, 8, '2', '2024-08-01 15:00:00'),
(1606, 198, 55, 8, '1', '2022-03-27 09:00:00'),
(1607, 471, 36, 8, '3', '2023-11-08 13:00:00'),
(1608, 226, 1, 8, '0', '2023-03-11 17:00:00'),
(1609, 54, 1, 8, '2', '2023-02-07 12:00:00'),
(1610, 357, 1, 8, '0', '2023-10-19 08:00:00'),
(1611, 3, 37, 8, '1', '2024-12-06 08:00:00'),
(1612, 367, 53, 8, '1', '2023-03-15 09:00:00'),
(1613, 154, 1, 8, '0', '2024-01-14 11:00:00'),
(1614, 471, 55, 8, '3', '2023-03-01 15:00:00'),
(1615, 185, 1, 8, '2', '2023-10-10 11:00:00'),
(1616, 166, 37, 8, '2', '2023-03-05 16:00:00'),
(1617, 346, 1, 8, '0', '2022-09-24 17:00:00'),
(1618, 367, 36, 8, '3', '2023-05-12 11:00:00'),
(1619, 119, 1, 8, '2', '2024-09-26 09:00:00'),
(1620, 112, 1, 8, '1', '2022-06-20 11:00:00'),
(1621, 364, 37, 8, '3', '2021-10-13 10:00:00'),
(1622, 393, 35, 8, '1', '2023-05-29 13:00:00'),
(1623, 154, 1, 8, '0', '2022-06-12 16:00:00'),
(1624, 352, 53, 8, '3', '2023-12-20 08:00:00'),
(1625, 243, 1, 8, '0', '2021-05-12 13:00:00'),
(1626, 95, 1, 8, '1', '2024-11-26 09:00:00'),
(1627, 210, 35, 8, '2', '2024-01-05 13:00:00'),
(1628, 425, 1, 8, '1', '2022-11-28 12:00:00'),
(1629, 269, 1, 8, '2', '2022-03-26 14:00:00'),
(1630, 350, 35, 8, '1', '2024-12-27 15:00:00'),
(1631, 397, 4, 8, '2', '2021-08-31 09:00:00'),
(1632, 218, 35, 8, '3', '2023-08-14 13:00:00'),
(1633, 376, 1, 8, '3', '2022-04-25 16:00:00'),
(1634, 223, 1, 8, '1', '2021-07-03 13:00:00'),
(1635, 158, 1, 8, '1', '2022-11-29 12:00:00'),
(1636, 333, 1, 8, '2', '2021-04-16 15:00:00'),
(1637, 333, 1, 8, '0', '2022-07-22 14:00:00'),
(1638, 376, 35, 8, '2', '2022-12-15 09:00:00'),
(1639, 412, 1, 8, '1', '2021-12-30 12:00:00'),
(1640, 312, 1, 8, '2', '2022-11-28 15:00:00'),
(1641, 495, 1, 8, '2', '2022-05-27 10:00:00'),
(1642, 27, 1, 8, '2', '2021-07-06 15:00:00'),
(1643, 98, 35, 8, '0', '2024-11-13 12:00:00'),
(1644, 451, 1, 8, '0', '2025-01-04 15:00:00'),
(1645, 257, 1, 8, '3', '2023-07-30 12:00:00'),
(1646, 5, 4, 8, '1', '2022-01-23 09:00:00'),
(1647, 364, 38, 8, '3', '2025-02-13 08:00:00'),
(1648, 82, 1, 8, '3', '2025-01-25 10:00:00'),
(1649, 342, 1, 8, '0', '2023-03-23 10:00:00'),
(1650, 354, 52, 8, '3', '2024-08-04 08:00:00'),
(1651, 239, 4, 8, '0', '2021-12-17 10:00:00'),
(1652, 387, 35, 8, '3', '2023-12-30 16:00:00'),
(1653, 325, 1, 8, '2', '2022-08-13 17:00:00'),
(1654, 362, 1, 8, '3', '2024-08-05 17:00:00'),
(1655, 471, 36, 8, '2', '2023-01-11 13:00:00'),
(1656, 354, 53, 8, '3', '2023-01-17 17:00:00'),
(1657, 154, 37, 8, '1', '2022-10-08 08:00:00'),
(1658, 354, 37, 8, '1', '2023-06-05 12:00:00'),
(1659, 468, 36, 8, '2', '2021-03-25 17:00:00'),
(1660, 433, 35, 8, '3', '2021-03-20 11:00:00'),
(1661, 512, 35, 8, '1', '2023-06-08 16:00:00'),
(1662, 405, 35, 8, '0', '2023-09-20 11:00:00'),
(1663, 52, 1, 8, '2', '2022-12-29 14:00:00'),
(1664, 333, 52, 8, '2', '2022-04-26 10:00:00'),
(1665, 9, 35, 8, '2', '2024-03-09 15:00:00'),
(1666, 532, 1, 8, '1', '2022-08-11 15:00:00'),
(1667, 346, 55, 8, '1', '2023-07-04 09:00:00'),
(1668, 409, 4, 8, '2', '2022-12-24 15:00:00'),
(1669, 213, 1, 8, '3', '2022-02-27 13:00:00'),
(1670, 365, 35, 8, '3', '2023-03-01 15:00:00'),
(1671, 320, 1, 8, '1', '2025-01-03 14:00:00'),
(1672, 100, 35, 8, '1', '2022-07-04 10:00:00'),
(1673, 24, 35, 8, '1', '2022-04-23 08:00:00'),
(1674, 366, 35, 8, '2', '2023-04-26 17:00:00'),
(1675, 226, 38, 8, '2', '2024-06-29 09:00:00'),
(1676, 402, 35, 8, '0', '2021-11-13 14:00:00'),
(1677, 166, 1, 8, '3', '2024-06-26 12:00:00'),
(1678, 397, 38, 8, '2', '2023-07-06 12:00:00'),
(1679, 364, 38, 8, '3', '2021-10-03 13:00:00'),
(1680, 516, 35, 8, '1', '2023-12-01 11:00:00'),
(1681, 508, 53, 8, '3', '2021-09-29 11:00:00'),
(1682, 346, 1, 8, '0', '2024-10-16 14:00:00'),
(1683, 352, 36, 8, '1', '2023-08-14 11:00:00'),
(1684, 352, 38, 8, '0', '2024-07-02 17:00:00'),
(1685, 189, 38, 8, '3', '2023-02-17 14:00:00'),
(1686, 373, 35, 8, '2', '2022-06-27 15:00:00'),
(1687, 147, 36, 8, '0', '2024-08-22 14:00:00'),
(1688, 79, 35, 8, '3', '2023-10-20 15:00:00'),
(1689, 64, 35, 8, '3', '2021-09-16 12:00:00'),
(1690, 471, 37, 8, '3', '2024-08-16 16:00:00'),
(1691, 409, 1, 8, '2', '2022-06-17 16:00:00'),
(1692, 508, 4, 8, '3', '2024-04-24 10:00:00'),
(1693, 219, 1, 8, '1', '2023-12-04 15:00:00'),
(1694, 361, 1, 8, '0', '2023-07-29 17:00:00'),
(1695, 386, 35, 8, '1', '2025-03-04 16:00:00'),
(1696, 357, 35, 8, '1', '2023-11-06 11:00:00'),
(1697, 68, 1, 8, '0', '2022-05-25 08:00:00'),
(1698, 147, 36, 8, '0', '2024-04-23 09:00:00'),
(1699, 198, 36, 8, '1', '2023-04-27 13:00:00'),
(1700, 494, 1, 8, '2', '2023-09-29 11:00:00'),
(1701, 329, 53, 8, '3', '2023-08-01 14:00:00'),
(1702, 166, 38, 8, '2', '2022-08-24 09:00:00'),
(1703, 409, 35, 8, '1', '2023-11-18 13:00:00'),
(1704, 219, 36, 8, '3', '2022-12-04 10:00:00'),
(1705, 397, 1, 8, '0', '2022-01-13 16:00:00'),
(1706, 219, 4, 8, '1', '2023-09-17 16:00:00'),
(1707, 166, 52, 8, '0', '2024-05-09 16:00:00'),
(1708, 98, 35, 8, '2', '2023-11-17 09:00:00'),
(1709, 248, 1, 8, '3', '2022-11-05 15:00:00'),
(1710, 405, 1, 8, '2', '2022-02-09 12:00:00'),
(1711, 439, 1, 8, '2', '2022-03-24 16:00:00'),
(1712, 226, 36, 8, '0', '2021-04-25 12:00:00'),
(1713, 453, 1, 8, '3', '2023-01-03 12:00:00'),
(1714, 471, 38, 8, '2', '2023-03-25 13:00:00'),
(1715, 375, 1, 8, '0', '2022-09-06 09:00:00'),
(1716, 98, 37, 8, '2', '2022-07-27 12:00:00'),
(1717, 308, 35, 8, '1', '2024-03-05 17:00:00'),
(1718, 151, 1, 8, '3', '2024-08-10 16:00:00'),
(1719, 471, 35, 8, '1', '2023-04-24 14:00:00'),
(1720, 233, 35, 8, '1', '2022-07-17 14:00:00'),
(1721, 18, 1, 8, '3', '2022-12-21 10:00:00'),
(1722, 198, 1, 8, '2', '2022-09-07 16:00:00'),
(1723, 521, 35, 8, '1', '2023-06-19 14:00:00'),
(1724, 508, 4, 8, '2', '2023-10-03 08:00:00'),
(1725, 3, 53, 8, '3', '2023-12-29 16:00:00'),
(1726, 207, 54, 8, '1', '2023-12-10 17:00:00'),
(1727, 417, 1, 8, '2', '2022-10-02 11:00:00'),
(1728, 52, 55, 8, '2', '2024-06-22 10:00:00'),
(1729, 68, 38, 8, '2', '2023-01-18 12:00:00'),
(1730, 44, 35, 8, '0', '2021-06-09 16:00:00'),
(1731, 264, 35, 8, '0', '2022-09-29 13:00:00'),
(1732, 495, 1, 8, '2', '2023-02-15 15:00:00'),
(1733, 4, 35, 8, '3', '2022-03-24 12:00:00'),
(1734, 404, 35, 8, '2', '2023-04-14 11:00:00'),
(1735, 17, 35, 8, '0', '2023-03-09 16:00:00'),
(1736, 480, 1, 8, '3', '2023-01-11 08:00:00'),
(1737, 329, 36, 8, '3', '2025-01-16 11:00:00'),
(1738, 532, 1, 8, '2', '2023-03-12 12:00:00'),
(1739, 233, 1, 8, '2', '2023-03-28 10:00:00'),
(1740, 239, 37, 8, '1', '2023-02-09 13:00:00'),
(1741, 364, 4, 8, '3', '2025-02-21 16:00:00'),
(1742, 14, 35, 8, '3', '2022-04-18 13:00:00'),
(1743, 219, 54, 8, '2', '2023-12-17 12:00:00'),
(1744, 234, 35, 8, '3', '2023-07-03 14:00:00'),
(1745, 535, 35, 8, '3', '2021-03-18 10:00:00'),
(1746, 52, 53, 8, '2', '2021-07-15 13:00:00'),
(1747, 60, 35, 8, '1', '2023-08-30 16:00:00'),
(1748, 18, 35, 8, '3', '2022-05-05 12:00:00'),
(1749, 98, 55, 8, '2', '2023-12-03 13:00:00'),
(1750, 468, 53, 8, '2', '2024-07-12 17:00:00'),
(1751, 95, 4, 8, '1', '2023-08-08 11:00:00'),
(1752, 175, 35, 8, '1', '2024-10-25 12:00:00'),
(1753, 95, 54, 8, '2', '2023-06-24 10:00:00'),
(1754, 224, 1, 8, '2', '2023-11-30 11:00:00'),
(1755, 471, 38, 8, '0', '2024-10-01 09:00:00'),
(1756, 4, 1, 8, '3', '2022-06-14 10:00:00'),
(1757, 24, 35, 8, '1', '2023-04-04 16:00:00'),
(1758, 151, 35, 8, '3', '2023-08-28 11:00:00'),
(1759, 320, 35, 8, '2', '2024-10-19 15:00:00'),
(1760, 364, 38, 8, '3', '2022-05-14 13:00:00'),
(1761, 471, 35, 8, '1', '2023-06-23 16:00:00'),
(1762, 207, 1, 8, '1', '2022-04-29 16:00:00'),
(1763, 118, 1, 8, '0', '2023-06-07 10:00:00'),
(1764, 17, 36, 8, '2', '2022-10-08 13:00:00'),
(1765, 76, 1, 8, '1', '2021-10-31 08:00:00'),
(1766, 367, 55, 8, '3', '2022-10-07 16:00:00'),
(1767, 146, 35, 8, '0', '2024-12-24 16:00:00'),
(1768, 468, 1, 8, '2', '2024-11-28 11:00:00'),
(1769, 324, 1, 8, '2', '2022-02-22 10:00:00'),
(1770, 329, 55, 8, '1', '2025-01-03 13:00:00'),
(1771, 3, 35, 8, '0', '2023-08-10 15:00:00'),
(1772, 264, 35, 8, '0', '2024-01-21 16:00:00'),
(1773, 433, 35, 8, '3', '2024-04-24 09:00:00'),
(1774, 279, 1, 8, '1', '2024-01-24 12:00:00'),
(1775, 333, 4, 8, '1', '2023-03-23 14:00:00'),
(1776, 141, 1, 8, '2', '2022-10-23 11:00:00'),
(1777, 166, 36, 8, '3', '2022-03-20 16:00:00'),
(1778, 419, 1, 8, '1', '2023-05-24 10:00:00'),
(1779, 14, 1, 8, '2', '2023-07-16 16:00:00'),
(1780, 65, 1, 8, '0', '2024-03-23 15:00:00'),
(1781, 39, 35, 8, '2', '2022-02-16 11:00:00'),
(1782, 367, 36, 8, '0', '2023-05-07 13:00:00'),
(1783, 17, 55, 8, '3', '2022-05-04 14:00:00'),
(1784, 17, 38, 8, '1', '2022-03-07 13:00:00'),
(1785, 224, 1, 8, '2', '2022-05-02 09:00:00'),
(1786, 166, 1, 8, '1', '2024-09-09 11:00:00'),
(1787, 224, 35, 8, '1', '2023-05-09 12:00:00'),
(1788, 256, 35, 8, '1', '2022-12-06 11:00:00'),
(1789, 119, 35, 8, '2', '2024-10-31 14:00:00'),
(1790, 3, 35, 8, '1', '2022-05-28 13:00:00'),
(1791, 436, 1, 8, '3', '2022-08-06 10:00:00'),
(1792, 26, 1, 8, '2', '2023-08-19 15:00:00'),
(1793, 198, 4, 8, '1', '2022-10-12 16:00:00'),
(1794, 272, 1, 8, '0', '2021-05-16 09:00:00'),
(1795, 333, 55, 8, '3', '2025-02-19 16:00:00'),
(1796, 98, 1, 8, '1', '2024-01-24 11:00:00'),
(1797, 110, 35, 8, '0', '2021-07-20 11:00:00'),
(1798, 198, 53, 8, '2', '2024-09-23 09:00:00'),
(1799, 76, 1, 8, '2', '2021-06-06 08:00:00'),
(1800, 36, 35, 8, '3', '2023-02-11 11:00:00'),
(1801, 529, 1, 8, '2', '2023-01-14 09:00:00'),
(1802, 17, 55, 8, '0', '2023-05-16 12:00:00'),
(1803, 68, 55, 8, '2', '2022-11-10 09:00:00'),
(1804, 406, 1, 8, '2', '2023-02-02 16:00:00'),
(1805, 423, 1, 8, '1', '2022-07-05 09:00:00'),
(1806, 76, 4, 8, '2', '2022-12-22 11:00:00'),
(1807, 384, 35, 8, '1', '2024-11-22 09:00:00'),
(1808, 410, 35, 8, '1', '2023-08-29 15:00:00'),
(1809, 322, 1, 8, '1', '2024-10-14 16:00:00'),
(1810, 480, 1, 8, '3', '2022-08-01 11:00:00'),
(1811, 98, 1, 8, '0', '2021-05-02 13:00:00'),
(1812, 162, 1, 8, '2', '2024-09-24 08:00:00'),
(1813, 346, 35, 8, '1', '2022-12-19 09:00:00'),
(1814, 397, 4, 8, '1', '2025-02-27 16:00:00'),
(1815, 147, 55, 8, '0', '2022-09-09 08:00:00'),
(1816, 206, 35, 8, '3', '2022-06-28 11:00:00'),
(1817, 495, 55, 8, '0', '2024-09-12 08:00:00'),
(1818, 356, 35, 8, '1', '2024-11-18 13:00:00'),
(1819, 167, 35, 8, '1', '2023-07-06 12:00:00'),
(1820, 204, 35, 8, '2', '2024-12-30 16:00:00'),
(1821, 367, 1, 8, '1', '2024-11-09 14:00:00'),
(1822, 189, 36, 8, '3', '2023-12-22 16:00:00'),
(1823, 471, 4, 8, '3', '2022-08-20 14:00:00'),
(1824, 537, 35, 8, '1', '2023-10-15 13:00:00'),
(1825, 468, 1, 8, '3', '2022-08-18 12:00:00'),
(1826, 329, 54, 8, '2', '2024-08-24 12:00:00'),
(1827, 76, 36, 8, '0', '2022-09-18 13:00:00'),
(1828, 5, 55, 8, '3', '2024-07-21 09:00:00'),
(1829, 98, 38, 8, '1', '2024-11-10 13:00:00'),
(1830, 17, 53, 8, '3', '2021-10-17 08:00:00'),
(1831, 333, 37, 8, '2', '2024-11-25 11:00:00'),
(1832, 396, 1, 8, '2', '2022-05-21 16:00:00'),
(1833, 354, 38, 8, '3', '2021-10-28 16:00:00'),
(1834, 364, 36, 8, '0', '2023-07-30 16:00:00'),
(1835, 68, 38, 8, '2', '2024-10-13 15:00:00'),
(1836, 354, 1, 8, '0', '2022-10-20 10:00:00'),
(1837, 5, 35, 8, '0', '2022-10-08 11:00:00'),
(1838, 166, 54, 8, '3', '2022-08-15 09:00:00'),
(1839, 346, 1, 8, '0', '2021-05-13 12:00:00'),
(1840, 364, 1, 8, '0', '2022-03-24 12:00:00'),
(1841, 468, 54, 8, '3', '2024-02-03 11:00:00'),
(1842, 258, 35, 8, '0', '2024-03-05 13:00:00'),
(1843, 5, 38, 8, '0', '2024-03-06 11:00:00'),
(1844, 352, 53, 8, '1', '2022-08-31 09:00:00'),
(1845, 26, 1, 8, '2', '2023-02-15 14:00:00'),
(1846, 3, 52, 8, '3', '2023-09-22 14:00:00'),
(1847, 308, 35, 8, '0', '2024-12-31 15:00:00'),
(1848, 110, 35, 8, '1', '2024-12-17 10:00:00'),
(1849, 27, 35, 8, '2', '2024-03-10 09:00:00'),
(1850, 226, 37, 8, '0', '2024-02-12 13:00:00'),
(1851, 239, 35, 8, '0', '2021-12-08 14:00:00'),
(1852, 303, 35, 8, '3', '2022-11-18 11:00:00'),
(1853, 76, 54, 8, '2', '2022-11-07 16:00:00'),
(1854, 39, 1, 8, '0', '2023-02-18 15:00:00'),
(1855, 426, 1, 8, '3', '2023-02-28 09:00:00'),
(1856, 52, 35, 8, '3', '2023-02-21 10:00:00'),
(1857, 329, 1, 8, '1', '2023-05-10 09:00:00'),
(1858, 352, 37, 8, '0', '2025-01-19 13:00:00'),
(1859, 342, 35, 8, '2', '2023-01-04 10:00:00'),
(1860, 353, 35, 8, '0', '2023-05-01 16:00:00'),
(1861, 480, 35, 8, '3', '2024-08-22 14:00:00'),
(1862, 3, 54, 8, '0', '2022-04-07 13:00:00'),
(1863, 468, 55, 8, '2', '2022-04-19 10:00:00'),
(1864, 527, 1, 8, '1', '2023-07-11 11:00:00'),
(1865, 397, 54, 8, '0', '2022-01-30 08:00:00'),
(1866, 226, 4, 8, '1', '2024-02-24 14:00:00'),
(1867, 68, 35, 8, '1', '2021-08-23 15:00:00'),
(1868, 529, 35, 8, '2', '2021-03-19 16:00:00'),
(1869, 457, 35, 8, '3', '2021-10-19 17:00:00'),
(1870, 329, 38, 8, '1', '2024-03-20 14:00:00'),
(1871, 239, 55, 8, '2', '2023-11-05 16:00:00'),
(1872, 415, 35, 8, '3', '2024-03-11 16:00:00'),
(1873, 82, 1, 8, '3', '2022-07-11 13:00:00'),
(1874, 354, 4, 8, '1', '2022-06-15 11:00:00'),
(1875, 14, 35, 8, '3', '2025-02-27 15:00:00'),
(1876, 60, 38, 8, '0', '2021-05-22 08:00:00'),
(1877, 76, 38, 8, '2', '2023-12-11 09:00:00'),
(1878, 95, 1, 8, '2', '2023-08-19 10:00:00'),
(1879, 433, 1, 8, '2', '2023-03-23 16:00:00'),
(1880, 453, 1, 8, '0', '2024-02-11 13:00:00'),
(1881, 311, 1, 8, '1', '2024-10-04 08:00:00'),
(1882, 398, 35, 8, '0', '2021-11-21 16:00:00'),
(1883, 226, 38, 8, '3', '2022-06-18 15:00:00'),
(1884, 164, 35, 8, '3', '2022-06-27 14:00:00'),
(1885, 3, 1, 8, '1', '2024-03-09 15:00:00'),
(1886, 166, 55, 8, '2', '2023-01-09 12:00:00'),
(1887, 355, 1, 8, '0', '2021-09-05 08:00:00'),
(1888, 471, 1, 8, '2', '2024-02-02 15:00:00'),
(1889, 495, 53, 8, '3', '2023-07-20 11:00:00'),
(1890, 397, 36, 8, '0', '2022-07-04 12:00:00'),
(1891, 284, 35, 8, '0', '2024-02-20 12:00:00'),
(1892, 76, 38, 8, '1', '2025-02-11 09:00:00'),
(1893, 224, 1, 8, '2', '2024-07-24 15:00:00'),
(1894, 346, 55, 8, '0', '2022-06-05 15:00:00'),
(1895, 312, 35, 8, '0', '2025-02-07 10:00:00'),
(1896, 355, 35, 8, '3', '2022-01-13 17:00:00'),
(1897, 364, 36, 8, '3', '2022-06-14 16:00:00'),
(1898, 387, 1, 8, '1', '2023-04-05 12:00:00'),
(1899, 2, 1, 8, '0', '2023-10-18 16:00:00'),
(1900, 471, 35, 8, '2', '2021-11-06 09:00:00'),
(1901, 333, 55, 8, '3', '2021-12-26 09:00:00'),
(1902, 17, 37, 8, '1', '2025-02-11 09:00:00'),
(1903, 364, 55, 8, '0', '2022-03-21 14:00:00'),
(1904, 333, 4, 8, '2', '2023-03-10 11:00:00'),
(1905, 102, 1, 8, '2', '2023-12-31 16:00:00'),
(1906, 406, 36, 8, '0', '2021-09-24 13:00:00'),
(1907, 207, 35, 8, '3', '2024-03-25 12:00:00'),
(1908, 154, 4, 8, '1', '2022-08-14 13:00:00'),
(1909, 312, 35, 8, '3', '2023-05-30 14:00:00'),
(1910, 38, 35, 8, '0', '2023-02-17 09:00:00'),
(1911, 102, 35, 8, '2', '2023-02-14 17:00:00'),
(1912, 354, 38, 8, '0', '2022-07-07 09:00:00'),
(1913, 367, 1, 8, '0', '2025-01-15 13:00:00'),
(1914, 59, 35, 8, '2', '2024-02-03 15:00:00'),
(1915, 98, 1, 8, '0', '2024-11-25 09:00:00'),
(1916, 508, 1, 8, '1', '2021-12-04 13:00:00'),
(1917, 329, 4, 8, '2', '2023-09-13 12:00:00'),
(1918, 60, 38, 8, '2', '2021-07-02 14:00:00'),
(1919, 227, 1, 8, '1', '2024-06-13 11:00:00'),
(1920, 52, 1, 8, '1', '2022-07-15 13:00:00'),
(1921, 323, 1, 8, '2', '2022-07-28 08:00:00'),
(1922, 68, 53, 8, '2', '2022-04-26 09:00:00'),
(1923, 294, 1, 8, '1', '2021-04-07 09:00:00'),
(1924, 451, 1, 8, '1', '2021-03-22 10:00:00'),
(1925, 226, 4, 8, '3', '2023-11-09 08:00:00'),
(1926, 362, 1, 8, '0', '2023-04-07 10:00:00'),
(1927, 333, 55, 8, '3', '2023-10-08 15:00:00'),
(1928, 294, 35, 8, '3', '2021-11-24 13:00:00'),
(1929, 143, 35, 8, '2', '2022-04-21 16:00:00'),
(1930, 52, 1, 8, '2', '2021-07-22 12:00:00'),
(1931, 434, 1, 8, '0', '2022-11-05 17:00:00'),
(1932, 398, 1, 8, '1', '2024-06-03 14:00:00'),
(1933, 468, 54, 8, '3', '2023-03-13 16:00:00'),
(1934, 454, 35, 8, '1', '2023-12-19 15:00:00'),
(1935, 495, 55, 8, '3', '2021-12-01 12:00:00'),
(1936, 396, 1, 8, '0', '2023-04-01 16:00:00'),
(1937, 189, 36, 8, '3', '2024-03-02 15:00:00'),
(1938, 409, 38, 8, '1', '2023-01-10 15:00:00'),
(1939, 311, 35, 8, '3', '2023-06-18 15:00:00'),
(1940, 489, 35, 8, '2', '2022-05-21 13:00:00'),
(1941, 154, 37, 8, '2', '2023-07-03 17:00:00'),
(1942, 226, 1, 8, '2', '2025-01-23 13:00:00'),
(1943, 282, 1, 8, '0', '2022-09-04 14:00:00'),
(1944, 121, 1, 8, '0', '2023-06-14 11:00:00'),
(1945, 166, 55, 8, '1', '2022-12-27 16:00:00'),
(1946, 88, 35, 8, '2', '2023-07-24 15:00:00'),
(1947, 272, 1, 8, '1', '2022-04-21 13:00:00'),
(1948, 364, 38, 8, '3', '2022-05-02 13:00:00'),
(1949, 258, 1, 8, '2', '2024-12-25 16:00:00'),
(1950, 406, 35, 8, '2', '2023-05-01 14:00:00'),
(1951, 76, 4, 8, '3', '2022-06-26 16:00:00'),
(1952, 498, 35, 8, '0', '2022-09-24 12:00:00'),
(1953, 154, 1, 8, '0', '2024-10-30 12:00:00'),
(1954, 396, 35, 8, '0', '2022-12-28 14:00:00'),
(1955, 79, 1, 8, '1', '2023-01-04 16:00:00'),
(1956, 18, 1, 8, '2', '2024-11-14 11:00:00'),
(1957, 234, 1, 8, '2', '2024-08-13 12:00:00'),
(1958, 367, 36, 8, '0', '2023-11-03 14:00:00'),
(1959, 320, 35, 8, '0', '2023-02-15 15:00:00'),
(1960, 141, 35, 8, '1', '2022-03-20 17:00:00'),
(1961, 471, 1, 8, '3', '2022-09-11 09:00:00'),
(1962, 239, 36, 8, '0', '2023-04-16 15:00:00'),
(1963, 147, 37, 8, '3', '2022-05-05 11:00:00'),
(1964, 260, 1, 8, '1', '2022-03-17 17:00:00'),
(1965, 76, 55, 8, '0', '2022-03-21 12:00:00'),
(1966, 147, 1, 8, '0', '2023-04-18 14:00:00'),
(1967, 3, 4, 8, '3', '2023-10-22 17:00:00'),
(1968, 459, 35, 8, '0', '2023-10-24 15:00:00'),
(1969, 198, 55, 8, '3', '2022-12-24 13:00:00'),
(1970, 397, 4, 8, '1', '2024-02-13 15:00:00'),
(1971, 8, 1, 8, '2', '2025-01-28 12:00:00'),
(1972, 162, 35, 8, '3', '2023-01-04 14:00:00'),
(1973, 207, 38, 8, '0', '2023-09-02 12:00:00'),
(1974, 79, 1, 8, '2', '2021-05-24 09:00:00'),
(1975, 204, 1, 8, '2', '2024-03-04 11:00:00'),
(1976, 154, 53, 8, '0', '2022-12-19 12:00:00'),
(1977, 60, 36, 8, '3', '2023-12-28 12:00:00'),
(1978, 404, 1, 8, '1', '2023-09-08 13:00:00'),
(1979, 426, 35, 8, '1', '2021-03-30 16:00:00'),
(1980, 248, 35, 8, '1', '2023-03-05 09:00:00'),
(1981, 189, 37, 8, '1', '2022-07-23 12:00:00'),
(1982, 239, 55, 8, '3', '2023-08-29 13:00:00'),
(1983, 273, 35, 8, '3', '2022-10-24 10:00:00'),
(1984, 271, 35, 8, '2', '2023-11-27 16:00:00'),
(1985, 352, 54, 8, '3', '2022-09-24 16:00:00'),
(1986, 164, 35, 8, '1', '2022-01-02 10:00:00'),
(1987, 98, 55, 8, '0', '2022-05-17 14:00:00'),
(1988, 535, 1, 8, '2', '2021-11-23 16:00:00'),
(1989, 367, 54, 8, '2', '2025-03-03 08:00:00'),
(1990, 346, 1, 8, '0', '2021-12-30 11:00:00'),
(1991, 521, 1, 8, '1', '2024-12-17 09:00:00'),
(1992, 17, 1, 8, '0', '2022-09-07 11:00:00'),
(1993, 154, 4, 8, '0', '2024-01-22 14:00:00'),
(1994, 256, 1, 8, '1', '2024-11-25 11:00:00'),
(1995, 339, 35, 8, '0', '2021-08-25 16:00:00'),
(1996, 527, 35, 8, '0', '2023-01-26 14:00:00'),
(1997, 75, 1, 8, '3', '2023-09-17 16:00:00'),
(1998, 397, 36, 8, '0', '2022-06-17 14:00:00'),
(1999, 239, 54, 8, '3', '2023-11-22 16:00:00'),
(2000, 151, 1, 8, '0', '2024-05-09 09:00:00'),
(2001, 471, 1, 8, '0', '2022-03-25 11:00:00'),
(2002, 508, 55, 8, '0', '2022-12-17 12:00:00'),
(2003, 367, 35, 8, '1', '2021-04-14 17:00:00'),
(2004, 147, 35, 8, '1', '2023-12-04 16:00:00'),
(2005, 68, 37, 8, '1', '2022-07-14 16:00:00'),
(2006, 52, 36, 8, '1', '2022-09-22 08:00:00'),
(2007, 60, 53, 8, '2', '2023-09-06 16:00:00'),
(2008, 52, 36, 8, '2', '2024-10-07 15:00:00'),
(2009, 98, 36, 8, '1', '2021-09-25 11:00:00'),
(2010, 65, 1, 8, '3', '2023-08-27 13:00:00'),
(2011, 118, 35, 8, '1', '2021-03-21 10:00:00'),
(2012, 345, 35, 8, '2', '2023-02-27 15:00:00'),
(2013, 434, 1, 8, '3', '2023-10-06 09:00:00'),
(2014, 390, 35, 8, '2', '2022-12-30 09:00:00'),
(2015, 162, 35, 8, '0', '2022-04-16 15:00:00'),
(2016, 218, 35, 8, '1', '2024-01-08 09:00:00'),
(2017, 405, 1, 8, '1', '2024-01-10 12:00:00'),
(2018, 471, 4, 8, '1', '2024-01-30 10:00:00'),
(2019, 360, 1, 8, '3', '2023-10-03 15:00:00'),
(2020, 17, 1, 8, '2', '2023-10-11 15:00:00'),
(2021, 68, 1, 8, '2', '2023-11-24 17:00:00'),
(2022, 361, 1, 8, '0', '2022-11-04 14:00:00'),
(2023, 428, 1, 8, '3', '2024-02-29 14:00:00'),
(2024, 207, 37, 8, '1', '2023-12-13 15:00:00'),
(2025, 333, 35, 8, '1', '2022-02-07 12:00:00'),
(2026, 340, 1, 8, '3', '2022-09-13 08:00:00'),
(2027, 303, 35, 8, '2', '2025-01-03 15:00:00'),
(2028, 95, 1, 8, '3', '2023-11-07 11:00:00'),
(2029, 3, 54, 8, '2', '2023-07-22 12:00:00'),
(2030, 457, 35, 8, '1', '2021-03-13 08:00:00'),
(2031, 256, 35, 8, '0', '2023-06-10 09:00:00'),
(2032, 468, 38, 8, '2', '2025-01-20 13:00:00'),
(2033, 384, 35, 8, '0', '2024-04-01 13:00:00'),
(2034, 239, 1, 8, '0', '2022-06-03 10:00:00'),
(2035, 224, 35, 8, '0', '2023-11-18 12:00:00'),
(2036, 495, 1, 8, '3', '2021-05-27 11:00:00'),
(2037, 50, 1, 8, '2', '2021-04-23 12:00:00'),
(2038, 3, 55, 8, '0', '2022-06-20 13:00:00'),
(2039, 285, 35, 8, '1', '2024-06-18 10:00:00'),
(2040, 375, 1, 8, '2', '2024-02-15 10:00:00'),
(2041, 364, 4, 8, '3', '2024-05-02 16:00:00'),
(2042, 495, 4, 8, '2', '2024-01-01 15:00:00'),
(2043, 3, 55, 8, '2', '2023-01-15 17:00:00'),
(2044, 207, 53, 8, '1', '2021-08-01 11:00:00'),
(2045, 76, 1, 8, '0', '2023-11-16 12:00:00'),
(2046, 5, 1, 8, '1', '2022-11-04 10:00:00'),
(2047, 409, 1, 8, '3', '2024-01-27 08:00:00'),
(2048, 198, 38, 8, '2', '2025-03-08 17:00:00'),
(2049, 313, 1, 8, '0', '2024-01-15 15:00:00'),
(2050, 206, 1, 8, '1', '2024-02-24 13:00:00'),
(2051, 406, 1, 8, '1', '2021-11-16 14:00:00'),
(2052, 154, 36, 8, '1', '2023-07-28 09:00:00'),
(2053, 198, 37, 8, '2', '2023-02-07 14:00:00'),
(2054, 207, 37, 8, '1', '2024-09-08 10:00:00'),
(2055, 116, 1, 8, '2', '2021-11-24 16:00:00'),
(2056, 52, 37, 8, '0', '2022-02-23 14:00:00'),
(2057, 17, 37, 8, '2', '2023-12-24 16:00:00'),
(2058, 166, 37, 8, '2', '2022-08-22 14:00:00'),
(2059, 495, 37, 8, '2', '2023-11-26 10:00:00'),
(2060, 370, 35, 8, '0', '2021-10-16 10:00:00'),
(2061, 333, 55, 8, '3', '2024-02-21 12:00:00'),
(2062, 352, 55, 8, '3', '2024-11-19 13:00:00'),
(2063, 76, 1, 8, '0', '2021-11-11 16:00:00'),
(2064, 303, 35, 8, '1', '2023-04-29 09:00:00'),
(2065, 75, 1, 8, '3', '2022-02-26 11:00:00'),
(2066, 52, 38, 8, '0', '2022-01-03 10:00:00'),
(2067, 367, 54, 8, '2', '2023-07-03 16:00:00'),
(2068, 434, 35, 8, '1', '2025-02-09 12:00:00'),
(2069, 198, 35, 8, '3', '2024-01-04 08:00:00'),
(2070, 459, 1, 8, '2', '2024-11-24 10:00:00'),
(2071, 154, 1, 8, '1', '2022-04-26 12:00:00'),
(2072, 189, 55, 8, '3', '2024-02-23 12:00:00'),
(2073, 219, 1, 8, '2', '2022-04-16 16:00:00'),
(2074, 228, 1, 8, '2', '2023-12-16 17:00:00'),
(2075, 68, 38, 8, '3', '2023-10-05 11:00:00'),
(2076, 285, 35, 8, '1', '2024-08-18 12:00:00'),
(2077, 18, 35, 8, '0', '2023-05-03 12:00:00'),
(2078, 508, 1, 8, '0', '2022-10-21 15:00:00'),
(2079, 499, 35, 8, '0', '2023-03-06 12:00:00'),
(2080, 346, 38, 8, '1', '2021-04-13 16:00:00'),
(2081, 3, 37, 8, '1', '2024-02-10 08:00:00'),
(2082, 175, 35, 8, '1', '2022-11-26 17:00:00'),
(2083, 374, 35, 8, '2', '2023-01-05 08:00:00'),
(2084, 88, 1, 8, '3', '2022-05-18 09:00:00'),
(2085, 15, 1, 8, '0', '2025-01-17 12:00:00'),
(2086, 346, 37, 8, '0', '2023-09-28 15:00:00'),
(2087, 60, 1, 8, '2', '2022-04-21 09:00:00'),
(2088, 282, 1, 8, '3', '2021-08-15 11:00:00'),
(2089, 405, 35, 8, '0', '2023-08-20 13:00:00'),
(2090, 78, 35, 8, '3', '2022-03-05 10:00:00'),
(2091, 308, 1, 8, '0', '2022-02-21 14:00:00'),
(2092, 36, 1, 8, '2', '2021-08-06 09:00:00'),
(2093, 381, 1, 8, '3', '2024-01-17 09:00:00'),
(2094, 329, 55, 8, '1', '2022-07-05 17:00:00'),
(2095, 154, 38, 8, '2', '2022-08-09 15:00:00'),
(2096, 352, 1, 8, '3', '2023-08-26 16:00:00'),
(2097, 498, 1, 8, '2', '2024-05-04 10:00:00'),
(2098, 76, 1, 8, '1', '2022-04-16 13:00:00'),
(2099, 102, 35, 8, '2', '2022-04-19 15:00:00'),
(2100, 3, 36, 8, '0', '2023-05-18 14:00:00'),
(2101, 346, 4, 8, '0', '2023-03-22 17:00:00'),
(2102, 52, 35, 8, '1', '2024-01-07 09:00:00'),
(2103, 311, 1, 8, '1', '2022-10-24 11:00:00'),
(2104, 495, 1, 8, '1', '2022-08-02 11:00:00'),
(2105, 219, 35, 8, '0', '2021-10-21 09:00:00'),
(2106, 4, 1, 8, '1', '2024-10-11 16:00:00'),
(2107, 493, 35, 8, '0', '2024-11-13 09:00:00'),
(2108, 419, 35, 8, '2', '2023-12-09 15:00:00'),
(2109, 508, 37, 8, '2', '2022-05-16 15:00:00'),
(2110, 68, 36, 8, '3', '2024-11-14 13:00:00'),
(2111, 198, 38, 8, '0', '2022-09-30 15:00:00'),
(2112, 52, 52, 8, '3', '2024-11-10 13:00:00'),
(2113, 339, 35, 8, '1', '2024-03-06 15:00:00'),
(2114, 215, 1, 8, '0', '2022-05-05 15:00:00'),
(2115, 382, 1, 8, '3', '2023-06-17 14:00:00'),
(2116, 227, 35, 8, '3', '2024-10-29 15:00:00'),
(2117, 17, 36, 8, '3', '2024-08-28 12:00:00'),
(2118, 354, 1, 8, '3', '2024-11-27 12:00:00'),
(2119, 428, 35, 8, '3', '2023-08-05 09:00:00'),
(2120, 352, 4, 8, '1', '2023-08-22 15:00:00'),
(2121, 189, 1, 8, '0', '2022-11-20 14:00:00'),
(2122, 406, 54, 8, '1', '2023-12-01 13:00:00'),
(2123, 454, 1, 8, '3', '2024-05-02 16:00:00'),
(2124, 41, 1, 8, '3', '2023-12-14 13:00:00'),
(2125, 364, 1, 8, '1', '2024-09-08 10:00:00'),
(2126, 239, 38, 8, '1', '2024-08-25 11:00:00'),
(2127, 352, 53, 8, '2', '2024-01-05 14:00:00'),
(2128, 364, 1, 8, '1', '2021-05-26 09:00:00'),
(2129, 232, 35, 8, '1', '2022-12-06 09:00:00'),
(2130, 154, 53, 8, '1', '2022-07-07 13:00:00'),
(2131, 483, 1, 8, '0', '2024-05-26 16:00:00'),
(2132, 339, 1, 8, '1', '2022-03-12 17:00:00'),
(2133, 423, 35, 8, '2', '2022-04-30 14:00:00'),
(2134, 36, 35, 8, '2', '2024-03-20 13:00:00'),
(2135, 524, 1, 8, '1', '2022-08-03 10:00:00'),
(2136, 104, 1, 8, '2', '2023-10-09 15:00:00'),
(2137, 263, 35, 8, '3', '2022-09-27 15:00:00'),
(2138, 3, 1, 8, '0', '2024-01-24 11:00:00'),
(2139, 468, 1, 8, '0', '2023-06-01 12:00:00'),
(2140, 468, 4, 8, '1', '2023-08-12 16:00:00'),
(2141, 397, 55, 8, '1', '2022-10-14 09:00:00'),
(2142, 88, 35, 8, '0', '2023-04-09 15:00:00'),
(2143, 452, 1, 8, '0', '2024-01-17 14:00:00'),
(2144, 214, 1, 8, '2', '2021-06-01 16:00:00'),
(2145, 52, 1, 8, '2', '2024-12-02 09:00:00'),
(2146, 272, 35, 8, '3', '2023-09-27 12:00:00'),
(2147, 406, 55, 8, '2', '2021-09-28 13:00:00'),
(2148, 23, 1, 8, '3', '2021-05-16 11:00:00'),
(2149, 226, 38, 8, '2', '2024-04-28 08:00:00'),
(2150, 102, 1, 8, '0', '2021-09-23 12:00:00'),
(2151, 68, 35, 8, '1', '2022-08-26 14:00:00'),
(2152, 468, 36, 8, '2', '2022-09-10 12:00:00'),
(2153, 154, 1, 8, '0', '2022-12-22 11:00:00'),
(2154, 397, 37, 8, '2', '2024-05-25 15:00:00'),
(2155, 354, 35, 8, '2', '2024-02-02 11:00:00'),
(2156, 335, 35, 8, '2', '2024-09-26 10:00:00'),
(2157, 364, 54, 8, '2', '2021-11-30 12:00:00'),
(2158, 508, 1, 8, '3', '2021-07-05 15:00:00'),
(2159, 3, 4, 8, '1', '2022-04-18 10:00:00'),
(2160, 98, 37, 8, '2', '2024-01-15 13:00:00'),
(2161, 256, 35, 8, '3', '2024-01-14 16:00:00'),
(2162, 198, 1, 8, '1', '2025-01-02 15:00:00'),
(2163, 17, 1, 8, '1', '2023-09-29 11:00:00'),
(2164, 367, 37, 8, '2', '2024-12-15 16:00:00'),
(2165, 495, 38, 8, '2', '2023-08-19 08:00:00'),
(2166, 324, 35, 8, '2', '2024-06-28 11:00:00'),
(2167, 322, 1, 8, '3', '2024-03-05 10:00:00'),
(2168, 3, 38, 8, '1', '2022-12-21 11:00:00'),
(2169, 337, 35, 8, '0', '2021-10-16 09:00:00'),
(2170, 287, 1, 8, '1', '2022-08-25 11:00:00'),
(2171, 508, 37, 8, '3', '2023-10-08 08:00:00'),
(2172, 17, 1, 8, '2', '2023-02-02 14:00:00'),
(2173, 204, 35, 8, '2', '2024-09-26 10:00:00'),
(2174, 471, 55, 8, '2', '2022-03-07 11:00:00'),
(2175, 228, 1, 8, '2', '2022-04-29 17:00:00'),
(2176, 406, 55, 8, '3', '2023-07-20 17:00:00'),
(2177, 273, 1, 8, '3', '2024-12-21 09:00:00'),
(2178, 198, 4, 8, '0', '2023-10-18 15:00:00'),
(2179, 452, 1, 8, '3', '2023-11-08 16:00:00'),
(2180, 495, 36, 8, '3', '2022-10-09 11:00:00'),
(2181, 175, 1, 8, '2', '2024-05-19 15:00:00'),
(2182, 532, 35, 8, '1', '2022-07-03 11:00:00'),
(2183, 95, 35, 8, '3', '2024-02-04 14:00:00'),
(2184, 23, 35, 8, '2', '2022-10-30 15:00:00'),
(2185, 508, 36, 8, '0', '2022-06-21 10:00:00'),
(2186, 166, 38, 8, '2', '2022-01-10 17:00:00'),
(2187, 73, 35, 8, '3', '2023-04-29 16:00:00'),
(2188, 376, 1, 8, '3', '2021-07-09 14:00:00'),
(2189, 52, 1, 8, '2', '2022-02-19 13:00:00'),
(2190, 60, 4, 8, '1', '2022-10-29 13:00:00'),
(2191, 60, 35, 8, '0', '2024-07-18 10:00:00'),
(2192, 354, 1, 8, '2', '2024-08-13 15:00:00'),
(2193, 118, 35, 8, '2', '2023-12-19 13:00:00'),
(2194, 30, 35, 8, '1', '2023-10-10 09:00:00'),
(2195, 30, 1, 8, '1', '2023-02-27 15:00:00'),
(2196, 323, 35, 8, '2', '2024-09-09 12:00:00'),
(2197, 406, 38, 8, '1', '2022-03-27 15:00:00'),
(2198, 154, 52, 8, '3', '2022-09-02 15:00:00'),
(2199, 415, 1, 8, '3', '2024-03-02 11:00:00'),
(2200, 226, 1, 8, '2', '2022-08-20 11:00:00'),
(2201, 122, 35, 8, '1', '2024-09-22 08:00:00'),
(2202, 198, 54, 8, '1', '2021-08-31 17:00:00'),
(2203, 495, 4, 8, '3', '2022-07-17 11:00:00'),
(2204, 207, 38, 8, '2', '2022-08-05 15:00:00'),
(2205, 262, 1, 8, '3', '2022-05-09 09:00:00'),
(2206, 233, 35, 8, '0', '2024-01-14 12:00:00'),
(2207, 14, 1, 8, '0', '2024-11-21 08:00:00'),
(2208, 354, 35, 8, '3', '2022-09-07 14:00:00'),
(2209, 73, 1, 8, '1', '2025-01-06 15:00:00'),
(2210, 60, 54, 8, '3', '2023-02-21 14:00:00'),
(2211, 524, 35, 8, '3', '2023-09-28 09:00:00'),
(2212, 52, 37, 8, '1', '2022-06-28 11:00:00'),
(2213, 239, 53, 8, '3', '2022-05-13 09:00:00'),
(2214, 354, 37, 8, '0', '2023-07-16 13:00:00'),
(2215, 329, 1, 8, '2', '2023-12-19 13:00:00'),
(2216, 243, 35, 8, '1', '2022-04-23 12:00:00'),
(2217, 214, 35, 8, '0', '2022-02-13 14:00:00'),
(2218, 147, 55, 8, '3', '2024-06-23 10:00:00'),
(2219, 329, 38, 8, '3', '2024-07-20 16:00:00'),
(2220, 397, 38, 8, '0', '2022-08-05 11:00:00'),
(2221, 3, 53, 8, '1', '2023-11-28 13:00:00'),
(2222, 271, 35, 8, '3', '2023-10-25 15:00:00'),
(2223, 147, 38, 8, '1', '2021-10-22 11:00:00');
INSERT INTO `ETU_competence_evaluation` (`id_competence_evaluation`, `id_etudiant`, `id_apprentissage_critique`, `id_evaluation_type`, `evaluation`, `date`) VALUES
(2224, 2, 35, 8, '1', '2021-04-03 14:00:00'),
(2225, 432, 1, 8, '1', '2021-05-20 09:00:00'),
(2226, 354, 38, 8, '1', '2022-09-04 16:00:00'),
(2227, 346, 55, 8, '1', '2022-04-17 16:00:00'),
(2228, 366, 1, 8, '0', '2024-07-08 11:00:00'),
(2229, 400, 35, 8, '0', '2024-07-24 09:00:00'),
(2230, 68, 1, 8, '2', '2022-11-09 11:00:00'),
(2231, 60, 54, 8, '0', '2023-02-25 10:00:00'),
(2232, 207, 53, 8, '0', '2023-03-13 15:00:00'),
(2233, 381, 35, 8, '3', '2024-10-05 14:00:00'),
(2234, 287, 35, 8, '2', '2023-12-13 17:00:00'),
(2235, 189, 54, 8, '2', '2024-06-05 15:00:00'),
(2236, 342, 1, 8, '3', '2023-12-24 09:00:00'),
(2237, 397, 38, 8, '1', '2023-12-10 12:00:00'),
(2238, 41, 35, 8, '3', '2023-04-07 09:00:00'),
(2239, 147, 38, 8, '3', '2025-01-06 16:00:00'),
(2240, 98, 54, 8, '0', '2023-11-20 11:00:00'),
(2241, 3, 1, 8, '0', '2022-02-21 13:00:00'),
(2242, 535, 35, 8, '2', '2022-03-10 10:00:00'),
(2243, 76, 1, 8, '2', '2022-02-14 13:00:00'),
(2244, 154, 54, 8, '3', '2024-02-23 11:00:00'),
(2245, 166, 1, 8, '1', '2024-09-01 10:00:00'),
(2246, 471, 1, 8, '1', '2022-05-27 08:00:00'),
(2247, 386, 1, 8, '3', '2021-04-17 14:00:00'),
(2248, 287, 35, 8, '1', '2022-06-22 12:00:00'),
(2249, 355, 1, 8, '3', '2023-10-06 08:00:00'),
(2250, 381, 35, 8, '2', '2023-09-22 13:00:00'),
(2251, 389, 1, 8, '0', '2021-04-17 17:00:00'),
(2252, 371, 35, 8, '1', '2022-12-15 11:00:00'),
(2253, 226, 4, 8, '2', '2022-06-13 12:00:00'),
(2254, 82, 35, 8, '3', '2023-11-22 12:00:00'),
(2255, 471, 53, 8, '2', '2022-12-17 10:00:00'),
(2256, 406, 38, 8, '1', '2023-11-05 15:00:00'),
(2257, 143, 1, 8, '0', '2025-01-05 12:00:00'),
(2258, 200, 35, 8, '1', '2021-10-14 12:00:00'),
(2259, 198, 35, 8, '2', '2021-10-02 12:00:00'),
(2260, 329, 1, 8, '2', '2023-06-18 14:00:00'),
(2261, 248, 1, 8, '1', '2022-05-13 16:00:00'),
(2262, 207, 35, 8, '3', '2022-03-16 15:00:00'),
(2263, 483, 35, 8, '0', '2023-03-19 14:00:00'),
(2264, 439, 1, 8, '2', '2023-09-09 15:00:00'),
(2265, 134, 35, 8, '0', '2022-09-25 14:00:00'),
(2266, 4, 35, 8, '0', '2022-06-13 10:00:00'),
(2267, 166, 53, 8, '0', '2023-11-20 11:00:00'),
(2268, 337, 1, 8, '0', '2021-04-06 09:00:00'),
(2269, 397, 38, 8, '0', '2022-07-26 12:00:00'),
(2270, 495, 1, 8, '1', '2024-09-15 09:00:00'),
(2271, 78, 1, 8, '3', '2025-01-17 12:00:00'),
(2272, 95, 55, 8, '3', '2024-05-25 13:00:00'),
(2273, 164, 1, 8, '0', '2022-09-25 08:00:00'),
(2274, 364, 54, 8, '1', '2022-07-03 13:00:00'),
(2275, 346, 54, 8, '2', '2021-09-12 14:00:00'),
(2276, 470, 1, 8, '1', '2023-06-10 13:00:00'),
(2277, 257, 1, 8, '2', '2022-01-31 14:00:00'),
(2278, 22, 35, 8, '0', '2022-09-05 17:00:00'),
(2279, 409, 1, 8, '1', '2023-02-09 17:00:00'),
(2280, 213, 1, 8, '2', '2022-10-14 14:00:00'),
(2281, 95, 54, 8, '0', '2023-10-26 11:00:00'),
(2282, 206, 1, 8, '0', '2023-08-13 10:00:00'),
(2283, 352, 38, 8, '3', '2023-03-05 13:00:00'),
(2284, 419, 1, 8, '2', '2023-03-28 14:00:00'),
(2285, 371, 1, 8, '3', '2021-09-30 14:00:00'),
(2286, 64, 1, 8, '2', '2023-03-06 10:00:00'),
(2287, 532, 1, 8, '3', '2021-08-11 08:00:00'),
(2288, 389, 35, 8, '1', '2023-05-27 11:00:00'),
(2289, 471, 38, 8, '1', '2024-09-08 09:00:00'),
(2290, 346, 1, 8, '1', '2022-07-28 10:00:00'),
(2291, 295, 35, 8, '1', '2021-07-25 11:00:00'),
(2292, 3, 36, 8, '1', '2024-02-26 12:00:00'),
(2293, 471, 38, 8, '1', '2022-12-10 12:00:00'),
(2294, 206, 1, 8, '1', '2025-02-05 11:00:00'),
(2295, 100, 35, 8, '1', '2022-05-14 13:00:00'),
(2296, 323, 1, 8, '3', '2021-08-12 17:00:00'),
(2297, 360, 1, 8, '1', '2023-06-28 08:00:00'),
(2298, 364, 36, 8, '1', '2023-02-11 14:00:00'),
(2299, 436, 35, 8, '2', '2022-05-20 14:00:00'),
(2300, 364, 1, 8, '1', '2023-12-19 10:00:00'),
(2301, 367, 52, 8, '0', '2024-01-06 10:00:00'),
(2302, 166, 1, 8, '2', '2021-12-20 12:00:00'),
(2303, 529, 35, 8, '1', '2023-03-25 12:00:00'),
(2304, 189, 53, 8, '3', '2021-07-15 13:00:00'),
(2305, 309, 35, 8, '2', '2024-11-12 14:00:00'),
(2306, 95, 38, 8, '1', '2024-03-26 15:00:00'),
(2307, 226, 1, 8, '0', '2023-04-09 12:00:00'),
(2308, 207, 37, 8, '2', '2022-11-14 11:00:00'),
(2309, 508, 35, 8, '0', '2022-11-20 08:00:00'),
(2310, 146, 35, 8, '1', '2022-05-08 17:00:00'),
(2311, 333, 38, 8, '1', '2024-09-01 10:00:00'),
(2312, 400, 1, 8, '3', '2023-10-09 17:00:00'),
(2313, 374, 35, 8, '3', '2023-05-19 11:00:00'),
(2314, 137, 35, 8, '1', '2023-06-29 17:00:00'),
(2315, 495, 38, 8, '3', '2024-02-05 13:00:00'),
(2316, 406, 4, 8, '1', '2023-04-10 16:00:00'),
(2317, 337, 1, 8, '3', '2021-08-25 09:00:00'),
(2318, 37, 1, 8, '1', '2021-08-05 10:00:00'),
(2319, 166, 55, 8, '1', '2021-11-14 08:00:00'),
(2320, 364, 37, 8, '0', '2023-03-14 17:00:00'),
(2321, 282, 35, 8, '2', '2022-02-07 16:00:00'),
(2322, 273, 1, 8, '2', '2021-05-06 13:00:00'),
(2323, 92, 35, 8, '2', '2022-10-31 14:00:00'),
(2324, 76, 1, 8, '2', '2024-03-20 12:00:00'),
(2325, 354, 1, 8, '0', '2024-01-20 11:00:00'),
(2326, 166, 1, 8, '3', '2022-10-16 09:00:00'),
(2327, 387, 1, 8, '3', '2024-05-08 09:00:00'),
(2328, 207, 1, 8, '2', '2025-03-04 13:00:00'),
(2329, 329, 53, 8, '2', '2023-11-04 11:00:00'),
(2330, 433, 35, 8, '1', '2022-11-22 16:00:00'),
(2331, 98, 36, 8, '0', '2024-06-09 13:00:00'),
(2332, 154, 4, 8, '3', '2024-08-22 12:00:00'),
(2333, 116, 1, 8, '3', '2022-03-24 10:00:00'),
(2334, 156, 1, 8, '1', '2021-10-14 11:00:00'),
(2335, 5, 53, 8, '2', '2022-02-18 12:00:00'),
(2336, 468, 35, 8, '1', '2023-09-28 10:00:00'),
(2337, 516, 1, 8, '1', '2021-07-26 11:00:00'),
(2338, 122, 1, 8, '2', '2023-07-14 11:00:00'),
(2339, 356, 1, 8, '1', '2023-02-14 16:00:00'),
(2340, 5, 4, 8, '2', '2023-12-28 14:00:00'),
(2341, 119, 1, 8, '0', '2022-06-29 14:00:00'),
(2342, 287, 1, 8, '0', '2023-10-13 12:00:00'),
(2343, 471, 1, 8, '0', '2023-09-19 14:00:00'),
(2344, 22, 35, 8, '1', '2023-11-13 14:00:00'),
(2345, 352, 4, 8, '3', '2023-11-04 14:00:00'),
(2346, 98, 54, 8, '1', '2022-04-06 11:00:00'),
(2347, 263, 1, 8, '3', '2025-01-10 15:00:00'),
(2348, 198, 4, 8, '0', '2022-09-06 16:00:00'),
(2349, 112, 35, 8, '1', '2024-08-26 10:00:00'),
(2350, 195, 1, 8, '2', '2022-07-11 14:00:00'),
(2351, 102, 1, 8, '2', '2021-07-23 14:00:00'),
(2352, 397, 54, 8, '0', '2024-03-10 14:00:00'),
(2353, 18, 1, 8, '0', '2024-01-11 12:00:00'),
(2354, 156, 35, 8, '3', '2025-01-03 16:00:00'),
(2355, 39, 35, 8, '1', '2022-09-02 13:00:00'),
(2356, 189, 38, 8, '1', '2021-06-21 14:00:00'),
(2357, 354, 36, 8, '1', '2023-07-14 15:00:00'),
(2358, 468, 53, 8, '0', '2023-09-09 15:00:00'),
(2359, 95, 37, 8, '2', '2021-12-10 10:00:00'),
(2360, 264, 35, 8, '2', '2022-01-03 17:00:00'),
(2361, 468, 37, 8, '3', '2022-12-07 13:00:00'),
(2362, 355, 35, 8, '3', '2025-01-08 15:00:00'),
(2363, 15, 35, 8, '1', '2023-10-18 14:00:00'),
(2364, 329, 54, 8, '0', '2023-05-04 09:00:00'),
(2365, 282, 35, 8, '2', '2022-12-25 08:00:00'),
(2366, 17, 54, 8, '2', '2022-09-15 10:00:00'),
(2367, 95, 1, 8, '0', '2023-05-24 15:00:00'),
(2368, 329, 1, 8, '1', '2025-01-03 14:00:00'),
(2369, 207, 4, 8, '0', '2022-11-24 10:00:00'),
(2370, 100, 1, 8, '1', '2023-03-05 11:00:00'),
(2371, 166, 35, 8, '1', '2023-12-21 10:00:00'),
(2372, 499, 35, 8, '0', '2024-02-29 15:00:00'),
(2373, 226, 35, 8, '1', '2022-12-12 11:00:00'),
(2374, 17, 4, 8, '2', '2022-09-12 17:00:00'),
(2375, 367, 38, 8, '0', '2024-03-10 11:00:00'),
(2376, 5, 38, 8, '3', '2023-12-19 09:00:00'),
(2377, 279, 35, 8, '3', '2022-11-30 13:00:00'),
(2378, 207, 38, 8, '0', '2023-12-31 10:00:00'),
(2379, 262, 35, 8, '2', '2021-04-12 15:00:00'),
(2380, 76, 1, 8, '0', '2024-07-30 17:00:00'),
(2381, 198, 38, 8, '0', '2023-08-07 16:00:00'),
(2382, 396, 35, 8, '0', '2025-01-04 12:00:00'),
(2383, 329, 53, 8, '0', '2024-03-15 13:00:00'),
(2384, 257, 1, 8, '1', '2022-04-03 08:00:00'),
(2385, 98, 38, 8, '3', '2023-01-14 09:00:00'),
(2386, 8, 35, 8, '1', '2023-07-27 16:00:00'),
(2387, 352, 37, 8, '3', '2023-03-16 08:00:00'),
(2388, 354, 53, 8, '1', '2023-03-03 14:00:00'),
(2389, 162, 1, 8, '0', '2023-11-03 16:00:00'),
(2390, 219, 37, 8, '3', '2024-05-22 16:00:00'),
(2391, 468, 1, 8, '1', '2024-03-22 15:00:00'),
(2392, 454, 35, 8, '1', '2022-09-13 11:00:00'),
(2393, 354, 1, 8, '3', '2024-06-19 13:00:00'),
(2394, 219, 1, 8, '0', '2023-06-29 12:00:00'),
(2395, 468, 4, 8, '2', '2023-01-07 16:00:00'),
(2396, 521, 1, 8, '3', '2025-03-04 16:00:00'),
(2397, 3, 35, 8, '2', '2022-06-18 17:00:00'),
(2398, 37, 1, 8, '2', '2024-08-20 13:00:00'),
(2399, 264, 1, 8, '0', '2024-09-19 09:00:00'),
(2400, 333, 36, 8, '3', '2022-01-20 08:00:00'),
(2401, 311, 1, 8, '3', '2023-06-15 17:00:00'),
(2402, 17, 1, 8, '1', '2022-07-03 16:00:00'),
(2403, 8, 1, 8, '1', '2023-08-08 15:00:00'),
(2404, 340, 35, 8, '3', '2021-08-30 17:00:00'),
(2405, 392, 35, 8, '0', '2024-01-22 10:00:00'),
(2406, 147, 1, 8, '3', '2022-04-14 11:00:00'),
(2407, 346, 37, 8, '1', '2023-02-21 12:00:00'),
(2408, 483, 35, 8, '2', '2022-11-12 16:00:00'),
(2409, 322, 1, 8, '0', '2024-06-30 08:00:00'),
(2410, 364, 37, 8, '3', '2025-03-01 09:00:00'),
(2411, 309, 1, 8, '1', '2022-05-28 11:00:00'),
(2412, 303, 1, 8, '0', '2022-11-22 17:00:00'),
(2413, 354, 1, 8, '3', '2023-08-06 11:00:00'),
(2414, 76, 36, 8, '1', '2022-12-31 11:00:00'),
(2415, 361, 35, 8, '1', '2024-09-12 08:00:00'),
(2416, 239, 37, 8, '2', '2022-05-14 11:00:00'),
(2417, 367, 38, 8, '3', '2025-03-02 16:00:00'),
(2418, 239, 38, 8, '3', '2021-10-20 09:00:00'),
(2419, 98, 38, 8, '2', '2024-06-27 10:00:00'),
(2420, 471, 37, 8, '0', '2023-05-26 12:00:00'),
(2421, 382, 35, 8, '3', '2021-10-27 08:00:00'),
(2422, 390, 35, 8, '2', '2022-11-21 09:00:00'),
(2423, 167, 1, 8, '2', '2022-06-07 15:00:00'),
(2424, 354, 55, 8, '1', '2024-03-04 11:00:00'),
(2425, 5, 36, 8, '3', '2024-05-21 16:00:00'),
(2426, 396, 1, 8, '2', '2023-08-06 09:00:00'),
(2427, 162, 1, 8, '3', '2021-11-20 15:00:00'),
(2428, 495, 54, 8, '3', '2024-06-07 14:00:00'),
(2429, 60, 1, 8, '0', '2021-12-22 10:00:00'),
(2430, 207, 55, 8, '1', '2023-05-31 17:00:00'),
(2431, 453, 1, 8, '3', '2022-07-28 08:00:00'),
(2432, 285, 1, 8, '3', '2021-09-28 14:00:00'),
(2433, 226, 54, 8, '3', '2023-03-13 08:00:00'),
(2434, 471, 1, 8, '3', '2021-10-20 11:00:00'),
(2435, 41, 1, 8, '0', '2022-01-27 15:00:00'),
(2436, 166, 1, 8, '3', '2022-04-29 15:00:00'),
(2437, 537, 35, 8, '2', '2022-09-10 10:00:00'),
(2438, 213, 1, 8, '0', '2024-04-15 10:00:00'),
(2439, 305, 1, 8, '1', '2022-06-13 09:00:00'),
(2440, 367, 4, 8, '0', '2023-11-21 16:00:00'),
(2441, 333, 1, 8, '2', '2023-04-04 13:00:00'),
(2442, 166, 36, 8, '3', '2024-12-28 13:00:00'),
(2443, 495, 38, 8, '2', '2023-03-09 09:00:00'),
(2444, 95, 36, 8, '0', '2024-10-02 16:00:00'),
(2445, 36, 35, 8, '2', '2022-09-06 14:00:00'),
(2446, 226, 54, 8, '1', '2025-03-10 16:00:00'),
(8191, 397, 62, 8, '1', '2024-04-03 16:00:00'),
(8192, 177, 57, 8, '3', '2024-09-17 15:00:00'),
(8193, 240, 17, 8, '3', '2023-07-19 12:00:00'),
(8194, 290, 56, 8, '2', '2024-03-21 11:00:00'),
(8195, 181, 42, 8, '1', '2024-02-16 16:00:00'),
(8196, 174, 40, 8, '2', '2023-09-06 08:00:00'),
(8197, 51, 43, 8, '3', '2023-12-29 11:00:00'),
(8198, 465, 15, 8, '2', '2023-05-28 10:00:00'),
(8199, 48, 56, 8, '2', '2023-09-19 16:00:00'),
(8200, 388, 57, 8, '3', '2024-05-08 11:00:00'),
(8201, 31, 51, 8, '2', '2024-02-01 13:00:00'),
(8202, 177, 43, 8, '1', '2023-08-25 16:00:00'),
(8203, 89, 42, 8, '2', '2024-12-02 17:00:00'),
(8204, 358, 48, 8, '0', '2024-06-14 13:00:00'),
(8205, 140, 58, 8, '2', '2024-03-06 16:00:00'),
(8206, 191, 46, 8, '3', '2024-04-03 12:00:00'),
(8207, 166, 62, 8, '3', '2024-06-18 16:00:00'),
(8208, 51, 7, 8, '1', '2024-09-23 16:00:00'),
(8209, 51, 46, 8, '1', '2023-09-21 13:00:00'),
(8210, 136, 61, 8, '1', '2024-04-30 16:00:00'),
(8211, 70, 47, 8, '0', '2023-03-18 16:00:00'),
(8212, 431, 17, 8, '1', '2023-10-05 09:00:00'),
(8213, 429, 40, 8, '0', '2024-09-03 13:00:00'),
(8214, 446, 46, 8, '2', '2023-03-29 17:00:00'),
(8215, 16, 7, 8, '0', '2024-10-16 15:00:00'),
(8216, 140, 15, 8, '1', '2024-08-07 09:00:00'),
(8217, 446, 57, 8, '2', '2024-02-11 12:00:00'),
(8218, 416, 15, 8, '1', '2024-09-28 09:00:00'),
(8219, 174, 57, 8, '1', '2023-05-16 15:00:00'),
(8220, 429, 43, 8, '1', '2023-07-21 14:00:00'),
(8221, 281, 46, 8, '1', '2023-09-10 14:00:00'),
(8222, 431, 17, 8, '3', '2024-07-14 16:00:00'),
(8223, 299, 58, 8, '2', '2023-07-12 11:00:00'),
(8224, 427, 7, 8, '3', '2024-03-31 15:00:00'),
(8225, 466, 9, 8, '1', '2024-01-13 10:00:00'),
(8226, 431, 41, 8, '1', '2023-09-16 11:00:00'),
(8227, 523, 59, 8, '3', '2023-09-07 13:00:00'),
(8228, 377, 46, 8, '3', '2025-01-23 13:00:00'),
(8229, 358, 8, 8, '2', '2023-03-20 15:00:00'),
(8230, 181, 56, 8, '2', '2024-02-07 16:00:00'),
(8231, 235, 57, 8, '3', '2023-10-01 11:00:00'),
(8232, 193, 51, 8, '0', '2023-08-14 09:00:00'),
(8233, 181, 51, 8, '2', '2024-03-05 16:00:00'),
(8234, 48, 46, 8, '3', '2023-07-31 11:00:00'),
(8235, 427, 9, 8, '2', '2023-09-10 17:00:00'),
(8236, 290, 9, 8, '3', '2023-12-08 13:00:00'),
(8237, 181, 59, 8, '3', '2024-09-03 17:00:00'),
(8238, 174, 13, 8, '0', '2024-12-09 09:00:00'),
(8239, 177, 17, 8, '0', '2023-12-23 10:00:00'),
(8240, 299, 13, 8, '1', '2024-06-16 11:00:00'),
(8241, 136, 13, 8, '2', '2023-04-27 10:00:00'),
(8242, 466, 43, 8, '3', '2024-07-31 14:00:00'),
(8243, 431, 51, 8, '2', '2025-03-03 16:00:00'),
(8244, 140, 51, 8, '3', '2023-08-17 15:00:00'),
(8245, 89, 17, 8, '1', '2024-09-05 12:00:00'),
(8246, 89, 58, 8, '3', '2023-07-10 10:00:00'),
(8247, 235, 7, 8, '1', '2024-03-16 15:00:00'),
(8248, 235, 40, 8, '3', '2024-01-02 10:00:00'),
(8249, 140, 57, 8, '2', '2024-06-21 13:00:00'),
(8250, 31, 9, 8, '1', '2023-06-27 10:00:00'),
(8251, 181, 40, 8, '0', '2023-05-16 10:00:00'),
(8252, 359, 8, 8, '2', '2024-04-29 16:00:00'),
(8253, 153, 43, 8, '2', '2024-11-19 09:00:00'),
(8254, 140, 57, 8, '2', '2024-03-28 10:00:00'),
(8255, 51, 13, 8, '2', '2023-09-19 15:00:00'),
(8256, 431, 59, 8, '1', '2024-08-10 14:00:00'),
(8257, 177, 56, 8, '2', '2024-08-12 14:00:00'),
(8258, 465, 48, 8, '1', '2023-06-17 14:00:00'),
(8259, 140, 61, 8, '0', '2023-04-03 15:00:00'),
(8260, 235, 57, 8, '0', '2024-07-06 16:00:00'),
(8261, 466, 59, 8, '0', '2024-07-08 16:00:00'),
(8262, 179, 60, 8, '1', '2023-12-07 11:00:00'),
(8263, 281, 59, 8, '0', '2025-01-31 08:00:00'),
(8264, 281, 60, 8, '0', '2023-07-16 12:00:00'),
(8265, 136, 59, 8, '1', '2024-11-14 17:00:00'),
(8266, 358, 47, 8, '0', '2024-04-09 17:00:00'),
(8267, 427, 56, 8, '2', '2023-08-12 10:00:00'),
(8268, 331, 16, 8, '2', '2023-04-24 14:00:00'),
(8269, 48, 9, 8, '1', '2024-12-29 08:00:00'),
(8270, 31, 40, 8, '1', '2024-08-18 08:00:00'),
(8271, 55, 43, 8, '1', '2023-11-25 15:00:00'),
(8272, 281, 61, 8, '1', '2024-09-12 08:00:00'),
(8273, 427, 15, 8, '1', '2023-05-11 15:00:00'),
(8274, 300, 56, 8, '0', '2024-11-01 16:00:00'),
(8275, 388, 7, 8, '0', '2023-08-07 13:00:00'),
(8276, 465, 44, 8, '0', '2023-12-29 12:00:00'),
(8277, 43, 15, 8, '1', '2023-03-24 12:00:00'),
(8278, 281, 9, 8, '2', '2024-06-04 15:00:00'),
(8279, 48, 8, 8, '1', '2024-06-25 14:00:00'),
(8280, 174, 60, 8, '0', '2025-01-13 14:00:00'),
(8281, 191, 57, 8, '0', '2024-02-27 09:00:00'),
(8282, 427, 43, 8, '0', '2024-07-13 09:00:00'),
(8283, 48, 51, 8, '2', '2023-08-26 09:00:00'),
(8284, 43, 51, 8, '3', '2023-10-27 17:00:00'),
(8285, 89, 58, 8, '2', '2023-07-15 14:00:00'),
(8286, 31, 9, 8, '3', '2023-09-30 10:00:00'),
(8287, 331, 59, 8, '2', '2024-04-29 16:00:00'),
(8288, 465, 59, 8, '1', '2023-06-06 10:00:00'),
(8289, 89, 44, 8, '2', '2024-05-10 08:00:00'),
(8290, 235, 16, 8, '2', '2023-07-27 12:00:00'),
(8291, 431, 13, 8, '3', '2024-01-05 12:00:00'),
(8292, 431, 51, 8, '2', '2023-06-17 16:00:00'),
(8293, 89, 56, 8, '2', '2024-09-28 09:00:00'),
(8294, 299, 16, 8, '0', '2025-02-17 10:00:00'),
(8295, 522, 51, 8, '1', '2025-01-12 10:00:00'),
(8296, 43, 17, 8, '0', '2024-07-05 16:00:00'),
(8297, 174, 7, 8, '3', '2023-09-24 14:00:00'),
(8298, 331, 13, 8, '1', '2024-10-25 12:00:00'),
(8299, 300, 61, 8, '1', '2024-05-04 13:00:00'),
(8300, 523, 8, 8, '2', '2024-05-14 14:00:00'),
(8301, 466, 58, 8, '1', '2024-04-04 16:00:00'),
(8302, 51, 9, 8, '0', '2024-07-04 10:00:00'),
(8303, 70, 56, 8, '3', '2023-11-21 11:00:00'),
(8304, 416, 7, 8, '1', '2024-06-02 10:00:00'),
(8305, 299, 51, 8, '1', '2024-05-20 11:00:00'),
(8306, 522, 48, 8, '3', '2024-07-05 17:00:00'),
(8307, 290, 16, 8, '0', '2023-03-14 16:00:00'),
(8308, 429, 47, 8, '0', '2024-10-16 08:00:00'),
(8309, 191, 41, 8, '2', '2024-11-09 13:00:00'),
(8310, 240, 8, 8, '1', '2024-01-09 10:00:00'),
(8311, 31, 43, 8, '2', '2023-10-29 11:00:00'),
(8312, 193, 56, 8, '2', '2024-11-29 11:00:00'),
(8313, 51, 44, 8, '3', '2024-12-16 08:00:00'),
(8314, 219, 62, 8, '2', '2023-11-02 11:00:00'),
(8315, 240, 56, 8, '3', '2024-08-18 12:00:00'),
(8316, 331, 8, 8, '3', '2024-02-28 12:00:00'),
(8317, 70, 51, 8, '2', '2024-01-15 09:00:00'),
(8318, 86, 50, 8, '1', '2023-07-22 10:00:00'),
(8319, 388, 60, 8, '3', '2023-12-11 15:00:00'),
(8320, 136, 42, 8, '0', '2023-06-16 15:00:00'),
(8321, 466, 59, 8, '3', '2023-05-16 13:00:00'),
(8322, 177, 15, 8, '2', '2024-02-05 13:00:00'),
(8323, 70, 43, 8, '1', '2024-12-09 10:00:00'),
(8324, 181, 46, 8, '0', '2025-03-04 08:00:00'),
(8325, 522, 57, 8, '2', '2024-07-14 17:00:00'),
(8326, 358, 43, 8, '3', '2024-11-27 10:00:00'),
(8327, 140, 56, 8, '3', '2024-12-05 09:00:00'),
(8328, 174, 59, 8, '3', '2023-12-21 08:00:00'),
(8329, 136, 57, 8, '0', '2024-09-30 16:00:00'),
(8330, 281, 51, 8, '0', '2024-01-08 11:00:00'),
(8331, 416, 60, 8, '2', '2024-06-04 12:00:00'),
(8332, 471, 62, 8, '2', '2023-10-29 11:00:00'),
(8333, 179, 48, 8, '1', '2024-10-17 13:00:00'),
(8334, 359, 15, 8, '2', '2025-01-19 14:00:00'),
(8335, 431, 59, 8, '3', '2023-11-03 13:00:00'),
(8336, 522, 17, 8, '3', '2023-07-30 17:00:00'),
(8337, 466, 40, 8, '1', '2025-01-18 10:00:00'),
(8338, 127, 50, 8, '3', '2024-08-12 13:00:00'),
(8339, 240, 13, 8, '3', '2024-07-05 17:00:00'),
(8340, 523, 56, 8, '3', '2023-10-01 10:00:00'),
(8341, 299, 17, 8, '1', '2024-10-29 12:00:00'),
(8342, 240, 9, 8, '3', '2024-02-18 14:00:00'),
(8343, 479, 50, 8, '1', '2024-10-04 14:00:00'),
(8344, 181, 15, 8, '0', '2024-08-06 13:00:00'),
(8345, 290, 56, 8, '3', '2023-09-11 10:00:00'),
(8346, 191, 60, 8, '0', '2024-01-19 16:00:00'),
(8347, 177, 7, 8, '0', '2024-03-06 17:00:00'),
(8348, 300, 46, 8, '1', '2025-01-26 09:00:00'),
(8349, 429, 48, 8, '0', '2024-01-10 11:00:00'),
(8350, 522, 44, 8, '0', '2023-04-18 15:00:00'),
(8351, 43, 15, 8, '0', '2024-12-11 11:00:00'),
(8352, 522, 9, 8, '3', '2024-04-11 11:00:00'),
(8353, 466, 8, 8, '3', '2023-12-08 12:00:00'),
(8354, 43, 51, 8, '2', '2023-12-03 17:00:00'),
(8355, 76, 58, 8, '1', '2024-04-20 11:00:00'),
(8356, 177, 46, 8, '0', '2024-08-11 12:00:00'),
(8357, 377, 56, 8, '3', '2023-11-19 14:00:00'),
(8358, 191, 56, 8, '2', '2023-11-17 09:00:00'),
(8359, 523, 17, 8, '1', '2023-04-07 16:00:00'),
(8360, 358, 51, 8, '1', '2025-03-10 16:00:00'),
(8361, 177, 40, 8, '0', '2024-06-21 11:00:00'),
(8362, 416, 13, 8, '3', '2023-04-08 08:00:00'),
(8363, 299, 9, 8, '0', '2024-06-04 10:00:00'),
(8364, 466, 56, 8, '0', '2024-07-01 10:00:00'),
(8365, 431, 43, 8, '1', '2023-06-29 13:00:00'),
(8366, 31, 43, 8, '0', '2023-07-09 13:00:00'),
(8367, 181, 41, 8, '3', '2024-10-30 10:00:00'),
(8368, 16, 56, 8, '1', '2024-01-20 09:00:00'),
(8369, 136, 58, 8, '1', '2023-11-18 13:00:00'),
(8370, 358, 51, 8, '2', '2024-10-25 14:00:00'),
(8371, 16, 8, 8, '0', '2024-12-24 10:00:00'),
(8372, 177, 41, 8, '3', '2024-02-09 12:00:00'),
(8373, 416, 17, 8, '1', '2025-02-09 12:00:00'),
(8374, 352, 62, 8, '1', '2025-01-10 16:00:00'),
(8375, 331, 8, 8, '1', '2024-12-29 14:00:00'),
(8376, 290, 41, 8, '1', '2024-03-24 14:00:00'),
(8377, 300, 42, 8, '2', '2025-01-27 10:00:00'),
(8378, 70, 51, 8, '3', '2025-01-24 10:00:00'),
(8379, 70, 17, 8, '3', '2023-08-04 14:00:00'),
(8380, 522, 60, 8, '2', '2024-05-23 13:00:00'),
(8381, 466, 60, 8, '2', '2023-12-29 11:00:00'),
(8382, 523, 40, 8, '1', '2024-12-30 11:00:00'),
(8383, 43, 16, 8, '2', '2023-06-26 15:00:00'),
(8384, 429, 9, 8, '3', '2024-02-12 14:00:00'),
(8385, 446, 51, 8, '3', '2023-05-03 08:00:00'),
(8386, 299, 40, 8, '3', '2023-04-21 13:00:00'),
(8387, 181, 60, 8, '0', '2023-10-11 14:00:00'),
(8388, 388, 46, 8, '1', '2024-08-12 11:00:00'),
(8389, 377, 13, 8, '1', '2024-02-01 14:00:00'),
(8390, 174, 40, 8, '1', '2025-01-20 12:00:00'),
(8391, 416, 57, 8, '3', '2024-02-02 09:00:00'),
(8392, 377, 57, 8, '2', '2024-06-01 15:00:00'),
(8393, 70, 56, 8, '1', '2024-11-28 15:00:00'),
(8394, 235, 41, 8, '1', '2024-07-03 13:00:00'),
(8395, 177, 8, 8, '1', '2025-03-10 09:00:00'),
(8396, 114, 50, 8, '1', '2024-09-23 16:00:00'),
(8397, 300, 13, 8, '3', '2024-09-22 08:00:00'),
(8398, 429, 47, 8, '3', '2024-06-07 17:00:00'),
(8399, 359, 47, 8, '1', '2024-05-25 17:00:00'),
(8400, 174, 41, 8, '1', '2023-03-14 09:00:00'),
(8401, 358, 42, 8, '3', '2024-02-26 13:00:00'),
(8402, 358, 13, 8, '0', '2024-10-01 10:00:00'),
(8403, 299, 40, 8, '0', '2024-07-30 16:00:00'),
(8404, 290, 48, 8, '3', '2023-11-04 16:00:00'),
(8405, 331, 59, 8, '1', '2024-12-15 13:00:00'),
(8406, 31, 16, 8, '1', '2025-01-06 11:00:00'),
(8407, 388, 46, 8, '0', '2023-08-26 16:00:00'),
(8408, 16, 59, 8, '3', '2023-06-19 09:00:00'),
(8409, 358, 43, 8, '3', '2024-11-25 10:00:00'),
(8410, 136, 60, 8, '1', '2023-07-01 13:00:00'),
(8411, 290, 61, 8, '1', '2024-01-24 08:00:00'),
(8412, 465, 51, 8, '3', '2023-12-13 12:00:00'),
(8413, 465, 57, 8, '3', '2023-06-12 10:00:00'),
(8414, 446, 40, 8, '2', '2025-01-08 15:00:00'),
(8415, 16, 17, 8, '2', '2024-12-01 16:00:00'),
(8416, 70, 56, 8, '0', '2023-07-21 11:00:00'),
(8417, 147, 62, 8, '1', '2024-03-25 11:00:00'),
(8418, 193, 8, 8, '1', '2023-09-05 12:00:00'),
(8419, 523, 58, 8, '3', '2024-02-12 14:00:00'),
(8420, 193, 40, 8, '2', '2024-05-20 13:00:00'),
(8421, 181, 40, 8, '0', '2023-05-26 08:00:00'),
(8422, 43, 47, 8, '0', '2024-03-07 17:00:00'),
(8423, 300, 57, 8, '0', '2023-04-27 12:00:00'),
(8424, 16, 43, 8, '2', '2023-05-05 12:00:00'),
(8425, 523, 48, 8, '1', '2024-01-05 17:00:00'),
(8426, 177, 59, 8, '1', '2024-04-25 10:00:00'),
(8427, 136, 8, 8, '1', '2023-05-15 15:00:00'),
(8428, 300, 51, 8, '0', '2023-05-06 11:00:00'),
(8429, 299, 46, 8, '2', '2024-06-26 10:00:00'),
(8430, 235, 8, 8, '1', '2023-10-14 10:00:00'),
(8431, 466, 15, 8, '1', '2023-05-09 15:00:00'),
(8432, 427, 7, 8, '3', '2023-03-31 15:00:00'),
(8433, 16, 9, 8, '1', '2023-08-27 10:00:00'),
(8434, 140, 59, 8, '0', '2024-08-03 13:00:00'),
(8435, 43, 51, 8, '3', '2023-05-23 12:00:00'),
(8436, 89, 42, 8, '0', '2023-05-22 09:00:00'),
(8437, 281, 56, 8, '0', '2023-11-18 16:00:00'),
(8438, 299, 40, 8, '1', '2024-06-30 15:00:00'),
(8439, 359, 9, 8, '0', '2023-09-13 08:00:00'),
(8440, 431, 61, 8, '1', '2024-10-06 11:00:00'),
(8441, 427, 42, 8, '1', '2023-11-22 15:00:00'),
(8442, 174, 48, 8, '3', '2024-10-31 13:00:00'),
(8443, 193, 9, 8, '2', '2023-10-20 12:00:00'),
(8444, 136, 13, 8, '2', '2024-01-26 17:00:00'),
(8445, 177, 60, 8, '3', '2025-01-20 10:00:00'),
(8446, 290, 60, 8, '0', '2023-06-24 14:00:00'),
(8447, 114, 43, 8, '2', '2024-05-07 08:00:00'),
(8448, 89, 43, 8, '2', '2023-09-17 13:00:00'),
(8449, 43, 42, 8, '0', '2025-02-14 16:00:00'),
(8450, 207, 62, 8, '2', '2024-03-11 12:00:00'),
(8451, 174, 46, 8, '1', '2024-10-25 12:00:00'),
(8452, 193, 46, 8, '3', '2024-08-21 08:00:00'),
(8453, 416, 46, 8, '0', '2023-05-30 17:00:00'),
(8454, 431, 7, 8, '1', '2023-08-15 14:00:00'),
(8455, 174, 56, 8, '0', '2024-01-12 13:00:00'),
(8456, 70, 47, 8, '2', '2023-11-26 08:00:00'),
(8457, 70, 42, 8, '1', '2023-05-16 14:00:00'),
(8458, 16, 41, 8, '0', '2023-10-28 09:00:00'),
(8459, 191, 47, 8, '3', '2023-12-11 09:00:00'),
(8460, 43, 15, 8, '0', '2024-09-10 12:00:00'),
(8461, 359, 56, 8, '1', '2024-07-09 14:00:00'),
(8462, 240, 42, 8, '1', '2025-02-26 14:00:00'),
(8463, 416, 40, 8, '0', '2023-10-09 14:00:00'),
(8464, 377, 59, 8, '0', '2024-11-09 14:00:00'),
(8465, 174, 56, 8, '0', '2023-03-22 09:00:00'),
(8466, 48, 16, 8, '1', '2024-02-08 13:00:00'),
(8467, 377, 13, 8, '0', '2023-07-31 13:00:00'),
(8468, 281, 47, 8, '1', '2023-12-22 12:00:00'),
(8469, 179, 61, 8, '1', '2024-08-30 15:00:00'),
(8470, 466, 8, 8, '1', '2024-09-28 15:00:00'),
(8471, 281, 57, 8, '1', '2024-07-07 14:00:00'),
(8472, 16, 48, 8, '1', '2023-05-21 14:00:00'),
(8473, 388, 15, 8, '0', '2023-07-10 15:00:00'),
(8474, 281, 60, 8, '1', '2024-11-06 11:00:00'),
(8475, 437, 50, 8, '2', '2024-03-10 15:00:00'),
(8476, 446, 15, 8, '0', '2024-07-07 16:00:00'),
(8477, 89, 43, 8, '2', '2024-07-21 16:00:00'),
(8478, 329, 62, 8, '3', '2024-10-23 14:00:00'),
(8479, 331, 60, 8, '2', '2025-01-30 16:00:00'),
(8480, 43, 57, 8, '0', '2024-04-03 17:00:00'),
(8481, 300, 46, 8, '2', '2024-06-04 11:00:00'),
(8482, 290, 61, 8, '3', '2023-11-16 14:00:00'),
(8483, 48, 41, 8, '2', '2024-10-26 14:00:00'),
(8484, 377, 57, 8, '1', '2025-02-05 10:00:00'),
(8485, 181, 43, 8, '2', '2023-08-20 09:00:00'),
(8486, 290, 41, 8, '0', '2024-03-13 10:00:00'),
(8487, 388, 51, 8, '0', '2024-12-24 09:00:00'),
(8488, 416, 48, 8, '1', '2024-10-23 16:00:00'),
(8489, 290, 46, 8, '2', '2025-02-09 08:00:00'),
(8490, 140, 13, 8, '3', '2023-05-14 13:00:00'),
(8491, 235, 40, 8, '1', '2024-05-18 14:00:00'),
(8492, 189, 58, 8, '1', '2025-02-25 17:00:00'),
(8493, 136, 8, 8, '3', '2023-07-03 17:00:00'),
(8494, 359, 43, 8, '3', '2023-12-25 10:00:00'),
(8495, 48, 7, 8, '1', '2024-09-27 15:00:00'),
(8496, 466, 9, 8, '2', '2023-06-23 13:00:00'),
(8497, 136, 42, 8, '2', '2024-08-19 12:00:00'),
(8498, 377, 41, 8, '2', '2024-11-24 11:00:00'),
(8499, 358, 40, 8, '2', '2024-01-02 13:00:00'),
(8500, 181, 51, 8, '1', '2023-05-22 14:00:00'),
(8501, 388, 56, 8, '3', '2024-04-01 14:00:00'),
(8502, 136, 56, 8, '1', '2024-11-19 09:00:00'),
(8503, 240, 13, 8, '0', '2023-05-09 12:00:00'),
(8504, 465, 51, 8, '0', '2024-04-18 15:00:00'),
(8505, 429, 7, 8, '1', '2024-07-12 14:00:00'),
(8506, 89, 56, 8, '0', '2024-05-19 12:00:00'),
(8507, 429, 48, 8, '1', '2023-09-12 11:00:00'),
(8508, 281, 57, 8, '3', '2023-07-08 13:00:00'),
(8509, 358, 58, 8, '3', '2024-05-19 09:00:00'),
(8510, 299, 61, 8, '2', '2024-10-03 10:00:00'),
(8511, 240, 43, 8, '1', '2023-07-04 15:00:00'),
(8512, 416, 56, 8, '0', '2024-08-13 12:00:00'),
(8513, 427, 17, 8, '1', '2023-08-10 17:00:00'),
(8514, 191, 43, 8, '3', '2024-09-07 09:00:00'),
(8515, 51, 40, 8, '0', '2024-11-11 11:00:00'),
(8516, 235, 7, 8, '1', '2024-06-17 16:00:00'),
(8517, 174, 51, 8, '0', '2023-08-21 17:00:00'),
(8518, 48, 59, 8, '3', '2023-07-24 12:00:00'),
(8519, 235, 46, 8, '2', '2023-11-11 16:00:00'),
(8520, 16, 16, 8, '1', '2023-04-20 14:00:00'),
(8521, 522, 48, 8, '1', '2023-07-19 10:00:00'),
(8522, 114, 43, 8, '1', '2023-12-31 17:00:00'),
(8523, 358, 61, 8, '3', '2024-08-02 10:00:00'),
(8524, 70, 61, 8, '0', '2024-12-08 08:00:00'),
(8525, 466, 41, 8, '0', '2024-01-31 09:00:00'),
(8526, 388, 46, 8, '1', '2024-12-01 17:00:00'),
(8527, 359, 40, 8, '3', '2023-05-09 14:00:00'),
(8528, 523, 40, 8, '0', '2024-12-14 10:00:00'),
(8529, 290, 13, 8, '0', '2024-11-13 14:00:00'),
(8530, 331, 57, 8, '3', '2024-11-20 17:00:00'),
(8531, 136, 48, 8, '1', '2024-08-18 16:00:00'),
(8532, 48, 40, 8, '1', '2023-05-16 11:00:00'),
(8533, 174, 8, 8, '0', '2023-07-05 13:00:00'),
(8534, 359, 57, 8, '3', '2023-09-13 15:00:00'),
(8535, 43, 13, 8, '3', '2023-06-28 08:00:00'),
(8536, 70, 59, 8, '3', '2024-02-21 13:00:00'),
(8537, 51, 7, 8, '2', '2023-07-07 11:00:00'),
(8538, 235, 48, 8, '3', '2023-05-24 12:00:00'),
(8539, 179, 48, 8, '2', '2023-07-10 14:00:00'),
(8540, 466, 15, 8, '3', '2024-10-17 14:00:00'),
(8541, 70, 9, 8, '3', '2024-08-31 10:00:00'),
(8542, 235, 57, 8, '1', '2024-08-02 09:00:00'),
(8543, 397, 62, 8, '1', '2024-09-12 14:00:00'),
(8544, 177, 44, 8, '0', '2025-02-04 14:00:00'),
(8545, 359, 15, 8, '2', '2024-03-19 13:00:00'),
(8546, 181, 61, 8, '3', '2024-01-31 15:00:00'),
(8547, 377, 42, 8, '0', '2024-02-08 16:00:00'),
(8548, 427, 13, 8, '3', '2024-03-01 09:00:00'),
(8549, 300, 9, 8, '3', '2023-05-03 14:00:00'),
(8550, 70, 8, 8, '2', '2024-03-28 16:00:00'),
(8551, 409, 62, 8, '3', '2024-09-07 12:00:00'),
(8552, 281, 51, 8, '1', '2024-03-14 12:00:00'),
(8553, 140, 47, 8, '3', '2024-03-09 11:00:00'),
(8554, 416, 57, 8, '1', '2024-06-08 14:00:00'),
(8555, 136, 59, 8, '3', '2023-12-21 17:00:00'),
(8556, 51, 41, 8, '3', '2024-06-09 13:00:00'),
(8557, 429, 8, 8, '0', '2023-06-07 13:00:00'),
(8558, 388, 43, 8, '2', '2023-09-08 16:00:00'),
(8559, 177, 16, 8, '0', '2024-03-11 13:00:00'),
(8560, 299, 42, 8, '2', '2025-02-23 10:00:00'),
(8561, 300, 9, 8, '0', '2024-06-27 16:00:00'),
(8562, 193, 57, 8, '0', '2025-03-06 17:00:00'),
(8563, 191, 46, 8, '1', '2024-12-17 12:00:00'),
(8564, 416, 59, 8, '0', '2023-10-14 14:00:00'),
(8565, 367, 62, 8, '1', '2023-08-07 11:00:00'),
(8566, 429, 41, 8, '0', '2023-12-08 14:00:00'),
(8567, 411, 50, 8, '3', '2024-02-20 10:00:00'),
(8568, 174, 8, 8, '3', '2024-11-13 11:00:00'),
(8569, 300, 57, 8, '1', '2023-10-28 08:00:00'),
(8570, 299, 60, 8, '0', '2024-09-23 16:00:00'),
(8571, 193, 17, 8, '3', '2024-06-06 16:00:00'),
(8572, 427, 44, 8, '1', '2023-09-23 09:00:00'),
(8573, 177, 57, 8, '1', '2024-11-09 14:00:00'),
(8574, 140, 8, 8, '1', '2024-03-25 13:00:00'),
(8575, 138, 50, 8, '0', '2024-02-10 16:00:00'),
(8576, 153, 50, 8, '3', '2023-05-24 12:00:00'),
(8577, 358, 56, 8, '1', '2024-09-11 14:00:00'),
(8578, 43, 56, 8, '3', '2024-12-14 14:00:00'),
(8579, 359, 46, 8, '3', '2024-10-05 15:00:00'),
(8580, 179, 43, 8, '2', '2024-11-29 10:00:00'),
(8581, 523, 61, 8, '2', '2024-08-02 11:00:00'),
(8582, 427, 17, 8, '1', '2025-01-04 13:00:00'),
(8583, 31, 56, 8, '1', '2024-09-29 09:00:00'),
(8584, 240, 42, 8, '2', '2023-12-07 15:00:00'),
(8585, 299, 61, 8, '0', '2025-02-23 09:00:00'),
(8586, 299, 7, 8, '2', '2024-01-28 10:00:00'),
(8587, 191, 7, 8, '2', '2024-03-10 15:00:00'),
(8588, 523, 51, 8, '3', '2023-08-17 12:00:00'),
(8589, 416, 40, 8, '1', '2024-12-18 15:00:00'),
(8590, 290, 57, 8, '1', '2024-02-18 14:00:00'),
(8591, 235, 61, 8, '0', '2024-02-03 08:00:00'),
(8592, 31, 60, 8, '3', '2023-09-03 16:00:00'),
(8593, 359, 17, 8, '2', '2024-01-31 16:00:00'),
(8594, 31, 58, 8, '1', '2024-04-05 12:00:00'),
(8595, 235, 57, 8, '2', '2025-02-06 12:00:00'),
(8596, 431, 57, 8, '0', '2023-08-20 17:00:00'),
(8597, 299, 43, 8, '2', '2024-02-22 13:00:00'),
(8598, 140, 42, 8, '2', '2024-06-20 12:00:00'),
(8599, 31, 57, 8, '1', '2024-06-06 15:00:00'),
(8600, 446, 58, 8, '2', '2024-10-18 08:00:00'),
(8601, 465, 59, 8, '2', '2024-07-08 17:00:00'),
(8602, 16, 57, 8, '0', '2023-05-13 09:00:00'),
(8603, 235, 13, 8, '2', '2024-09-19 11:00:00'),
(8604, 358, 46, 8, '3', '2024-07-22 11:00:00'),
(8605, 429, 43, 8, '1', '2023-03-21 11:00:00'),
(8606, 471, 62, 8, '3', '2024-09-19 14:00:00'),
(8607, 181, 46, 8, '3', '2024-04-17 12:00:00'),
(8608, 31, 56, 8, '0', '2023-12-22 15:00:00'),
(8609, 86, 43, 8, '0', '2024-10-29 15:00:00'),
(8610, 70, 51, 8, '3', '2024-11-21 16:00:00'),
(8611, 51, 42, 8, '1', '2024-04-13 12:00:00'),
(8612, 281, 15, 8, '3', '2023-09-24 17:00:00'),
(8613, 179, 51, 8, '0', '2024-08-23 13:00:00'),
(8614, 416, 46, 8, '2', '2023-05-13 14:00:00'),
(8615, 416, 9, 8, '2', '2023-11-22 08:00:00'),
(8616, 16, 17, 8, '0', '2023-10-18 17:00:00'),
(8617, 416, 8, 8, '1', '2024-06-21 10:00:00'),
(8618, 427, 59, 8, '2', '2023-11-04 10:00:00'),
(8619, 179, 59, 8, '0', '2024-03-06 13:00:00'),
(8620, 51, 15, 8, '2', '2024-10-16 09:00:00'),
(8621, 51, 61, 8, '3', '2023-06-04 11:00:00'),
(8622, 427, 42, 8, '0', '2023-03-17 12:00:00'),
(8623, 416, 7, 8, '3', '2024-12-17 13:00:00'),
(8624, 193, 57, 8, '0', '2024-02-10 10:00:00'),
(8625, 166, 62, 8, '2', '2023-07-24 09:00:00'),
(8626, 427, 16, 8, '2', '2025-01-15 14:00:00'),
(8627, 465, 40, 8, '2', '2023-09-22 14:00:00'),
(8628, 136, 43, 8, '0', '2023-07-10 09:00:00'),
(8629, 377, 51, 8, '1', '2024-11-23 15:00:00'),
(8630, 240, 42, 8, '3', '2024-11-05 12:00:00'),
(8631, 179, 8, 8, '3', '2023-09-07 16:00:00'),
(8632, 388, 57, 8, '2', '2024-10-27 13:00:00'),
(8633, 191, 60, 8, '3', '2023-09-14 15:00:00'),
(8634, 261, 43, 8, '0', '2024-04-08 13:00:00'),
(8635, 429, 57, 8, '1', '2024-09-30 11:00:00'),
(8636, 31, 17, 8, '2', '2024-01-15 08:00:00'),
(8637, 193, 43, 8, '2', '2023-07-18 10:00:00'),
(8638, 191, 42, 8, '1', '2024-06-13 14:00:00'),
(8639, 174, 56, 8, '0', '2023-07-31 09:00:00'),
(8640, 136, 41, 8, '3', '2023-12-10 08:00:00'),
(8641, 140, 48, 8, '2', '2023-06-19 16:00:00'),
(8642, 409, 58, 8, '1', '2024-08-18 13:00:00'),
(8643, 465, 58, 8, '3', '2023-11-30 09:00:00'),
(8644, 51, 42, 8, '3', '2024-07-30 10:00:00'),
(8645, 51, 46, 8, '2', '2025-01-14 17:00:00'),
(8646, 416, 58, 8, '0', '2023-11-11 16:00:00'),
(8647, 281, 56, 8, '1', '2023-11-16 12:00:00'),
(8648, 140, 41, 8, '0', '2023-07-17 11:00:00'),
(8649, 17, 62, 8, '1', '2023-09-02 08:00:00'),
(8650, 377, 16, 8, '2', '2024-06-23 12:00:00'),
(8651, 465, 8, 8, '1', '2024-12-26 11:00:00'),
(8652, 290, 56, 8, '1', '2023-10-01 14:00:00'),
(8653, 416, 15, 8, '3', '2024-11-22 16:00:00'),
(8654, 16, 44, 8, '1', '2023-06-05 12:00:00'),
(8655, 16, 8, 8, '0', '2024-01-25 08:00:00'),
(8656, 427, 41, 8, '2', '2025-01-08 15:00:00'),
(8657, 331, 57, 8, '1', '2023-09-09 13:00:00'),
(8658, 16, 8, 8, '2', '2024-07-02 17:00:00'),
(8659, 523, 56, 8, '3', '2024-10-19 13:00:00'),
(8660, 377, 61, 8, '3', '2023-08-02 10:00:00'),
(8661, 31, 15, 8, '2', '2023-03-13 11:00:00'),
(8662, 299, 9, 8, '1', '2025-02-15 15:00:00'),
(8663, 429, 15, 8, '2', '2024-10-09 13:00:00'),
(8664, 281, 41, 8, '0', '2024-08-30 09:00:00'),
(8665, 177, 43, 8, '0', '2023-08-11 08:00:00'),
(8666, 235, 15, 8, '3', '2024-12-14 16:00:00'),
(8667, 281, 16, 8, '0', '2023-11-29 15:00:00'),
(8668, 281, 46, 8, '0', '2023-09-27 12:00:00'),
(8669, 240, 51, 8, '1', '2023-07-31 15:00:00'),
(8670, 290, 61, 8, '2', '2023-06-20 15:00:00'),
(8671, 174, 16, 8, '3', '2024-09-09 09:00:00'),
(8672, 281, 8, 8, '3', '2023-08-13 09:00:00'),
(8673, 136, 40, 8, '1', '2023-03-15 09:00:00'),
(8674, 181, 56, 8, '1', '2023-05-07 12:00:00'),
(8675, 377, 46, 8, '0', '2023-03-19 12:00:00'),
(8676, 466, 42, 8, '2', '2024-01-13 11:00:00'),
(8677, 465, 42, 8, '1', '2024-07-14 10:00:00'),
(8678, 359, 42, 8, '2', '2025-01-23 10:00:00'),
(8679, 174, 43, 8, '1', '2024-06-28 09:00:00'),
(8680, 191, 56, 8, '2', '2023-06-22 12:00:00'),
(8681, 240, 41, 8, '0', '2024-01-16 16:00:00'),
(8682, 16, 41, 8, '3', '2023-10-05 15:00:00'),
(8683, 522, 43, 8, '3', '2024-10-19 10:00:00'),
(8684, 523, 56, 8, '1', '2023-11-07 13:00:00'),
(8685, 431, 44, 8, '0', '2023-12-05 14:00:00'),
(8686, 359, 47, 8, '1', '2023-09-13 13:00:00'),
(8687, 193, 57, 8, '3', '2023-09-26 16:00:00'),
(8688, 177, 42, 8, '2', '2025-02-24 09:00:00'),
(8689, 300, 58, 8, '0', '2025-01-21 15:00:00'),
(8690, 181, 57, 8, '3', '2024-11-18 10:00:00'),
(8691, 522, 57, 8, '1', '2024-01-29 14:00:00'),
(8692, 388, 60, 8, '2', '2024-09-21 08:00:00'),
(8693, 48, 57, 8, '0', '2023-10-02 14:00:00'),
(8694, 523, 9, 8, '1', '2023-08-29 14:00:00'),
(8695, 181, 46, 8, '3', '2024-08-04 09:00:00'),
(8696, 136, 56, 8, '2', '2023-04-02 15:00:00'),
(8697, 431, 51, 8, '0', '2023-12-12 13:00:00'),
(8698, 235, 51, 8, '0', '2024-05-19 14:00:00'),
(8699, 240, 16, 8, '3', '2023-09-28 13:00:00'),
(8700, 522, 51, 8, '1', '2023-07-23 15:00:00'),
(8701, 193, 61, 8, '1', '2023-04-25 13:00:00'),
(8702, 359, 51, 8, '2', '2024-03-08 11:00:00'),
(8703, 240, 57, 8, '1', '2025-03-02 13:00:00'),
(8704, 43, 57, 8, '2', '2024-10-25 11:00:00'),
(8705, 427, 57, 8, '0', '2025-03-10 16:00:00'),
(8706, 358, 60, 8, '0', '2024-03-06 13:00:00'),
(8707, 136, 17, 8, '2', '2024-06-29 08:00:00'),
(8708, 235, 51, 8, '2', '2024-11-04 13:00:00'),
(8709, 240, 15, 8, '0', '2023-11-05 08:00:00'),
(8710, 416, 13, 8, '0', '2024-09-24 15:00:00'),
(8711, 181, 57, 8, '1', '2025-02-19 17:00:00'),
(8712, 522, 16, 8, '0', '2024-03-02 13:00:00'),
(8713, 281, 58, 8, '1', '2024-02-07 12:00:00'),
(8714, 377, 59, 8, '2', '2023-11-01 16:00:00'),
(8715, 174, 15, 8, '3', '2024-01-25 12:00:00'),
(8716, 174, 56, 8, '0', '2024-05-21 11:00:00'),
(8717, 89, 46, 8, '2', '2023-12-22 11:00:00'),
(8718, 523, 42, 8, '0', '2023-07-11 12:00:00'),
(8719, 181, 48, 8, '2', '2023-06-04 17:00:00'),
(8720, 367, 62, 8, '1', '2023-10-12 16:00:00'),
(8721, 358, 41, 8, '2', '2023-12-25 13:00:00'),
(8722, 174, 57, 8, '1', '2024-09-04 14:00:00'),
(8723, 70, 16, 8, '1', '2024-11-08 13:00:00'),
(8724, 281, 8, 8, '2', '2024-12-30 16:00:00'),
(8725, 377, 43, 8, '2', '2023-10-13 09:00:00'),
(8726, 235, 59, 8, '3', '2023-09-06 15:00:00'),
(8727, 290, 17, 8, '3', '2023-07-11 15:00:00'),
(8728, 51, 46, 8, '1', '2024-11-13 13:00:00'),
(8729, 193, 8, 8, '0', '2024-07-19 16:00:00'),
(8730, 465, 58, 8, '0', '2023-04-28 14:00:00'),
(8731, 31, 57, 8, '1', '2024-01-07 15:00:00'),
(8732, 240, 44, 8, '2', '2025-02-07 11:00:00'),
(8733, 300, 46, 8, '2', '2024-08-24 11:00:00'),
(8734, 299, 57, 8, '0', '2023-08-18 14:00:00'),
(8735, 31, 42, 8, '0', '2024-04-12 15:00:00'),
(8736, 429, 60, 8, '3', '2023-07-14 15:00:00'),
(8737, 181, 8, 8, '0', '2024-01-20 09:00:00'),
(8738, 179, 41, 8, '2', '2024-06-17 10:00:00'),
(8739, 136, 59, 8, '1', '2025-01-28 16:00:00'),
(8740, 465, 8, 8, '1', '2024-06-12 14:00:00'),
(8741, 281, 8, 8, '0', '2024-04-06 16:00:00'),
(8742, 431, 42, 8, '2', '2023-04-15 16:00:00'),
(8743, 86, 50, 8, '3', '2023-04-03 17:00:00'),
(8744, 16, 41, 8, '0', '2023-12-02 14:00:00'),
(8745, 193, 15, 8, '2', '2023-11-15 14:00:00'),
(8746, 427, 56, 8, '1', '2024-05-06 15:00:00'),
(8747, 140, 41, 8, '3', '2024-06-24 11:00:00'),
(8748, 70, 8, 8, '3', '2024-11-21 16:00:00'),
(8749, 331, 8, 8, '1', '2025-02-07 15:00:00'),
(8750, 522, 44, 8, '1', '2023-11-27 08:00:00'),
(8751, 359, 59, 8, '2', '2024-12-12 09:00:00'),
(8752, 240, 44, 8, '0', '2024-12-12 16:00:00'),
(8753, 290, 47, 8, '3', '2023-03-19 09:00:00'),
(8754, 43, 60, 8, '0', '2023-09-29 09:00:00'),
(8755, 52, 62, 8, '0', '2024-10-27 12:00:00'),
(8756, 89, 46, 8, '0', '2024-01-23 11:00:00'),
(8757, 136, 41, 8, '3', '2023-09-20 17:00:00'),
(8758, 89, 16, 8, '1', '2025-01-15 15:00:00'),
(8759, 140, 51, 8, '3', '2023-08-24 17:00:00'),
(8760, 377, 56, 8, '1', '2023-07-07 17:00:00'),
(8761, 89, 13, 8, '2', '2024-03-16 10:00:00'),
(8762, 281, 41, 8, '0', '2025-03-05 10:00:00'),
(8763, 377, 41, 8, '1', '2023-09-14 16:00:00'),
(8764, 329, 62, 8, '0', '2024-11-21 12:00:00'),
(8765, 31, 60, 8, '0', '2024-06-04 15:00:00'),
(8766, 523, 41, 8, '1', '2024-04-26 16:00:00'),
(8767, 465, 57, 8, '2', '2023-09-03 13:00:00'),
(8768, 219, 62, 8, '1', '2024-02-25 13:00:00'),
(8769, 140, 59, 8, '3', '2024-05-21 08:00:00'),
(8770, 300, 7, 8, '2', '2025-01-31 12:00:00'),
(8771, 136, 43, 8, '0', '2024-04-24 14:00:00'),
(8772, 48, 41, 8, '3', '2024-03-19 12:00:00'),
(8773, 235, 61, 8, '1', '2025-01-02 13:00:00'),
(8774, 31, 51, 8, '2', '2024-10-20 11:00:00'),
(8775, 299, 41, 8, '0', '2024-02-28 11:00:00'),
(8776, 89, 47, 8, '0', '2024-04-15 12:00:00'),
(8777, 346, 62, 8, '3', '2025-02-15 15:00:00'),
(8778, 179, 8, 8, '2', '2024-01-16 17:00:00'),
(8779, 388, 46, 8, '0', '2023-03-29 13:00:00'),
(8780, 468, 58, 8, '0', '2023-12-20 12:00:00'),
(8781, 179, 57, 8, '2', '2023-10-17 08:00:00'),
(8782, 465, 51, 8, '0', '2024-06-12 11:00:00'),
(8783, 358, 60, 8, '2', '2024-01-27 16:00:00'),
(8784, 240, 57, 8, '2', '2024-02-03 15:00:00'),
(8785, 70, 46, 8, '3', '2024-06-11 12:00:00'),
(8786, 191, 9, 8, '3', '2024-06-03 13:00:00'),
(8787, 70, 51, 8, '1', '2024-05-01 15:00:00'),
(8788, 290, 43, 8, '2', '2024-07-21 12:00:00'),
(8789, 140, 43, 8, '0', '2023-06-17 11:00:00'),
(8790, 358, 57, 8, '0', '2025-02-06 13:00:00'),
(8791, 193, 57, 8, '3', '2023-03-15 10:00:00'),
(8792, 299, 56, 8, '3', '2024-09-22 10:00:00'),
(8793, 388, 47, 8, '0', '2024-02-22 14:00:00'),
(8794, 179, 13, 8, '1', '2024-03-12 08:00:00'),
(8795, 388, 51, 8, '3', '2023-10-07 12:00:00'),
(8796, 191, 57, 8, '3', '2024-12-20 12:00:00'),
(8797, 429, 41, 8, '2', '2023-10-11 09:00:00'),
(8798, 471, 58, 8, '3', '2024-10-24 10:00:00'),
(8799, 140, 56, 8, '1', '2023-08-19 09:00:00'),
(8800, 496, 50, 8, '1', '2023-09-21 15:00:00'),
(8801, 174, 61, 8, '3', '2024-03-02 11:00:00'),
(8802, 523, 51, 8, '1', '2023-06-22 16:00:00'),
(8803, 429, 56, 8, '3', '2024-02-18 12:00:00'),
(8804, 181, 60, 8, '2', '2024-08-30 10:00:00'),
(8805, 431, 8, 8, '3', '2025-02-23 12:00:00'),
(8806, 31, 51, 8, '0', '2023-07-22 14:00:00'),
(8807, 331, 51, 8, '1', '2023-03-28 10:00:00'),
(8808, 51, 57, 8, '3', '2024-02-22 12:00:00'),
(8809, 377, 42, 8, '2', '2023-03-14 11:00:00'),
(8810, 465, 51, 8, '0', '2024-06-26 10:00:00'),
(8811, 331, 47, 8, '1', '2023-09-28 17:00:00'),
(8812, 16, 44, 8, '1', '2025-03-12 14:00:00'),
(8813, 427, 16, 8, '1', '2023-05-12 11:00:00'),
(8814, 331, 41, 8, '0', '2023-04-10 09:00:00'),
(8815, 136, 15, 8, '2', '2024-12-23 16:00:00'),
(8816, 193, 41, 8, '3', '2025-01-12 10:00:00'),
(8817, 359, 8, 8, '2', '2023-10-30 10:00:00'),
(8818, 43, 8, 8, '3', '2024-10-13 14:00:00'),
(8819, 179, 51, 8, '2', '2024-09-11 12:00:00'),
(8820, 179, 47, 8, '2', '2024-06-17 09:00:00'),
(8821, 281, 51, 8, '2', '2024-12-18 14:00:00'),
(8822, 446, 15, 8, '1', '2023-07-12 16:00:00'),
(8823, 16, 42, 8, '3', '2024-04-21 08:00:00'),
(8824, 427, 48, 8, '3', '2023-03-19 09:00:00'),
(8825, 331, 57, 8, '2', '2023-05-11 13:00:00'),
(8826, 70, 43, 8, '0', '2024-01-07 16:00:00'),
(8827, 431, 46, 8, '3', '2023-07-18 14:00:00'),
(8828, 446, 42, 8, '1', '2024-06-13 11:00:00'),
(8829, 359, 13, 8, '3', '2023-09-11 15:00:00'),
(8830, 174, 57, 8, '3', '2023-12-24 09:00:00'),
(8831, 446, 56, 8, '0', '2023-06-18 08:00:00'),
(8832, 427, 8, 8, '0', '2023-08-15 14:00:00'),
(8833, 31, 51, 8, '2', '2023-08-23 17:00:00'),
(8834, 51, 59, 8, '1', '2024-03-23 13:00:00'),
(8835, 299, 41, 8, '0', '2025-01-29 13:00:00'),
(8836, 377, 8, 8, '3', '2023-05-15 12:00:00'),
(8837, 191, 57, 8, '1', '2023-09-20 09:00:00'),
(8838, 177, 41, 8, '3', '2024-05-28 16:00:00'),
(8839, 43, 56, 8, '3', '2023-09-16 14:00:00'),
(8840, 86, 43, 8, '1', '2023-03-17 08:00:00'),
(8841, 193, 59, 8, '2', '2024-09-03 13:00:00'),
(8842, 446, 42, 8, '1', '2023-08-18 12:00:00'),
(8843, 235, 44, 8, '0', '2023-05-03 13:00:00'),
(8844, 388, 16, 8, '0', '2023-04-02 16:00:00'),
(8845, 331, 48, 8, '2', '2024-03-14 17:00:00'),
(8846, 388, 41, 8, '2', '2024-06-10 13:00:00'),
(8847, 465, 46, 8, '3', '2024-11-26 09:00:00'),
(8848, 300, 60, 8, '0', '2023-06-16 08:00:00'),
(8849, 427, 9, 8, '3', '2024-03-04 17:00:00'),
(8850, 466, 7, 8, '3', '2024-04-26 14:00:00'),
(8851, 465, 40, 8, '3', '2024-06-29 10:00:00'),
(8852, 181, 57, 8, '0', '2023-03-15 12:00:00'),
(8853, 496, 50, 8, '3', '2024-08-12 08:00:00'),
(8854, 523, 17, 8, '0', '2024-06-06 15:00:00'),
(8855, 174, 58, 8, '0', '2023-10-16 16:00:00'),
(8856, 174, 43, 8, '1', '2024-11-30 13:00:00'),
(8857, 377, 15, 8, '0', '2023-12-14 13:00:00'),
(8858, 51, 42, 8, '2', '2025-03-08 14:00:00'),
(8859, 416, 41, 8, '1', '2025-02-23 13:00:00'),
(8860, 429, 13, 8, '2', '2023-05-07 14:00:00'),
(8861, 496, 43, 8, '3', '2024-12-30 09:00:00'),
(8862, 427, 47, 8, '0', '2024-11-13 10:00:00'),
(8863, 70, 47, 8, '0', '2023-09-20 12:00:00'),
(8864, 522, 56, 8, '3', '2023-09-23 16:00:00'),
(8865, 140, 8, 8, '2', '2023-05-18 09:00:00'),
(8866, 235, 44, 8, '0', '2024-10-17 13:00:00'),
(8867, 427, 46, 8, '1', '2024-04-21 16:00:00'),
(8868, 31, 16, 8, '2', '2024-07-29 17:00:00'),
(8869, 446, 61, 8, '0', '2024-01-23 14:00:00'),
(8870, 191, 43, 8, '2', '2024-05-01 11:00:00'),
(8871, 16, 61, 8, '3', '2024-12-20 10:00:00'),
(8872, 240, 46, 8, '2', '2025-01-05 15:00:00'),
(8873, 191, 43, 8, '0', '2024-07-21 16:00:00'),
(8874, 51, 51, 8, '0', '2024-02-26 14:00:00'),
(8875, 359, 56, 8, '0', '2024-12-24 08:00:00'),
(8876, 48, 7, 8, '0', '2023-03-25 17:00:00'),
(8877, 523, 44, 8, '3', '2024-11-22 12:00:00'),
(8878, 181, 17, 8, '0', '2023-03-24 08:00:00'),
(8879, 388, 40, 8, '3', '2024-08-23 16:00:00'),
(8880, 16, 8, 8, '2', '2024-04-17 13:00:00'),
(8881, 193, 51, 8, '3', '2023-09-18 14:00:00'),
(8882, 364, 62, 8, '3', '2024-05-22 14:00:00'),
(8883, 522, 59, 8, '3', '2025-02-10 16:00:00'),
(8884, 388, 48, 8, '0', '2023-05-23 11:00:00'),
(8885, 153, 50, 8, '1', '2024-01-27 10:00:00'),
(8886, 51, 60, 8, '2', '2024-12-17 16:00:00'),
(8887, 89, 8, 8, '0', '2023-10-23 15:00:00'),
(8888, 446, 17, 8, '3', '2024-03-15 12:00:00'),
(8889, 70, 44, 8, '0', '2023-08-25 15:00:00'),
(8890, 281, 43, 8, '2', '2023-11-26 13:00:00'),
(8891, 358, 59, 8, '1', '2023-05-01 12:00:00'),
(8892, 193, 56, 8, '1', '2023-06-29 12:00:00'),
(8893, 239, 58, 8, '1', '2023-05-28 09:00:00'),
(8894, 16, 43, 8, '3', '2024-08-19 14:00:00'),
(8895, 388, 51, 8, '3', '2024-02-24 09:00:00'),
(8896, 427, 51, 8, '1', '2023-05-30 09:00:00'),
(8897, 68, 58, 8, '0', '2024-12-31 16:00:00'),
(8898, 140, 51, 8, '2', '2023-06-19 12:00:00'),
(8899, 466, 48, 8, '2', '2025-03-09 14:00:00'),
(8900, 51, 16, 8, '0', '2024-09-09 10:00:00'),
(8901, 281, 57, 8, '1', '2024-12-11 15:00:00'),
(8902, 290, 40, 8, '2', '2023-10-04 10:00:00'),
(8903, 136, 46, 8, '3', '2023-12-23 15:00:00'),
(8904, 446, 13, 8, '1', '2023-07-09 11:00:00'),
(8905, 181, 59, 8, '2', '2023-05-28 14:00:00'),
(8906, 522, 17, 8, '0', '2023-09-29 09:00:00'),
(8907, 161, 50, 8, '2', '2024-08-29 10:00:00'),
(8908, 523, 43, 8, '0', '2025-02-05 10:00:00'),
(8909, 484, 50, 8, '3', '2024-02-12 10:00:00'),
(8910, 290, 60, 8, '1', '2023-07-07 14:00:00'),
(8911, 70, 7, 8, '1', '2024-07-07 17:00:00'),
(8912, 358, 46, 8, '1', '2023-03-13 14:00:00'),
(8913, 465, 13, 8, '2', '2023-07-14 09:00:00'),
(8914, 181, 15, 8, '2', '2024-03-31 14:00:00'),
(8915, 51, 8, 8, '2', '2024-11-20 10:00:00'),
(8916, 235, 47, 8, '2', '2024-05-23 09:00:00'),
(8917, 290, 7, 8, '1', '2023-06-14 10:00:00'),
(8918, 358, 17, 8, '0', '2024-02-01 16:00:00'),
(8919, 174, 41, 8, '0', '2023-12-06 10:00:00'),
(8920, 193, 8, 8, '3', '2024-08-31 13:00:00'),
(8921, 300, 46, 8, '2', '2024-08-17 15:00:00'),
(8922, 86, 43, 8, '2', '2023-08-23 14:00:00'),
(8923, 48, 59, 8, '3', '2024-01-12 13:00:00'),
(8924, 377, 57, 8, '0', '2024-12-06 16:00:00'),
(8925, 16, 51, 8, '2', '2024-09-27 16:00:00'),
(8926, 48, 60, 8, '2', '2025-03-11 16:00:00'),
(8927, 331, 58, 8, '2', '2023-06-13 10:00:00'),
(8928, 523, 61, 8, '3', '2024-11-02 15:00:00'),
(8929, 16, 42, 8, '2', '2024-07-24 11:00:00'),
(8930, 31, 51, 8, '2', '2023-05-31 17:00:00'),
(8931, 429, 40, 8, '2', '2024-08-16 09:00:00'),
(8932, 31, 57, 8, '2', '2024-04-08 11:00:00'),
(8933, 181, 51, 8, '3', '2023-08-27 16:00:00'),
(8934, 290, 41, 8, '3', '2024-11-06 17:00:00'),
(8935, 31, 43, 8, '1', '2024-09-20 09:00:00'),
(8936, 191, 17, 8, '0', '2024-10-13 13:00:00'),
(8937, 191, 56, 8, '0', '2024-02-12 15:00:00'),
(8938, 140, 61, 8, '0', '2023-11-13 16:00:00'),
(8939, 89, 46, 8, '3', '2023-09-25 16:00:00'),
(8940, 51, 17, 8, '1', '2024-02-16 08:00:00'),
(8941, 177, 8, 8, '2', '2024-07-30 13:00:00'),
(8942, 290, 48, 8, '1', '2023-05-30 15:00:00'),
(8943, 367, 58, 8, '0', '2024-03-21 17:00:00'),
(8944, 89, 41, 8, '2', '2024-08-18 11:00:00'),
(8945, 89, 57, 8, '0', '2023-06-27 10:00:00'),
(8946, 31, 9, 8, '3', '2023-10-26 12:00:00'),
(8947, 496, 50, 8, '2', '2023-06-12 12:00:00'),
(8948, 48, 46, 8, '0', '2023-08-28 09:00:00'),
(8949, 43, 56, 8, '3', '2023-09-15 17:00:00'),
(8950, 193, 56, 8, '3', '2024-08-14 14:00:00'),
(8951, 446, 59, 8, '1', '2023-05-12 10:00:00'),
(8952, 43, 43, 8, '2', '2023-04-09 10:00:00'),
(8953, 181, 59, 8, '1', '2024-08-18 12:00:00'),
(8954, 331, 42, 8, '3', '2023-04-13 12:00:00'),
(8955, 140, 13, 8, '2', '2023-03-20 10:00:00'),
(8956, 364, 58, 8, '2', '2023-10-19 11:00:00'),
(8957, 465, 41, 8, '1', '2023-06-14 13:00:00'),
(8958, 43, 41, 8, '1', '2025-03-08 14:00:00'),
(8959, 193, 43, 8, '2', '2025-02-04 11:00:00'),
(8960, 51, 15, 8, '0', '2023-06-09 11:00:00'),
(8961, 429, 58, 8, '2', '2024-12-20 16:00:00'),
(8962, 331, 43, 8, '3', '2025-02-02 16:00:00'),
(8963, 174, 46, 8, '2', '2024-10-09 12:00:00'),
(8964, 181, 56, 8, '1', '2024-01-05 12:00:00'),
(8965, 89, 43, 8, '2', '2023-06-13 09:00:00'),
(8966, 300, 59, 8, '3', '2024-10-09 11:00:00'),
(8967, 416, 8, 8, '1', '2023-04-24 12:00:00'),
(8968, 466, 57, 8, '3', '2023-11-06 08:00:00'),
(8969, 51, 8, 8, '0', '2024-06-03 09:00:00'),
(8970, 55, 50, 8, '2', '2024-08-25 17:00:00'),
(8971, 300, 44, 8, '2', '2024-02-21 12:00:00'),
(8972, 179, 56, 8, '0', '2024-04-17 14:00:00'),
(8973, 16, 40, 8, '2', '2024-08-28 10:00:00'),
(8974, 193, 56, 8, '1', '2023-09-18 15:00:00'),
(8975, 290, 57, 8, '3', '2024-01-11 10:00:00'),
(8976, 235, 46, 8, '3', '2023-08-14 11:00:00'),
(8977, 174, 61, 8, '2', '2024-09-23 16:00:00'),
(8978, 300, 56, 8, '0', '2023-10-11 13:00:00'),
(8979, 416, 48, 8, '2', '2024-07-19 11:00:00'),
(8980, 181, 51, 8, '3', '2024-10-20 16:00:00'),
(8981, 51, 8, 8, '3', '2024-02-19 12:00:00'),
(8982, 281, 56, 8, '0', '2024-06-01 09:00:00'),
(8983, 193, 56, 8, '2', '2023-12-01 12:00:00'),
(8984, 427, 46, 8, '3', '2023-07-04 15:00:00'),
(8985, 331, 40, 8, '0', '2023-05-05 15:00:00'),
(8986, 240, 57, 8, '0', '2024-05-05 12:00:00'),
(8987, 235, 9, 8, '1', '2023-06-27 15:00:00'),
(8988, 446, 41, 8, '1', '2023-04-22 12:00:00'),
(8989, 89, 51, 8, '2', '2024-05-22 15:00:00'),
(8990, 523, 8, 8, '3', '2024-07-23 14:00:00'),
(8991, 427, 58, 8, '3', '2024-01-07 13:00:00'),
(8992, 416, 43, 8, '2', '2023-05-06 16:00:00'),
(8993, 522, 56, 8, '1', '2024-09-11 12:00:00'),
(8994, 240, 43, 8, '3', '2023-08-05 09:00:00'),
(8995, 377, 60, 8, '0', '2024-03-23 13:00:00'),
(8996, 416, 43, 8, '3', '2024-10-04 08:00:00'),
(8997, 429, 16, 8, '0', '2024-12-12 15:00:00'),
(8998, 359, 42, 8, '3', '2024-04-23 08:00:00'),
(8999, 300, 51, 8, '3', '2025-01-26 17:00:00'),
(9000, 181, 57, 8, '3', '2023-10-23 12:00:00'),
(9001, 177, 42, 8, '1', '2024-01-14 14:00:00'),
(9002, 177, 40, 8, '0', '2023-05-20 14:00:00'),
(9003, 51, 47, 8, '3', '2024-08-19 14:00:00'),
(9004, 431, 59, 8, '0', '2025-02-04 09:00:00'),
(9005, 281, 42, 8, '2', '2024-03-17 13:00:00'),
(9006, 235, 51, 8, '2', '2025-01-19 10:00:00'),
(9007, 299, 7, 8, '1', '2024-08-31 11:00:00'),
(9008, 70, 43, 8, '2', '2024-05-14 10:00:00'),
(9009, 189, 62, 8, '1', '2024-09-10 09:00:00'),
(9010, 89, 56, 8, '0', '2024-08-01 11:00:00'),
(9011, 174, 15, 8, '2', '2023-10-03 09:00:00'),
(9012, 89, 8, 8, '1', '2024-01-20 11:00:00'),
(9013, 89, 57, 8, '1', '2024-12-29 10:00:00'),
(9014, 174, 9, 8, '0', '2024-12-27 16:00:00'),
(9015, 179, 56, 8, '3', '2023-06-26 13:00:00'),
(9016, 191, 51, 8, '2', '2023-07-06 16:00:00'),
(9017, 299, 56, 8, '2', '2023-08-04 09:00:00'),
(9018, 281, 57, 8, '1', '2024-10-18 08:00:00'),
(9019, 465, 13, 8, '1', '2024-05-06 14:00:00'),
(9020, 377, 8, 8, '0', '2024-07-01 12:00:00'),
(9021, 43, 9, 8, '0', '2024-02-01 16:00:00'),
(9022, 300, 8, 8, '1', '2023-11-04 09:00:00'),
(9023, 359, 8, 8, '1', '2023-08-08 10:00:00'),
(9024, 466, 56, 8, '2', '2024-10-09 15:00:00'),
(9025, 48, 58, 8, '1', '2023-11-22 17:00:00'),
(9026, 198, 62, 8, '1', '2023-04-07 14:00:00'),
(9027, 281, 44, 8, '1', '2024-08-28 14:00:00'),
(9028, 235, 59, 8, '2', '2024-11-19 10:00:00'),
(9029, 484, 43, 8, '2', '2023-05-28 17:00:00'),
(9030, 193, 13, 8, '0', '2023-03-17 08:00:00'),
(9031, 193, 15, 8, '2', '2023-09-26 10:00:00'),
(9032, 431, 46, 8, '0', '2025-01-02 13:00:00'),
(9033, 364, 62, 8, '0', '2024-07-05 14:00:00'),
(9034, 177, 8, 8, '0', '2025-03-08 09:00:00'),
(9035, 193, 47, 8, '0', '2024-03-26 13:00:00'),
(9036, 446, 46, 8, '0', '2023-12-18 12:00:00'),
(9037, 290, 47, 8, '1', '2023-05-18 16:00:00'),
(9038, 465, 42, 8, '0', '2024-08-02 08:00:00'),
(9039, 240, 17, 8, '2', '2023-07-14 09:00:00'),
(9040, 359, 51, 8, '3', '2024-02-08 13:00:00'),
(9041, 377, 7, 8, '2', '2023-12-09 11:00:00'),
(9042, 466, 43, 8, '1', '2023-04-14 13:00:00'),
(9043, 429, 9, 8, '0', '2024-01-09 09:00:00'),
(9044, 43, 8, 8, '3', '2023-10-12 11:00:00'),
(9045, 179, 40, 8, '3', '2024-01-30 17:00:00'),
(9046, 136, 8, 8, '1', '2025-02-21 13:00:00'),
(9047, 331, 56, 8, '3', '2023-03-19 15:00:00'),
(9048, 193, 59, 8, '3', '2024-10-24 09:00:00'),
(9049, 16, 8, 8, '1', '2024-09-23 17:00:00'),
(9050, 179, 42, 8, '1', '2023-03-29 15:00:00'),
(9051, 31, 47, 8, '1', '2023-09-21 14:00:00'),
(9052, 300, 48, 8, '1', '2023-06-17 13:00:00'),
(9053, 300, 41, 8, '0', '2024-04-09 11:00:00'),
(9054, 299, 59, 8, '3', '2023-09-13 17:00:00'),
(9055, 465, 9, 8, '0', '2025-01-21 11:00:00'),
(9056, 136, 46, 8, '2', '2024-05-01 10:00:00'),
(9057, 377, 40, 8, '2', '2024-11-11 08:00:00'),
(9058, 136, 60, 8, '1', '2024-09-07 13:00:00'),
(9059, 299, 57, 8, '2', '2023-06-21 09:00:00'),
(9060, 16, 43, 8, '0', '2024-05-03 12:00:00');
INSERT INTO `ETU_competence_evaluation` (`id_competence_evaluation`, `id_etudiant`, `id_apprentissage_critique`, `id_evaluation_type`, `evaluation`, `date`) VALUES
(9061, 429, 57, 8, '1', '2023-12-07 09:00:00'),
(9062, 177, 46, 8, '1', '2024-10-09 09:00:00'),
(9063, 89, 15, 8, '1', '2024-01-09 14:00:00'),
(9064, 281, 15, 8, '1', '2025-02-13 11:00:00'),
(9065, 416, 16, 8, '3', '2024-11-24 15:00:00'),
(9066, 31, 40, 8, '1', '2024-11-20 11:00:00'),
(9067, 523, 7, 8, '2', '2024-08-17 08:00:00'),
(9068, 465, 56, 8, '1', '2023-12-31 12:00:00'),
(9069, 51, 59, 8, '3', '2023-04-28 10:00:00'),
(9070, 193, 58, 8, '3', '2024-07-24 16:00:00'),
(9071, 522, 13, 8, '1', '2023-10-11 09:00:00'),
(9072, 522, 41, 8, '2', '2024-03-03 11:00:00'),
(9073, 136, 56, 8, '0', '2023-04-15 17:00:00'),
(9074, 138, 50, 8, '2', '2025-01-19 13:00:00'),
(9075, 479, 50, 8, '0', '2023-11-29 11:00:00'),
(9076, 466, 51, 8, '3', '2024-06-16 08:00:00'),
(9077, 466, 41, 8, '3', '2024-09-03 12:00:00'),
(9078, 427, 16, 8, '2', '2023-08-15 08:00:00'),
(9079, 89, 15, 8, '1', '2024-03-06 12:00:00'),
(9080, 359, 44, 8, '2', '2023-06-06 16:00:00'),
(9081, 300, 13, 8, '0', '2024-12-08 16:00:00'),
(9082, 331, 42, 8, '0', '2023-10-07 10:00:00'),
(9083, 31, 57, 8, '3', '2024-02-16 15:00:00'),
(9084, 431, 48, 8, '3', '2023-10-17 10:00:00'),
(9085, 177, 9, 8, '2', '2024-09-17 11:00:00'),
(9086, 31, 13, 8, '3', '2024-04-15 09:00:00'),
(9087, 235, 40, 8, '0', '2024-11-27 17:00:00'),
(9088, 179, 15, 8, '0', '2024-06-09 17:00:00'),
(9089, 177, 17, 8, '0', '2024-07-31 08:00:00'),
(9090, 193, 46, 8, '2', '2023-11-23 13:00:00'),
(9091, 429, 61, 8, '3', '2024-12-24 09:00:00'),
(9092, 48, 17, 8, '2', '2024-12-17 16:00:00'),
(9093, 51, 56, 8, '0', '2025-02-23 17:00:00'),
(9094, 191, 59, 8, '2', '2023-07-31 13:00:00'),
(9095, 136, 48, 8, '0', '2023-04-01 09:00:00'),
(9096, 31, 40, 8, '3', '2024-05-09 12:00:00'),
(9097, 48, 43, 8, '2', '2023-07-29 13:00:00'),
(9098, 70, 59, 8, '2', '2024-12-06 08:00:00'),
(9099, 358, 47, 8, '0', '2023-08-02 11:00:00'),
(9100, 193, 44, 8, '0', '2024-03-23 14:00:00'),
(9101, 377, 43, 8, '1', '2023-08-28 16:00:00'),
(9102, 416, 47, 8, '0', '2024-04-20 13:00:00'),
(9103, 174, 61, 8, '0', '2024-07-25 12:00:00'),
(9104, 523, 56, 8, '2', '2024-03-13 13:00:00'),
(9105, 174, 9, 8, '3', '2025-01-05 16:00:00'),
(9106, 388, 57, 8, '0', '2024-09-11 16:00:00'),
(9107, 235, 56, 8, '3', '2023-07-19 10:00:00'),
(9108, 235, 42, 8, '2', '2024-08-06 09:00:00'),
(9109, 359, 8, 8, '0', '2024-11-14 12:00:00'),
(9110, 429, 51, 8, '2', '2024-04-16 12:00:00'),
(9111, 465, 48, 8, '1', '2023-12-28 15:00:00'),
(9112, 193, 15, 8, '1', '2025-02-09 17:00:00'),
(9113, 153, 50, 8, '2', '2023-06-20 11:00:00'),
(9114, 416, 57, 8, '3', '2023-05-21 17:00:00'),
(9115, 191, 47, 8, '1', '2025-02-27 15:00:00'),
(9116, 181, 60, 8, '1', '2025-01-27 12:00:00'),
(9117, 193, 43, 8, '0', '2023-11-03 16:00:00'),
(9118, 240, 40, 8, '3', '2024-12-29 17:00:00'),
(9119, 466, 46, 8, '3', '2024-06-06 15:00:00'),
(9120, 136, 15, 8, '3', '2024-04-22 11:00:00'),
(9121, 31, 56, 8, '2', '2024-09-10 08:00:00'),
(9122, 377, 41, 8, '2', '2023-08-18 14:00:00'),
(9123, 388, 60, 8, '2', '2025-02-01 11:00:00'),
(9124, 300, 60, 8, '3', '2023-12-28 14:00:00'),
(9125, 431, 16, 8, '1', '2024-01-14 11:00:00'),
(9126, 191, 57, 8, '1', '2024-09-03 13:00:00'),
(9127, 522, 8, 8, '0', '2024-03-20 14:00:00'),
(9128, 240, 56, 8, '0', '2024-09-14 09:00:00'),
(9129, 177, 15, 8, '1', '2023-08-05 10:00:00'),
(9130, 358, 48, 8, '2', '2023-09-05 09:00:00'),
(9131, 446, 48, 8, '0', '2024-06-30 14:00:00'),
(9132, 429, 17, 8, '3', '2023-11-01 08:00:00'),
(9133, 43, 61, 8, '2', '2023-08-15 17:00:00'),
(9134, 193, 48, 8, '2', '2024-01-27 15:00:00'),
(9135, 140, 56, 8, '0', '2024-11-15 15:00:00'),
(9136, 427, 58, 8, '3', '2024-04-09 09:00:00'),
(9137, 191, 51, 8, '2', '2023-06-16 09:00:00'),
(9138, 68, 62, 8, '0', '2024-12-06 09:00:00'),
(9139, 377, 58, 8, '2', '2024-04-30 17:00:00'),
(9140, 95, 58, 8, '1', '2023-10-31 09:00:00'),
(9141, 240, 59, 8, '0', '2024-11-04 13:00:00'),
(9142, 193, 42, 8, '3', '2023-04-27 13:00:00'),
(9143, 48, 47, 8, '1', '2024-08-07 13:00:00'),
(9144, 522, 8, 8, '3', '2024-02-27 16:00:00'),
(9145, 522, 16, 8, '2', '2023-11-14 14:00:00'),
(9146, 331, 43, 8, '3', '2024-07-28 15:00:00'),
(9147, 191, 56, 8, '2', '2024-01-30 15:00:00'),
(9148, 136, 17, 8, '3', '2023-11-06 17:00:00'),
(9149, 235, 48, 8, '1', '2024-08-21 14:00:00'),
(9150, 48, 57, 8, '0', '2023-06-06 08:00:00'),
(9151, 174, 42, 8, '1', '2024-05-14 13:00:00'),
(9152, 388, 56, 8, '1', '2024-10-02 16:00:00'),
(9153, 388, 42, 8, '2', '2023-05-02 16:00:00'),
(9154, 140, 48, 8, '0', '2023-09-29 14:00:00'),
(9155, 31, 42, 8, '3', '2024-08-30 09:00:00'),
(9156, 179, 47, 8, '2', '2024-02-11 16:00:00'),
(9157, 240, 61, 8, '0', '2024-11-01 10:00:00'),
(9158, 416, 57, 8, '0', '2024-04-19 10:00:00'),
(9159, 359, 46, 8, '1', '2023-05-31 14:00:00'),
(9160, 240, 46, 8, '1', '2024-10-02 16:00:00'),
(9161, 181, 61, 8, '0', '2024-11-30 16:00:00'),
(9162, 299, 59, 8, '0', '2023-11-24 14:00:00'),
(9163, 299, 47, 8, '1', '2024-11-29 10:00:00'),
(9164, 31, 48, 8, '0', '2024-10-07 10:00:00'),
(9165, 193, 47, 8, '2', '2025-02-28 08:00:00'),
(9166, 51, 41, 8, '1', '2024-07-07 10:00:00'),
(9167, 154, 62, 8, '2', '2024-12-29 14:00:00'),
(9168, 240, 51, 8, '3', '2024-01-07 13:00:00'),
(9169, 174, 48, 8, '1', '2023-03-30 14:00:00'),
(9170, 70, 61, 8, '2', '2025-02-02 11:00:00'),
(9171, 388, 47, 8, '2', '2024-12-26 15:00:00'),
(9172, 16, 40, 8, '3', '2024-12-10 16:00:00'),
(9173, 31, 46, 8, '1', '2024-10-09 09:00:00'),
(9174, 416, 42, 8, '3', '2023-04-08 15:00:00'),
(9175, 179, 40, 8, '3', '2025-01-17 14:00:00'),
(9176, 299, 60, 8, '1', '2023-10-15 11:00:00'),
(9177, 465, 41, 8, '2', '2023-04-27 17:00:00'),
(9178, 16, 42, 8, '2', '2023-11-12 13:00:00'),
(9179, 43, 47, 8, '0', '2024-04-12 14:00:00'),
(9180, 446, 9, 8, '3', '2023-07-03 12:00:00'),
(9181, 427, 13, 8, '0', '2024-10-03 11:00:00'),
(9182, 331, 9, 8, '1', '2024-07-30 14:00:00'),
(9183, 465, 9, 8, '2', '2024-02-16 10:00:00'),
(9184, 429, 16, 8, '3', '2024-07-10 17:00:00'),
(9185, 235, 17, 8, '2', '2024-02-09 16:00:00'),
(9186, 358, 16, 8, '3', '2024-11-09 13:00:00'),
(9187, 299, 15, 8, '1', '2023-03-16 16:00:00'),
(9188, 89, 44, 8, '0', '2025-01-05 12:00:00'),
(9189, 51, 58, 8, '2', '2023-12-01 11:00:00'),
(9190, 31, 13, 8, '2', '2023-03-14 16:00:00'),
(9191, 31, 8, 8, '3', '2024-08-30 09:00:00'),
(9192, 446, 44, 8, '3', '2023-08-03 12:00:00'),
(9193, 331, 59, 8, '3', '2024-02-27 16:00:00'),
(9194, 429, 56, 8, '2', '2023-04-22 14:00:00'),
(9195, 290, 59, 8, '1', '2023-03-28 09:00:00'),
(9196, 240, 16, 8, '0', '2025-01-07 09:00:00'),
(9197, 331, 51, 8, '2', '2024-07-25 16:00:00'),
(9198, 465, 61, 8, '1', '2024-03-05 14:00:00'),
(9199, 138, 43, 8, '1', '2024-02-17 13:00:00'),
(9200, 16, 61, 8, '2', '2023-12-31 11:00:00'),
(9201, 70, 8, 8, '0', '2024-08-14 15:00:00'),
(9202, 43, 48, 8, '2', '2023-07-30 13:00:00'),
(9203, 89, 17, 8, '0', '2023-08-23 12:00:00'),
(9204, 181, 42, 8, '2', '2023-12-16 10:00:00'),
(9205, 431, 57, 8, '2', '2023-03-23 11:00:00'),
(9206, 416, 57, 8, '0', '2023-11-01 16:00:00'),
(9207, 359, 57, 8, '3', '2023-09-13 14:00:00'),
(9208, 523, 44, 8, '1', '2023-03-21 10:00:00'),
(9209, 465, 48, 8, '0', '2025-03-07 08:00:00'),
(9210, 522, 42, 8, '3', '2023-07-15 11:00:00'),
(9211, 416, 8, 8, '3', '2023-06-14 17:00:00'),
(9212, 300, 15, 8, '0', '2023-08-14 13:00:00'),
(9213, 48, 51, 8, '0', '2024-10-20 11:00:00'),
(9214, 181, 15, 8, '2', '2024-10-21 16:00:00'),
(9215, 193, 8, 8, '0', '2024-07-05 14:00:00'),
(9216, 358, 51, 8, '2', '2023-05-30 11:00:00'),
(9217, 89, 61, 8, '3', '2024-05-29 10:00:00'),
(9218, 16, 44, 8, '3', '2023-03-17 14:00:00'),
(9219, 299, 44, 8, '1', '2024-03-07 14:00:00'),
(9220, 465, 59, 8, '1', '2023-07-10 12:00:00'),
(9221, 181, 56, 8, '3', '2025-02-12 09:00:00'),
(9222, 427, 9, 8, '0', '2024-11-24 10:00:00'),
(9223, 431, 51, 8, '1', '2024-03-20 12:00:00'),
(9224, 181, 41, 8, '0', '2023-09-20 09:00:00'),
(9225, 523, 46, 8, '2', '2023-06-19 11:00:00'),
(9226, 70, 57, 8, '0', '2023-08-19 12:00:00'),
(9227, 16, 61, 8, '3', '2024-10-23 15:00:00'),
(9228, 140, 17, 8, '2', '2023-12-11 17:00:00'),
(9229, 465, 61, 8, '1', '2023-05-23 15:00:00'),
(9230, 358, 43, 8, '2', '2024-05-29 16:00:00'),
(9231, 48, 42, 8, '3', '2024-05-22 13:00:00'),
(9232, 299, 43, 8, '3', '2025-02-21 11:00:00'),
(9233, 16, 60, 8, '3', '2024-03-02 16:00:00'),
(9234, 300, 8, 8, '1', '2024-06-14 09:00:00'),
(9235, 300, 17, 8, '0', '2023-04-08 08:00:00'),
(9236, 70, 60, 8, '1', '2023-08-04 10:00:00'),
(9237, 281, 56, 8, '0', '2023-08-15 13:00:00'),
(9238, 429, 61, 8, '1', '2025-02-15 10:00:00'),
(9239, 523, 43, 8, '2', '2023-06-14 09:00:00'),
(9240, 523, 44, 8, '0', '2024-04-01 09:00:00'),
(9241, 193, 48, 8, '3', '2023-08-10 17:00:00'),
(9242, 299, 8, 8, '2', '2024-05-14 15:00:00'),
(9243, 191, 8, 8, '1', '2023-04-10 17:00:00'),
(9244, 522, 58, 8, '2', '2023-08-22 11:00:00'),
(9245, 522, 41, 8, '1', '2024-07-10 09:00:00'),
(9246, 281, 13, 8, '2', '2023-06-25 16:00:00'),
(9247, 181, 56, 8, '2', '2023-11-12 13:00:00'),
(9248, 359, 59, 8, '0', '2023-06-15 10:00:00'),
(9249, 235, 59, 8, '1', '2024-10-12 08:00:00'),
(9250, 299, 51, 8, '2', '2023-05-09 10:00:00'),
(9251, 127, 43, 8, '3', '2024-02-19 14:00:00'),
(9252, 235, 60, 8, '2', '2023-03-30 17:00:00'),
(9253, 466, 51, 8, '0', '2024-10-06 13:00:00'),
(9254, 522, 40, 8, '0', '2024-04-18 10:00:00'),
(9255, 179, 9, 8, '0', '2025-01-21 10:00:00'),
(9256, 377, 56, 8, '3', '2024-10-14 15:00:00'),
(9257, 331, 40, 8, '0', '2025-02-24 16:00:00'),
(9258, 177, 59, 8, '3', '2024-11-03 13:00:00'),
(9259, 235, 56, 8, '0', '2024-09-20 12:00:00'),
(9260, 427, 42, 8, '1', '2024-10-16 17:00:00'),
(9261, 299, 13, 8, '0', '2023-06-07 11:00:00'),
(9262, 89, 61, 8, '2', '2024-10-19 16:00:00'),
(9263, 523, 8, 8, '1', '2023-07-15 12:00:00'),
(9264, 240, 41, 8, '3', '2024-03-07 09:00:00'),
(9265, 388, 48, 8, '2', '2024-05-04 16:00:00'),
(9266, 523, 15, 8, '1', '2023-09-03 13:00:00'),
(9267, 359, 57, 8, '1', '2023-03-31 09:00:00'),
(9268, 300, 43, 8, '3', '2023-04-04 09:00:00'),
(9269, 446, 13, 8, '1', '2024-12-22 16:00:00'),
(9270, 43, 58, 8, '2', '2024-07-13 09:00:00'),
(9271, 89, 16, 8, '1', '2023-03-21 10:00:00'),
(9272, 48, 9, 8, '0', '2024-03-11 08:00:00'),
(9273, 431, 43, 8, '0', '2024-08-27 14:00:00'),
(9274, 51, 56, 8, '1', '2023-05-21 12:00:00'),
(9275, 466, 9, 8, '2', '2023-06-08 12:00:00'),
(9276, 333, 62, 8, '0', '2023-09-18 09:00:00'),
(9277, 31, 13, 8, '2', '2023-05-01 13:00:00'),
(9278, 177, 15, 8, '3', '2024-02-20 14:00:00'),
(9279, 358, 8, 8, '0', '2024-04-13 17:00:00'),
(9280, 522, 61, 8, '3', '2025-03-06 10:00:00'),
(9281, 416, 16, 8, '2', '2025-01-08 13:00:00'),
(9282, 181, 41, 8, '1', '2024-02-06 17:00:00'),
(9283, 140, 57, 8, '2', '2023-04-13 13:00:00'),
(9284, 43, 61, 8, '0', '2025-01-06 12:00:00'),
(9285, 466, 41, 8, '0', '2024-03-23 15:00:00'),
(9286, 465, 8, 8, '0', '2024-04-28 09:00:00'),
(9287, 191, 58, 8, '1', '2023-05-14 13:00:00'),
(9288, 136, 9, 8, '3', '2024-03-14 09:00:00'),
(9289, 51, 8, 8, '1', '2024-10-27 16:00:00'),
(9290, 331, 42, 8, '3', '2024-05-08 12:00:00'),
(9291, 174, 41, 8, '2', '2024-11-20 15:00:00'),
(9292, 174, 60, 8, '2', '2023-07-30 15:00:00'),
(9293, 431, 47, 8, '2', '2023-03-15 12:00:00'),
(9294, 397, 62, 8, '0', '2023-06-16 10:00:00'),
(9295, 331, 44, 8, '1', '2024-07-01 16:00:00'),
(9296, 416, 59, 8, '1', '2025-01-05 14:00:00'),
(9297, 89, 47, 8, '1', '2024-05-12 13:00:00'),
(9298, 484, 43, 8, '3', '2023-06-13 17:00:00'),
(9299, 416, 41, 8, '1', '2025-01-06 14:00:00'),
(9300, 89, 59, 8, '3', '2023-09-04 17:00:00'),
(9301, 191, 40, 8, '3', '2023-07-07 14:00:00'),
(9302, 89, 15, 8, '1', '2024-10-18 16:00:00'),
(9303, 43, 43, 8, '1', '2024-01-27 09:00:00'),
(9304, 300, 57, 8, '2', '2023-04-17 12:00:00'),
(9305, 136, 56, 8, '2', '2023-03-30 16:00:00'),
(9306, 290, 8, 8, '0', '2024-03-21 13:00:00'),
(9307, 51, 43, 8, '2', '2023-10-30 12:00:00'),
(9308, 127, 43, 8, '2', '2023-03-24 08:00:00'),
(9309, 240, 8, 8, '0', '2024-09-09 13:00:00'),
(9310, 48, 41, 8, '2', '2024-01-29 11:00:00'),
(9311, 300, 8, 8, '3', '2024-10-29 14:00:00'),
(9312, 51, 57, 8, '3', '2023-06-09 17:00:00'),
(9313, 95, 62, 8, '2', '2024-08-31 12:00:00'),
(9314, 138, 43, 8, '1', '2024-03-22 15:00:00'),
(9315, 429, 46, 8, '0', '2023-11-11 15:00:00'),
(9316, 427, 46, 8, '1', '2023-08-28 16:00:00'),
(9317, 179, 58, 8, '3', '2024-08-21 12:00:00'),
(9318, 446, 61, 8, '0', '2024-06-21 09:00:00'),
(9319, 522, 7, 8, '2', '2023-03-30 14:00:00'),
(9320, 466, 56, 8, '1', '2024-11-09 14:00:00'),
(9321, 191, 13, 8, '1', '2024-02-18 16:00:00'),
(9322, 446, 51, 8, '3', '2025-02-13 12:00:00'),
(9323, 429, 9, 8, '1', '2024-05-21 12:00:00'),
(9324, 522, 60, 8, '1', '2023-06-08 10:00:00'),
(9325, 416, 60, 8, '0', '2024-11-08 09:00:00'),
(9326, 431, 46, 8, '3', '2024-02-24 13:00:00'),
(9327, 226, 62, 8, '0', '2024-09-08 13:00:00'),
(9328, 191, 42, 8, '1', '2023-06-08 13:00:00'),
(9329, 523, 7, 8, '3', '2023-07-30 09:00:00'),
(9330, 465, 13, 8, '2', '2023-11-12 13:00:00'),
(9331, 388, 56, 8, '0', '2024-10-06 10:00:00'),
(9332, 179, 61, 8, '1', '2024-07-31 16:00:00'),
(9333, 136, 15, 8, '3', '2025-02-26 10:00:00'),
(9334, 31, 15, 8, '3', '2023-10-13 13:00:00'),
(9335, 191, 57, 8, '2', '2024-02-16 09:00:00'),
(9336, 181, 59, 8, '0', '2024-06-02 14:00:00'),
(9337, 89, 60, 8, '2', '2025-01-25 08:00:00'),
(9338, 136, 13, 8, '1', '2023-06-27 11:00:00'),
(9339, 16, 56, 8, '3', '2024-12-11 09:00:00'),
(9340, 416, 43, 8, '3', '2024-03-08 09:00:00'),
(9341, 179, 41, 8, '1', '2024-08-13 12:00:00'),
(9342, 70, 51, 8, '2', '2025-01-29 17:00:00'),
(9343, 300, 41, 8, '0', '2024-07-28 17:00:00'),
(9344, 377, 51, 8, '1', '2023-08-11 15:00:00'),
(9345, 465, 57, 8, '0', '2024-08-10 13:00:00'),
(9346, 179, 43, 8, '2', '2023-06-26 13:00:00'),
(9347, 446, 40, 8, '2', '2024-10-15 16:00:00'),
(9348, 523, 57, 8, '1', '2024-08-24 10:00:00'),
(9349, 161, 50, 8, '2', '2024-07-19 10:00:00'),
(9350, 177, 42, 8, '3', '2024-12-15 08:00:00'),
(9351, 359, 41, 8, '2', '2023-08-13 14:00:00'),
(9352, 411, 43, 8, '3', '2023-12-10 12:00:00'),
(9353, 290, 43, 8, '2', '2023-06-01 10:00:00'),
(9354, 427, 59, 8, '3', '2024-08-04 14:00:00'),
(9355, 358, 15, 8, '3', '2023-08-18 09:00:00'),
(9356, 446, 48, 8, '0', '2024-07-28 17:00:00'),
(9357, 358, 16, 8, '3', '2024-02-17 14:00:00'),
(9358, 427, 13, 8, '3', '2023-04-22 10:00:00'),
(9359, 465, 56, 8, '1', '2025-03-10 13:00:00'),
(9360, 299, 61, 8, '0', '2024-03-19 13:00:00'),
(9361, 427, 48, 8, '1', '2024-05-03 16:00:00'),
(9362, 416, 46, 8, '3', '2023-10-26 11:00:00'),
(9363, 140, 41, 8, '3', '2023-11-29 14:00:00'),
(9364, 193, 60, 8, '1', '2023-04-23 15:00:00'),
(9365, 331, 7, 8, '3', '2024-01-11 12:00:00'),
(9366, 388, 44, 8, '2', '2024-10-15 16:00:00'),
(9367, 522, 57, 8, '2', '2025-02-17 09:00:00'),
(9368, 281, 8, 8, '3', '2023-11-03 17:00:00'),
(9369, 427, 57, 8, '2', '2024-08-13 17:00:00'),
(9370, 235, 16, 8, '3', '2023-08-14 10:00:00'),
(9371, 477, 43, 8, '3', '2023-09-11 16:00:00'),
(9372, 331, 43, 8, '0', '2024-09-09 12:00:00'),
(9373, 48, 46, 8, '0', '2024-11-10 09:00:00'),
(9374, 174, 41, 8, '1', '2023-09-14 14:00:00'),
(9375, 43, 51, 8, '2', '2024-07-25 10:00:00'),
(9376, 136, 61, 8, '0', '2024-02-08 11:00:00'),
(9377, 290, 41, 8, '0', '2024-05-31 14:00:00'),
(9378, 48, 60, 8, '3', '2024-01-21 17:00:00'),
(9379, 179, 51, 8, '2', '2023-08-29 09:00:00'),
(9380, 43, 46, 8, '1', '2023-09-06 12:00:00'),
(9381, 70, 40, 8, '3', '2023-08-23 15:00:00'),
(9382, 290, 59, 8, '3', '2024-08-18 10:00:00'),
(9383, 51, 61, 8, '2', '2023-07-11 15:00:00'),
(9384, 140, 58, 8, '3', '2023-05-13 14:00:00'),
(9385, 431, 43, 8, '3', '2023-10-14 09:00:00'),
(9386, 446, 40, 8, '2', '2023-05-27 10:00:00'),
(9387, 429, 44, 8, '1', '2023-12-26 09:00:00'),
(9388, 179, 41, 8, '0', '2024-12-23 10:00:00'),
(9389, 48, 56, 8, '3', '2023-10-14 12:00:00'),
(9390, 140, 60, 8, '3', '2023-06-22 15:00:00'),
(9391, 281, 41, 8, '1', '2023-05-27 17:00:00'),
(9392, 522, 42, 8, '1', '2024-03-28 08:00:00'),
(9393, 416, 9, 8, '2', '2023-12-27 12:00:00'),
(9394, 300, 44, 8, '2', '2024-12-02 11:00:00'),
(9395, 377, 9, 8, '0', '2024-11-03 16:00:00'),
(9396, 181, 56, 8, '3', '2024-01-28 16:00:00'),
(9397, 290, 59, 8, '2', '2023-06-07 15:00:00'),
(9398, 31, 57, 8, '2', '2024-08-22 13:00:00'),
(9399, 174, 7, 8, '0', '2024-12-31 12:00:00'),
(9400, 299, 9, 8, '1', '2025-01-19 12:00:00'),
(9401, 181, 44, 8, '0', '2024-09-11 12:00:00'),
(9402, 358, 57, 8, '1', '2023-10-06 12:00:00'),
(9403, 300, 16, 8, '1', '2024-05-15 15:00:00'),
(9404, 48, 9, 8, '1', '2024-12-30 08:00:00'),
(9405, 388, 43, 8, '1', '2024-09-10 09:00:00'),
(9406, 193, 41, 8, '1', '2023-05-10 13:00:00'),
(9407, 55, 43, 8, '1', '2023-07-12 12:00:00'),
(9408, 281, 42, 8, '2', '2023-08-02 12:00:00'),
(9409, 427, 43, 8, '1', '2024-10-23 13:00:00'),
(9410, 431, 46, 8, '1', '2024-07-21 14:00:00'),
(9411, 174, 56, 8, '0', '2024-08-09 13:00:00'),
(9412, 416, 58, 8, '2', '2024-05-05 09:00:00'),
(9413, 89, 51, 8, '2', '2024-10-07 17:00:00'),
(9414, 437, 43, 8, '3', '2023-11-06 16:00:00'),
(9415, 179, 43, 8, '1', '2024-03-13 16:00:00'),
(9416, 466, 57, 8, '2', '2024-11-19 15:00:00'),
(9417, 465, 56, 8, '2', '2023-09-13 16:00:00'),
(9418, 359, 44, 8, '2', '2025-02-10 09:00:00'),
(9419, 299, 43, 8, '3', '2023-04-24 10:00:00'),
(9420, 484, 50, 8, '2', '2023-05-10 09:00:00'),
(9421, 299, 42, 8, '0', '2024-06-29 11:00:00'),
(9422, 240, 51, 8, '3', '2024-11-09 10:00:00'),
(9423, 193, 58, 8, '3', '2024-05-29 09:00:00'),
(9424, 147, 58, 8, '1', '2024-06-19 11:00:00'),
(9425, 70, 56, 8, '2', '2023-10-16 13:00:00'),
(9426, 299, 42, 8, '0', '2024-04-07 11:00:00'),
(9427, 181, 7, 8, '2', '2024-02-17 12:00:00'),
(9428, 388, 61, 8, '2', '2024-04-15 11:00:00'),
(9429, 177, 51, 8, '0', '2024-03-15 13:00:00'),
(9430, 16, 9, 8, '3', '2023-10-09 10:00:00'),
(9431, 235, 43, 8, '3', '2023-12-24 11:00:00'),
(9432, 465, 7, 8, '0', '2025-01-04 15:00:00'),
(9433, 523, 46, 8, '0', '2024-12-05 15:00:00'),
(9434, 377, 43, 8, '3', '2023-05-07 08:00:00'),
(9435, 427, 17, 8, '2', '2025-02-19 14:00:00'),
(9436, 359, 13, 8, '1', '2024-10-15 14:00:00'),
(9437, 17, 58, 8, '1', '2023-11-21 13:00:00'),
(9438, 377, 61, 8, '1', '2023-09-18 14:00:00'),
(9439, 70, 61, 8, '3', '2023-06-14 16:00:00'),
(9440, 136, 7, 8, '0', '2023-11-19 17:00:00'),
(9441, 377, 60, 8, '0', '2024-06-23 09:00:00'),
(9442, 388, 42, 8, '0', '2023-06-17 15:00:00'),
(9443, 359, 41, 8, '0', '2023-12-14 17:00:00'),
(9444, 191, 61, 8, '1', '2023-07-04 13:00:00'),
(9445, 377, 44, 8, '2', '2024-12-23 14:00:00'),
(9446, 358, 43, 8, '2', '2023-04-20 11:00:00'),
(9447, 193, 60, 8, '3', '2023-05-09 08:00:00'),
(9448, 290, 9, 8, '0', '2023-09-01 10:00:00'),
(9449, 140, 40, 8, '1', '2024-06-09 09:00:00'),
(9450, 281, 61, 8, '1', '2023-08-06 12:00:00'),
(9451, 290, 9, 8, '1', '2025-02-07 10:00:00'),
(9452, 377, 56, 8, '3', '2023-11-27 14:00:00'),
(9453, 136, 51, 8, '1', '2024-08-21 11:00:00'),
(9454, 465, 56, 8, '0', '2024-05-01 17:00:00'),
(9455, 411, 50, 8, '3', '2023-06-18 10:00:00'),
(9456, 446, 57, 8, '3', '2023-10-27 11:00:00'),
(9457, 359, 56, 8, '1', '2024-03-30 17:00:00'),
(9458, 377, 43, 8, '3', '2023-06-22 15:00:00'),
(9459, 70, 15, 8, '3', '2023-09-21 12:00:00'),
(9460, 179, 41, 8, '1', '2024-09-13 17:00:00'),
(9461, 48, 40, 8, '3', '2025-01-08 15:00:00'),
(9462, 48, 47, 8, '0', '2023-07-12 13:00:00'),
(9463, 191, 57, 8, '3', '2023-09-16 12:00:00'),
(9464, 70, 41, 8, '2', '2024-03-10 13:00:00'),
(9465, 427, 61, 8, '1', '2024-11-14 17:00:00'),
(9466, 140, 56, 8, '2', '2024-04-09 09:00:00'),
(9467, 427, 46, 8, '1', '2024-03-13 16:00:00'),
(9468, 219, 58, 8, '3', '2023-04-24 10:00:00'),
(9469, 60, 62, 8, '3', '2025-02-14 08:00:00'),
(9470, 299, 57, 8, '2', '2024-07-29 15:00:00'),
(9471, 429, 56, 8, '0', '2024-10-27 13:00:00'),
(9472, 466, 58, 8, '0', '2024-12-08 14:00:00'),
(9473, 191, 7, 8, '2', '2024-12-17 09:00:00'),
(9474, 388, 43, 8, '3', '2023-08-12 16:00:00'),
(9475, 290, 44, 8, '3', '2023-05-09 14:00:00'),
(9476, 416, 41, 8, '0', '2023-07-08 16:00:00'),
(9477, 55, 50, 8, '2', '2025-01-19 11:00:00'),
(9478, 466, 46, 8, '1', '2024-01-21 09:00:00'),
(9479, 466, 7, 8, '2', '2024-10-25 15:00:00'),
(9480, 359, 40, 8, '1', '2023-06-26 17:00:00'),
(9481, 177, 41, 8, '1', '2023-05-12 12:00:00'),
(9482, 331, 51, 8, '2', '2023-07-22 13:00:00'),
(9483, 193, 9, 8, '1', '2024-11-16 13:00:00'),
(9484, 299, 8, 8, '1', '2024-08-25 10:00:00'),
(9485, 331, 15, 8, '3', '2023-07-03 09:00:00'),
(9486, 177, 48, 8, '2', '2024-03-26 10:00:00'),
(9487, 446, 51, 8, '2', '2023-09-22 13:00:00'),
(9488, 48, 57, 8, '2', '2024-09-22 12:00:00'),
(9489, 89, 47, 8, '3', '2023-06-16 10:00:00'),
(9490, 140, 41, 8, '3', '2024-09-04 10:00:00'),
(9491, 446, 59, 8, '1', '2024-07-05 09:00:00'),
(9492, 429, 44, 8, '0', '2024-12-06 09:00:00'),
(9493, 177, 43, 8, '0', '2025-03-03 09:00:00'),
(9494, 416, 17, 8, '0', '2024-06-26 08:00:00'),
(9495, 300, 9, 8, '3', '2024-07-01 14:00:00'),
(9496, 522, 57, 8, '0', '2023-04-18 13:00:00'),
(9497, 290, 42, 8, '3', '2023-08-28 14:00:00'),
(9498, 177, 13, 8, '1', '2024-10-26 15:00:00'),
(9499, 446, 40, 8, '1', '2023-07-09 15:00:00'),
(9500, 466, 13, 8, '2', '2024-08-22 13:00:00'),
(9501, 466, 8, 8, '3', '2024-07-24 15:00:00'),
(9502, 136, 41, 8, '2', '2023-12-28 11:00:00'),
(9503, 466, 17, 8, '1', '2024-03-06 13:00:00'),
(9504, 429, 46, 8, '0', '2023-11-26 16:00:00'),
(9505, 431, 16, 8, '2', '2024-12-06 13:00:00'),
(9506, 235, 17, 8, '1', '2024-08-01 12:00:00'),
(9507, 358, 57, 8, '2', '2024-02-14 15:00:00'),
(9508, 193, 46, 8, '1', '2025-01-08 11:00:00'),
(9509, 446, 16, 8, '2', '2024-07-21 16:00:00'),
(9510, 136, 57, 8, '3', '2024-03-30 15:00:00'),
(9511, 140, 47, 8, '2', '2024-02-05 13:00:00'),
(9512, 86, 50, 8, '3', '2024-07-22 15:00:00'),
(9513, 177, 16, 8, '3', '2023-04-14 17:00:00'),
(9514, 427, 44, 8, '2', '2024-11-11 09:00:00'),
(9515, 290, 15, 8, '0', '2024-03-09 10:00:00'),
(9516, 377, 51, 8, '2', '2024-01-14 12:00:00'),
(9517, 523, 46, 8, '1', '2024-10-21 13:00:00'),
(9518, 300, 48, 8, '2', '2023-08-09 11:00:00'),
(9519, 140, 57, 8, '1', '2025-01-10 13:00:00'),
(9520, 140, 40, 8, '2', '2024-12-27 17:00:00'),
(9521, 177, 56, 8, '0', '2023-10-01 16:00:00'),
(9522, 140, 13, 8, '1', '2024-10-06 15:00:00'),
(9523, 140, 16, 8, '3', '2024-01-07 15:00:00'),
(9524, 235, 56, 8, '1', '2024-09-13 14:00:00'),
(9525, 427, 15, 8, '0', '2024-10-31 16:00:00'),
(9526, 48, 56, 8, '1', '2024-09-14 16:00:00'),
(9527, 290, 8, 8, '1', '2024-09-30 09:00:00'),
(9528, 191, 15, 8, '2', '2023-03-30 16:00:00'),
(9529, 427, 48, 8, '0', '2024-11-03 15:00:00'),
(9530, 177, 13, 8, '0', '2024-07-12 09:00:00'),
(9531, 465, 8, 8, '1', '2025-02-06 10:00:00'),
(9532, 177, 9, 8, '1', '2024-08-18 10:00:00'),
(9533, 177, 51, 8, '1', '2024-08-04 12:00:00'),
(9534, 89, 57, 8, '1', '2023-07-02 16:00:00'),
(9535, 466, 57, 8, '2', '2025-02-03 16:00:00'),
(9536, 89, 43, 8, '1', '2023-06-01 10:00:00'),
(9537, 174, 42, 8, '1', '2024-04-26 11:00:00'),
(9538, 261, 43, 8, '2', '2023-03-14 15:00:00'),
(9539, 367, 62, 8, '3', '2023-05-02 15:00:00'),
(9540, 359, 17, 8, '3', '2024-12-03 16:00:00'),
(9541, 358, 40, 8, '1', '2023-10-29 09:00:00'),
(9542, 427, 41, 8, '3', '2023-11-12 15:00:00'),
(9543, 281, 46, 8, '1', '2024-02-02 17:00:00'),
(9544, 43, 57, 8, '1', '2023-06-28 16:00:00'),
(9545, 431, 46, 8, '2', '2023-11-20 15:00:00'),
(9546, 174, 13, 8, '0', '2024-04-01 14:00:00'),
(9547, 198, 58, 8, '0', '2023-10-09 12:00:00'),
(9548, 191, 41, 8, '0', '2023-04-24 15:00:00'),
(9549, 48, 59, 8, '2', '2023-04-21 14:00:00'),
(9550, 465, 60, 8, '1', '2024-05-18 08:00:00'),
(9551, 465, 44, 8, '3', '2023-09-15 12:00:00'),
(9552, 43, 60, 8, '2', '2024-05-12 14:00:00'),
(9553, 484, 43, 8, '3', '2024-08-06 10:00:00'),
(9554, 446, 9, 8, '0', '2024-09-30 16:00:00'),
(9555, 416, 51, 8, '0', '2025-02-16 10:00:00'),
(9556, 331, 46, 8, '1', '2024-05-30 16:00:00'),
(9557, 358, 41, 8, '2', '2024-04-17 08:00:00'),
(9558, 358, 41, 8, '1', '2023-05-10 15:00:00'),
(9559, 359, 41, 8, '2', '2024-02-28 13:00:00'),
(9560, 86, 50, 8, '3', '2023-04-21 16:00:00'),
(9561, 55, 50, 8, '0', '2025-02-15 10:00:00'),
(9562, 48, 57, 8, '2', '2023-12-01 14:00:00'),
(9563, 299, 60, 8, '3', '2024-09-09 09:00:00'),
(9564, 240, 56, 8, '1', '2023-05-17 15:00:00'),
(9565, 299, 15, 8, '2', '2024-09-22 09:00:00'),
(9566, 177, 48, 8, '1', '2024-12-18 13:00:00'),
(9567, 140, 9, 8, '1', '2024-10-04 15:00:00'),
(9568, 136, 40, 8, '2', '2025-01-24 17:00:00'),
(9569, 466, 43, 8, '1', '2024-05-04 10:00:00'),
(9570, 523, 8, 8, '1', '2024-03-04 13:00:00'),
(9571, 193, 57, 8, '2', '2023-05-27 16:00:00'),
(9572, 48, 17, 8, '1', '2025-01-20 12:00:00'),
(9573, 331, 59, 8, '0', '2023-04-23 12:00:00'),
(9574, 300, 8, 8, '2', '2024-01-05 13:00:00'),
(9575, 299, 57, 8, '3', '2024-08-21 11:00:00'),
(9576, 446, 57, 8, '0', '2024-05-20 15:00:00'),
(9577, 377, 7, 8, '1', '2023-04-28 14:00:00'),
(9578, 114, 50, 8, '0', '2023-04-15 15:00:00'),
(9579, 240, 8, 8, '1', '2023-06-20 11:00:00'),
(9580, 377, 58, 8, '3', '2024-09-09 09:00:00'),
(9581, 429, 13, 8, '3', '2023-07-03 08:00:00'),
(9582, 31, 46, 8, '0', '2023-12-07 15:00:00'),
(9583, 191, 61, 8, '2', '2025-01-07 09:00:00'),
(9584, 465, 43, 8, '3', '2023-03-28 09:00:00'),
(9585, 300, 16, 8, '2', '2024-12-24 14:00:00'),
(9586, 281, 7, 8, '0', '2024-12-05 09:00:00'),
(9587, 31, 60, 8, '1', '2024-05-03 10:00:00'),
(9588, 281, 59, 8, '2', '2024-06-15 13:00:00'),
(9589, 193, 43, 8, '1', '2023-05-17 12:00:00'),
(9590, 177, 58, 8, '0', '2024-10-06 15:00:00'),
(9591, 388, 7, 8, '1', '2024-12-21 12:00:00'),
(9592, 70, 8, 8, '0', '2023-08-03 13:00:00'),
(9593, 281, 7, 8, '0', '2023-12-16 10:00:00'),
(9594, 191, 48, 8, '1', '2023-12-27 09:00:00'),
(9595, 331, 17, 8, '0', '2024-09-09 11:00:00'),
(9596, 465, 58, 8, '3', '2024-02-10 14:00:00'),
(9597, 290, 48, 8, '2', '2023-05-27 10:00:00'),
(9598, 416, 56, 8, '1', '2023-07-18 14:00:00'),
(9599, 416, 51, 8, '2', '2024-09-27 11:00:00'),
(9600, 359, 9, 8, '2', '2025-01-01 13:00:00'),
(9601, 16, 46, 8, '0', '2023-09-04 16:00:00'),
(9602, 136, 43, 8, '1', '2024-02-29 11:00:00'),
(9603, 300, 43, 8, '3', '2023-04-27 09:00:00'),
(9604, 179, 60, 8, '3', '2023-03-19 17:00:00'),
(9605, 70, 57, 8, '2', '2024-08-08 14:00:00'),
(9606, 177, 60, 8, '0', '2024-03-16 13:00:00'),
(9607, 177, 46, 8, '1', '2024-04-13 09:00:00'),
(9608, 290, 44, 8, '1', '2025-02-03 17:00:00'),
(9609, 281, 58, 8, '2', '2024-01-22 08:00:00'),
(9610, 70, 58, 8, '1', '2023-04-24 17:00:00'),
(9611, 127, 50, 8, '1', '2024-04-09 15:00:00'),
(9612, 299, 8, 8, '0', '2024-11-22 10:00:00'),
(9613, 48, 8, 8, '1', '2024-06-21 16:00:00'),
(9614, 179, 48, 8, '1', '2023-08-20 13:00:00'),
(9615, 416, 46, 8, '2', '2023-03-22 17:00:00'),
(9616, 416, 59, 8, '0', '2024-06-16 09:00:00'),
(9617, 299, 41, 8, '3', '2024-07-23 14:00:00'),
(9618, 429, 15, 8, '3', '2023-03-17 13:00:00'),
(9619, 140, 56, 8, '3', '2023-04-07 15:00:00'),
(9620, 358, 17, 8, '3', '2024-02-15 14:00:00'),
(9621, 52, 62, 8, '1', '2023-07-25 13:00:00'),
(9622, 477, 43, 8, '3', '2023-09-29 17:00:00'),
(9623, 51, 56, 8, '0', '2024-02-10 13:00:00'),
(9624, 140, 59, 8, '0', '2023-05-01 14:00:00'),
(9625, 431, 41, 8, '3', '2023-09-26 11:00:00'),
(9626, 240, 60, 8, '1', '2025-02-05 10:00:00'),
(9627, 16, 41, 8, '3', '2024-01-09 09:00:00'),
(9628, 89, 8, 8, '1', '2023-06-05 12:00:00'),
(9629, 89, 7, 8, '1', '2024-06-07 12:00:00'),
(9630, 140, 43, 8, '0', '2025-03-06 11:00:00'),
(9631, 290, 57, 8, '0', '2023-11-16 10:00:00'),
(9632, 70, 58, 8, '1', '2024-04-27 10:00:00'),
(9633, 359, 46, 8, '0', '2024-11-21 13:00:00'),
(9634, 43, 16, 8, '2', '2024-11-25 11:00:00'),
(9635, 359, 56, 8, '3', '2024-02-04 14:00:00'),
(9636, 51, 40, 8, '0', '2024-12-12 17:00:00'),
(9637, 193, 58, 8, '1', '2024-03-16 15:00:00'),
(9638, 177, 56, 8, '2', '2024-06-06 12:00:00'),
(9639, 174, 60, 8, '3', '2023-04-05 08:00:00'),
(9640, 388, 40, 8, '3', '2023-05-12 16:00:00'),
(9641, 89, 40, 8, '1', '2023-09-19 10:00:00'),
(9642, 429, 41, 8, '0', '2023-08-25 16:00:00'),
(9643, 281, 59, 8, '2', '2023-03-17 08:00:00'),
(9644, 465, 16, 8, '2', '2023-05-18 10:00:00'),
(9645, 416, 44, 8, '2', '2023-09-29 14:00:00'),
(9646, 191, 57, 8, '3', '2023-03-21 10:00:00'),
(9647, 359, 16, 8, '0', '2023-05-01 11:00:00'),
(9648, 416, 61, 8, '0', '2024-07-15 09:00:00'),
(9649, 358, 9, 8, '2', '2023-05-29 09:00:00'),
(9650, 300, 58, 8, '1', '2024-10-12 14:00:00'),
(9651, 240, 47, 8, '0', '2024-02-29 11:00:00'),
(9652, 431, 16, 8, '0', '2024-03-27 11:00:00'),
(9653, 359, 7, 8, '2', '2024-12-24 13:00:00'),
(9654, 136, 46, 8, '0', '2024-09-29 10:00:00'),
(9655, 261, 50, 8, '0', '2024-03-12 13:00:00'),
(9656, 523, 51, 8, '0', '2024-12-26 15:00:00'),
(9657, 16, 47, 8, '0', '2023-07-11 12:00:00'),
(9658, 43, 42, 8, '1', '2024-10-18 10:00:00'),
(9659, 429, 56, 8, '1', '2024-08-08 15:00:00'),
(9660, 281, 8, 8, '0', '2024-10-31 12:00:00'),
(9661, 427, 60, 8, '0', '2025-02-28 11:00:00'),
(9662, 466, 51, 8, '0', '2024-02-03 11:00:00'),
(9663, 261, 50, 8, '1', '2023-07-14 14:00:00'),
(9664, 51, 13, 8, '0', '2024-04-21 09:00:00'),
(9665, 358, 15, 8, '0', '2023-07-29 13:00:00'),
(9666, 429, 60, 8, '2', '2024-09-21 09:00:00'),
(9667, 193, 61, 8, '1', '2023-05-09 12:00:00'),
(9668, 331, 60, 8, '3', '2023-12-09 09:00:00'),
(9669, 179, 46, 8, '0', '2025-01-09 17:00:00'),
(9670, 466, 57, 8, '2', '2024-07-30 15:00:00'),
(9671, 70, 48, 8, '0', '2025-01-07 17:00:00'),
(9672, 181, 57, 8, '2', '2024-11-15 12:00:00'),
(9673, 43, 46, 8, '0', '2023-12-23 13:00:00'),
(9674, 290, 13, 8, '3', '2023-10-11 15:00:00'),
(9675, 427, 40, 8, '0', '2024-05-10 13:00:00'),
(9676, 16, 56, 8, '3', '2023-10-23 16:00:00'),
(9677, 523, 16, 8, '3', '2023-09-23 11:00:00'),
(9678, 136, 61, 8, '2', '2024-05-02 15:00:00'),
(9679, 427, 15, 8, '3', '2023-04-12 17:00:00'),
(9680, 299, 41, 8, '2', '2024-08-11 16:00:00'),
(9681, 331, 48, 8, '3', '2024-07-24 11:00:00'),
(9682, 89, 48, 8, '3', '2024-12-08 15:00:00'),
(9683, 522, 16, 8, '0', '2024-04-22 15:00:00'),
(9684, 31, 56, 8, '0', '2024-10-23 13:00:00'),
(9685, 51, 51, 8, '0', '2023-09-17 17:00:00'),
(9686, 179, 57, 8, '1', '2023-07-31 15:00:00'),
(9687, 48, 61, 8, '0', '2025-02-09 13:00:00'),
(9688, 281, 41, 8, '2', '2024-05-29 12:00:00'),
(9689, 136, 57, 8, '0', '2023-05-05 10:00:00'),
(9690, 191, 40, 8, '1', '2023-12-05 14:00:00'),
(9691, 281, 48, 8, '0', '2024-04-02 14:00:00'),
(9692, 261, 50, 8, '1', '2024-09-24 10:00:00'),
(9693, 466, 40, 8, '2', '2024-10-15 15:00:00'),
(9694, 429, 42, 8, '1', '2024-03-17 14:00:00'),
(9695, 174, 48, 8, '3', '2023-09-17 11:00:00'),
(9696, 300, 57, 8, '1', '2024-06-10 15:00:00'),
(9697, 153, 50, 8, '3', '2024-07-28 14:00:00'),
(9698, 427, 57, 8, '0', '2024-08-22 13:00:00'),
(9699, 31, 47, 8, '1', '2023-11-02 17:00:00'),
(9700, 358, 7, 8, '3', '2023-10-23 17:00:00'),
(9701, 446, 41, 8, '1', '2023-12-17 09:00:00'),
(9702, 191, 41, 8, '2', '2024-10-19 08:00:00'),
(9703, 290, 51, 8, '3', '2025-01-16 13:00:00'),
(9704, 140, 40, 8, '0', '2024-02-08 17:00:00'),
(9705, 411, 50, 8, '0', '2023-05-23 08:00:00'),
(9706, 136, 40, 8, '2', '2023-09-26 11:00:00'),
(9707, 281, 43, 8, '1', '2023-08-11 14:00:00'),
(9708, 427, 40, 8, '1', '2024-09-15 13:00:00'),
(9709, 290, 8, 8, '2', '2024-01-18 08:00:00'),
(9710, 174, 44, 8, '0', '2024-01-31 09:00:00'),
(9711, 388, 61, 8, '1', '2024-10-23 09:00:00'),
(9712, 235, 8, 8, '2', '2023-06-23 13:00:00'),
(9713, 465, 41, 8, '1', '2024-06-28 13:00:00'),
(9714, 331, 51, 8, '0', '2024-01-19 09:00:00'),
(9715, 191, 43, 8, '3', '2025-01-12 11:00:00'),
(9716, 358, 46, 8, '0', '2023-11-21 16:00:00'),
(9717, 409, 62, 8, '2', '2024-02-03 09:00:00'),
(9718, 89, 43, 8, '1', '2023-10-16 16:00:00'),
(9719, 89, 7, 8, '0', '2024-07-15 08:00:00'),
(9720, 522, 43, 8, '1', '2024-07-22 10:00:00'),
(9721, 181, 40, 8, '2', '2025-03-04 12:00:00'),
(9722, 43, 43, 8, '1', '2024-03-22 14:00:00'),
(9723, 16, 57, 8, '0', '2023-09-26 16:00:00'),
(9724, 235, 9, 8, '2', '2024-03-10 08:00:00'),
(9725, 174, 8, 8, '1', '2024-09-21 13:00:00'),
(9726, 522, 58, 8, '2', '2024-10-06 16:00:00'),
(9727, 51, 43, 8, '1', '2023-09-15 10:00:00'),
(9728, 331, 51, 8, '2', '2023-06-07 14:00:00'),
(9729, 523, 46, 8, '1', '2024-11-08 10:00:00'),
(9730, 431, 40, 8, '1', '2025-02-09 09:00:00'),
(9731, 89, 7, 8, '1', '2024-11-06 17:00:00'),
(9732, 181, 8, 8, '2', '2023-08-02 11:00:00'),
(9733, 427, 58, 8, '3', '2024-03-26 15:00:00'),
(9734, 16, 43, 8, '3', '2024-06-11 16:00:00'),
(9735, 5, 62, 8, '1', '2024-01-03 10:00:00'),
(9736, 465, 57, 8, '2', '2024-07-16 13:00:00'),
(9737, 300, 40, 8, '0', '2024-01-29 09:00:00'),
(9738, 235, 57, 8, '1', '2024-11-17 15:00:00'),
(9739, 431, 48, 8, '3', '2023-10-29 16:00:00'),
(9740, 140, 44, 8, '3', '2024-07-10 13:00:00'),
(9741, 522, 57, 8, '0', '2024-11-28 09:00:00'),
(9742, 388, 40, 8, '2', '2024-11-21 11:00:00'),
(9743, 358, 15, 8, '2', '2024-10-08 10:00:00'),
(9744, 179, 16, 8, '0', '2024-02-21 15:00:00'),
(9745, 89, 8, 8, '2', '2023-04-19 13:00:00'),
(9746, 416, 61, 8, '3', '2024-05-11 16:00:00'),
(9747, 89, 41, 8, '2', '2024-05-31 14:00:00'),
(9748, 359, 48, 8, '0', '2024-06-29 10:00:00'),
(9749, 179, 8, 8, '3', '2024-07-03 10:00:00'),
(9750, 193, 47, 8, '1', '2023-11-09 16:00:00'),
(9751, 240, 57, 8, '1', '2023-11-23 15:00:00'),
(9752, 174, 7, 8, '2', '2023-07-16 10:00:00'),
(9753, 522, 7, 8, '0', '2023-09-26 13:00:00'),
(9754, 191, 56, 8, '2', '2024-12-26 17:00:00'),
(9755, 166, 62, 8, '1', '2024-10-03 08:00:00'),
(9756, 465, 40, 8, '3', '2023-11-03 15:00:00'),
(9757, 523, 46, 8, '0', '2024-08-21 11:00:00'),
(9758, 359, 58, 8, '0', '2024-08-28 10:00:00'),
(9759, 496, 43, 8, '1', '2024-06-25 10:00:00'),
(9760, 70, 9, 8, '0', '2024-03-05 16:00:00'),
(9761, 431, 9, 8, '3', '2023-05-06 13:00:00'),
(9762, 416, 40, 8, '3', '2025-01-30 12:00:00'),
(9763, 388, 9, 8, '3', '2024-08-28 16:00:00'),
(9764, 51, 56, 8, '0', '2024-08-29 10:00:00'),
(9765, 466, 7, 8, '2', '2024-04-06 11:00:00'),
(9766, 299, 46, 8, '1', '2024-03-24 14:00:00'),
(9767, 51, 51, 8, '2', '2024-05-28 15:00:00'),
(9768, 140, 43, 8, '1', '2024-05-15 08:00:00'),
(9769, 431, 58, 8, '2', '2023-12-07 15:00:00'),
(9770, 359, 8, 8, '3', '2023-05-22 09:00:00'),
(9771, 331, 47, 8, '0', '2024-04-13 12:00:00'),
(9772, 179, 46, 8, '3', '2024-04-25 09:00:00'),
(9773, 48, 41, 8, '1', '2024-11-01 08:00:00'),
(9774, 191, 8, 8, '2', '2024-11-24 11:00:00'),
(9775, 299, 59, 8, '3', '2023-03-27 15:00:00'),
(9776, 446, 41, 8, '2', '2024-10-26 17:00:00'),
(9777, 523, 8, 8, '2', '2024-07-19 09:00:00'),
(9778, 140, 46, 8, '0', '2023-05-22 11:00:00'),
(9779, 427, 47, 8, '3', '2024-05-16 15:00:00'),
(9780, 416, 61, 8, '2', '2023-10-25 08:00:00'),
(9781, 51, 46, 8, '1', '2023-04-23 14:00:00'),
(9782, 240, 48, 8, '3', '2025-01-16 13:00:00'),
(9783, 359, 60, 8, '2', '2024-04-16 14:00:00'),
(9784, 235, 8, 8, '0', '2023-08-20 14:00:00'),
(9785, 174, 58, 8, '1', '2024-01-12 09:00:00'),
(9786, 43, 59, 8, '1', '2024-06-04 15:00:00'),
(9787, 388, 8, 8, '1', '2024-02-16 12:00:00'),
(9788, 429, 43, 8, '3', '2023-08-04 13:00:00'),
(9789, 136, 47, 8, '1', '2024-10-18 16:00:00'),
(9790, 261, 50, 8, '2', '2023-11-25 14:00:00'),
(9791, 429, 56, 8, '2', '2024-07-14 13:00:00'),
(9792, 377, 41, 8, '0', '2024-03-16 15:00:00'),
(9793, 140, 15, 8, '3', '2024-02-03 12:00:00'),
(9794, 416, 13, 8, '1', '2024-09-09 14:00:00'),
(9795, 429, 8, 8, '3', '2024-02-05 14:00:00'),
(9796, 523, 43, 8, '0', '2024-01-06 13:00:00'),
(9797, 377, 56, 8, '1', '2023-09-25 15:00:00'),
(9798, 43, 46, 8, '0', '2024-07-24 16:00:00'),
(9799, 43, 41, 8, '3', '2025-02-24 09:00:00'),
(9800, 429, 41, 8, '2', '2025-02-22 13:00:00'),
(9801, 181, 57, 8, '2', '2024-10-27 13:00:00'),
(9802, 76, 62, 8, '3', '2024-05-11 10:00:00'),
(9803, 523, 13, 8, '2', '2023-04-09 14:00:00'),
(9804, 181, 8, 8, '2', '2024-09-10 12:00:00'),
(9805, 140, 47, 8, '1', '2024-04-05 12:00:00'),
(9806, 290, 7, 8, '1', '2024-08-22 13:00:00'),
(9807, 191, 8, 8, '3', '2023-10-30 16:00:00'),
(9808, 416, 56, 8, '3', '2024-09-04 09:00:00'),
(9809, 446, 17, 8, '2', '2024-01-09 12:00:00'),
(9810, 331, 9, 8, '1', '2024-01-14 15:00:00'),
(9811, 16, 7, 8, '0', '2025-01-19 15:00:00'),
(9812, 411, 50, 8, '3', '2024-03-20 13:00:00'),
(9813, 89, 44, 8, '3', '2023-04-06 14:00:00'),
(9814, 31, 46, 8, '2', '2023-05-08 08:00:00'),
(9815, 300, 48, 8, '1', '2023-09-25 15:00:00'),
(9816, 181, 48, 8, '3', '2025-03-08 14:00:00'),
(9817, 377, 15, 8, '2', '2024-12-13 15:00:00'),
(9818, 359, 48, 8, '2', '2024-05-10 13:00:00'),
(9819, 388, 15, 8, '2', '2024-12-24 14:00:00'),
(9820, 154, 58, 8, '1', '2024-08-25 12:00:00'),
(9821, 331, 61, 8, '1', '2023-11-09 16:00:00'),
(9822, 281, 42, 8, '1', '2024-12-20 15:00:00'),
(9823, 181, 56, 8, '0', '2023-05-20 15:00:00'),
(9824, 235, 43, 8, '0', '2024-01-04 14:00:00'),
(9825, 136, 47, 8, '1', '2023-08-20 10:00:00'),
(9826, 523, 43, 8, '2', '2023-12-02 13:00:00'),
(9827, 31, 9, 8, '3', '2024-12-19 16:00:00'),
(9828, 300, 9, 8, '1', '2023-05-22 10:00:00'),
(9829, 3, 62, 8, '3', '2023-03-26 09:00:00'),
(9830, 98, 62, 8, '3', '2024-10-17 17:00:00'),
(9831, 416, 48, 8, '1', '2024-03-05 10:00:00'),
(9832, 429, 13, 8, '3', '2023-03-25 15:00:00'),
(9833, 331, 9, 8, '2', '2023-05-28 12:00:00'),
(9834, 179, 7, 8, '1', '2024-05-06 09:00:00'),
(9835, 48, 9, 8, '3', '2024-12-14 14:00:00'),
(9836, 523, 47, 8, '0', '2024-12-25 09:00:00'),
(9837, 522, 51, 8, '2', '2023-04-05 14:00:00'),
(9838, 522, 61, 8, '0', '2023-12-31 11:00:00'),
(9839, 89, 48, 8, '0', '2023-06-18 11:00:00'),
(9840, 43, 41, 8, '3', '2023-04-17 16:00:00'),
(9841, 446, 8, 8, '2', '2024-11-01 10:00:00'),
(9842, 261, 50, 8, '3', '2024-07-07 10:00:00'),
(9843, 174, 40, 8, '3', '2024-05-16 09:00:00'),
(9844, 377, 47, 8, '3', '2024-12-26 12:00:00'),
(9845, 16, 61, 8, '0', '2024-01-09 10:00:00'),
(9846, 174, 59, 8, '3', '2024-04-19 12:00:00'),
(9847, 179, 46, 8, '0', '2025-02-14 12:00:00'),
(9848, 358, 44, 8, '2', '2023-04-05 09:00:00'),
(9849, 377, 57, 8, '0', '2024-02-04 14:00:00'),
(9850, 377, 17, 8, '2', '2023-09-27 14:00:00'),
(9851, 431, 48, 8, '2', '2023-11-09 09:00:00'),
(9852, 114, 50, 8, '1', '2024-07-07 11:00:00'),
(9853, 359, 7, 8, '2', '2024-06-16 09:00:00'),
(9854, 359, 61, 8, '1', '2024-01-23 14:00:00'),
(9855, 281, 42, 8, '1', '2023-07-28 15:00:00'),
(9856, 43, 41, 8, '3', '2024-02-13 13:00:00'),
(9857, 522, 8, 8, '2', '2024-12-06 15:00:00'),
(9858, 446, 56, 8, '2', '2024-09-05 16:00:00'),
(9859, 466, 15, 8, '0', '2023-07-11 11:00:00'),
(9860, 358, 44, 8, '3', '2023-11-13 14:00:00'),
(9861, 427, 9, 8, '2', '2024-02-27 15:00:00'),
(9862, 31, 61, 8, '0', '2023-10-26 12:00:00'),
(9863, 522, 9, 8, '1', '2024-04-09 12:00:00'),
(9864, 465, 41, 8, '3', '2024-08-14 15:00:00'),
(9865, 140, 60, 8, '1', '2024-04-10 11:00:00'),
(9866, 240, 61, 8, '2', '2024-01-01 12:00:00'),
(9867, 427, 59, 8, '3', '2023-08-23 11:00:00'),
(9868, 48, 41, 8, '2', '2023-09-12 15:00:00'),
(9869, 181, 9, 8, '2', '2024-10-29 13:00:00'),
(9870, 358, 43, 8, '0', '2023-08-04 09:00:00'),
(9871, 147, 62, 8, '1', '2023-06-12 08:00:00'),
(9872, 181, 43, 8, '3', '2023-09-18 08:00:00'),
(9873, 300, 59, 8, '0', '2024-12-22 15:00:00'),
(9874, 281, 40, 8, '0', '2024-02-04 16:00:00'),
(9875, 70, 13, 8, '1', '2024-08-06 17:00:00'),
(9876, 281, 17, 8, '3', '2023-11-25 13:00:00'),
(9877, 235, 13, 8, '2', '2023-12-06 15:00:00'),
(9878, 466, 61, 8, '1', '2023-12-14 09:00:00'),
(9879, 388, 46, 8, '1', '2024-12-16 15:00:00'),
(9880, 358, 9, 8, '2', '2025-01-14 14:00:00'),
(9881, 466, 15, 8, '0', '2023-11-22 13:00:00'),
(9882, 416, 59, 8, '2', '2023-09-10 13:00:00'),
(9883, 181, 8, 8, '3', '2023-04-12 16:00:00'),
(9884, 466, 51, 8, '2', '2024-12-22 10:00:00'),
(9885, 466, 57, 8, '3', '2023-04-04 16:00:00'),
(9886, 358, 56, 8, '1', '2023-09-23 15:00:00'),
(9887, 31, 8, 8, '2', '2024-07-09 13:00:00'),
(9888, 281, 40, 8, '0', '2024-05-14 09:00:00'),
(9889, 431, 8, 8, '2', '2024-12-11 08:00:00'),
(9890, 51, 51, 8, '1', '2023-09-01 08:00:00'),
(9891, 377, 15, 8, '3', '2024-03-29 12:00:00'),
(9892, 358, 46, 8, '1', '2024-05-18 17:00:00'),
(9893, 48, 56, 8, '3', '2024-05-20 15:00:00'),
(9894, 16, 57, 8, '1', '2024-07-01 09:00:00'),
(9895, 331, 17, 8, '1', '2024-08-22 15:00:00'),
(9896, 431, 13, 8, '2', '2025-01-27 10:00:00'),
(9897, 240, 59, 8, '0', '2025-03-07 16:00:00'),
(9898, 388, 56, 8, '1', '2025-01-03 16:00:00'),
(9899, 16, 16, 8, '0', '2024-10-19 16:00:00'),
(9900, 465, 60, 8, '0', '2023-09-11 11:00:00'),
(9901, 429, 59, 8, '0', '2023-12-19 12:00:00'),
(9902, 140, 46, 8, '1', '2023-11-17 12:00:00'),
(9903, 51, 7, 8, '3', '2024-06-01 13:00:00'),
(9904, 235, 16, 8, '2', '2024-10-28 13:00:00'),
(9905, 235, 47, 8, '0', '2024-02-18 08:00:00'),
(9906, 466, 56, 8, '2', '2025-01-09 08:00:00'),
(9907, 177, 57, 8, '2', '2024-12-07 15:00:00'),
(9908, 446, 8, 8, '1', '2023-04-16 17:00:00'),
(9909, 468, 62, 8, '3', '2024-05-12 15:00:00'),
(9910, 331, 58, 8, '1', '2023-08-01 11:00:00'),
(9911, 240, 48, 8, '3', '2024-12-11 14:00:00'),
(9912, 299, 15, 8, '3', '2023-12-06 15:00:00'),
(9913, 174, 57, 8, '0', '2024-03-26 17:00:00'),
(9914, 427, 61, 8, '2', '2023-12-06 15:00:00'),
(9915, 466, 46, 8, '2', '2024-11-04 10:00:00'),
(9916, 177, 44, 8, '1', '2024-05-13 14:00:00'),
(9917, 179, 58, 8, '1', '2023-11-19 14:00:00'),
(9918, 177, 40, 8, '0', '2023-08-28 13:00:00'),
(9919, 446, 59, 8, '1', '2023-04-17 14:00:00'),
(9920, 431, 8, 8, '3', '2025-01-29 09:00:00'),
(9921, 193, 61, 8, '1', '2024-11-14 09:00:00'),
(9922, 140, 46, 8, '1', '2023-10-10 13:00:00'),
(9923, 43, 59, 8, '2', '2023-04-26 09:00:00'),
(9924, 466, 42, 8, '3', '2024-08-30 09:00:00'),
(9925, 189, 62, 8, '3', '2023-09-25 13:00:00'),
(9926, 181, 46, 8, '3', '2023-07-08 13:00:00'),
(9927, 359, 59, 8, '0', '2024-01-01 11:00:00'),
(9928, 48, 60, 8, '2', '2024-05-10 17:00:00'),
(9929, 359, 46, 8, '1', '2023-12-28 10:00:00'),
(9930, 431, 43, 8, '1', '2024-08-10 16:00:00'),
(9931, 207, 62, 8, '1', '2023-10-11 16:00:00'),
(9932, 416, 42, 8, '3', '2024-05-15 16:00:00'),
(9933, 388, 57, 8, '3', '2023-06-26 14:00:00'),
(9934, 31, 46, 8, '2', '2023-09-18 15:00:00'),
(9935, 299, 40, 8, '0', '2024-02-20 14:00:00'),
(9936, 174, 47, 8, '1', '2023-10-20 12:00:00'),
(9937, 358, 56, 8, '0', '2024-01-04 11:00:00'),
(9938, 427, 47, 8, '2', '2024-08-18 12:00:00'),
(9939, 331, 44, 8, '2', '2024-07-18 12:00:00'),
(9940, 31, 56, 8, '3', '2023-08-12 09:00:00'),
(9941, 446, 43, 8, '3', '2024-01-29 12:00:00'),
(9942, 48, 44, 8, '0', '2024-06-07 15:00:00'),
(9943, 299, 57, 8, '3', '2023-06-08 16:00:00'),
(9944, 235, 7, 8, '0', '2025-03-07 16:00:00'),
(9945, 89, 13, 8, '3', '2024-11-14 14:00:00'),
(9946, 179, 57, 8, '3', '2024-07-05 10:00:00'),
(9947, 193, 41, 8, '2', '2025-01-30 12:00:00'),
(9948, 48, 8, 8, '0', '2024-04-16 12:00:00'),
(9949, 48, 57, 8, '1', '2023-11-05 13:00:00'),
(9950, 429, 51, 8, '3', '2023-10-25 10:00:00'),
(9951, 48, 61, 8, '1', '2023-11-20 14:00:00'),
(9952, 496, 43, 8, '2', '2024-01-02 12:00:00'),
(9953, 281, 13, 8, '3', '2023-08-27 16:00:00'),
(9954, 136, 17, 8, '2', '2023-05-01 11:00:00'),
(9955, 193, 43, 8, '2', '2025-01-11 14:00:00'),
(9956, 431, 7, 8, '0', '2024-11-28 08:00:00'),
(9957, 431, 60, 8, '3', '2024-04-25 11:00:00'),
(9958, 359, 61, 8, '2', '2023-06-14 16:00:00'),
(9959, 358, 40, 8, '0', '2023-12-12 13:00:00'),
(9960, 43, 43, 8, '3', '2024-01-31 11:00:00'),
(9961, 240, 8, 8, '0', '2023-10-28 08:00:00'),
(9962, 193, 41, 8, '2', '2024-09-04 10:00:00'),
(9963, 377, 16, 8, '2', '2024-10-11 15:00:00'),
(9964, 479, 43, 8, '2', '2024-08-27 17:00:00'),
(9965, 161, 43, 8, '1', '2024-06-30 09:00:00'),
(9966, 43, 59, 8, '1', '2024-01-25 16:00:00'),
(9967, 51, 43, 8, '1', '2023-08-17 10:00:00'),
(9968, 191, 51, 8, '0', '2024-01-12 10:00:00'),
(9969, 179, 13, 8, '1', '2023-08-20 10:00:00'),
(9970, 48, 42, 8, '0', '2023-08-28 15:00:00'),
(9971, 466, 44, 8, '3', '2024-10-08 08:00:00'),
(9972, 406, 58, 8, '0', '2023-10-08 11:00:00'),
(9973, 70, 15, 8, '0', '2023-12-25 09:00:00'),
(9974, 43, 42, 8, '1', '2023-10-29 11:00:00'),
(9975, 281, 16, 8, '2', '2024-06-12 10:00:00'),
(9976, 140, 9, 8, '0', '2023-07-30 09:00:00'),
(9977, 136, 16, 8, '1', '2023-12-17 11:00:00'),
(9978, 48, 46, 8, '1', '2024-10-12 10:00:00'),
(9979, 465, 8, 8, '1', '2024-08-09 14:00:00'),
(9980, 193, 41, 8, '3', '2023-05-14 12:00:00'),
(9981, 16, 59, 8, '2', '2024-09-09 09:00:00'),
(9982, 31, 43, 8, '0', '2023-07-20 10:00:00'),
(9983, 48, 56, 8, '0', '2023-08-26 16:00:00'),
(9984, 466, 60, 8, '3', '2025-01-06 08:00:00'),
(9985, 331, 56, 8, '1', '2023-08-03 14:00:00'),
(9986, 48, 61, 8, '3', '2024-08-27 13:00:00'),
(9987, 281, 44, 8, '1', '2023-08-12 10:00:00'),
(9988, 140, 51, 8, '3', '2023-08-31 16:00:00'),
(9989, 136, 57, 8, '0', '2024-07-24 16:00:00'),
(9990, 43, 46, 8, '3', '2024-10-12 11:00:00'),
(9991, 300, 59, 8, '0', '2024-03-24 17:00:00'),
(9992, 522, 15, 8, '0', '2024-03-17 09:00:00'),
(9993, 240, 17, 8, '3', '2024-11-23 13:00:00'),
(9994, 281, 47, 8, '2', '2023-05-23 09:00:00'),
(9995, 136, 46, 8, '1', '2024-07-13 16:00:00'),
(9996, 235, 48, 8, '0', '2023-10-05 11:00:00'),
(9997, 377, 40, 8, '2', '2023-05-28 12:00:00'),
(9998, 16, 43, 8, '1', '2023-06-06 09:00:00'),
(9999, 174, 60, 8, '0', '2024-11-03 14:00:00'),
(10000, 138, 43, 8, '0', '2025-01-26 14:00:00'),
(10001, 177, 8, 8, '2', '2023-04-18 16:00:00'),
(10002, 359, 61, 8, '1', '2023-11-08 10:00:00'),
(10003, 51, 51, 8, '2', '2024-05-31 11:00:00'),
(10004, 240, 43, 8, '2', '2023-04-15 10:00:00'),
(10005, 140, 17, 8, '1', '2024-04-06 12:00:00'),
(10006, 181, 47, 8, '3', '2024-07-02 13:00:00'),
(10007, 70, 56, 8, '1', '2024-06-21 13:00:00'),
(10008, 329, 58, 8, '2', '2024-06-05 14:00:00'),
(10009, 523, 57, 8, '1', '2023-09-03 11:00:00'),
(10010, 235, 46, 8, '3', '2024-09-26 13:00:00'),
(10011, 16, 16, 8, '0', '2024-06-27 16:00:00'),
(10012, 300, 43, 8, '3', '2024-11-06 11:00:00'),
(10013, 377, 9, 8, '0', '2023-04-17 11:00:00'),
(10014, 235, 43, 8, '3', '2024-11-26 13:00:00'),
(10015, 429, 16, 8, '1', '2024-07-24 09:00:00'),
(10016, 43, 48, 8, '1', '2024-10-03 11:00:00'),
(10017, 523, 48, 8, '0', '2023-07-27 09:00:00'),
(10018, 388, 8, 8, '0', '2023-08-17 11:00:00'),
(10019, 179, 46, 8, '0', '2023-07-05 12:00:00'),
(10020, 181, 48, 8, '0', '2023-09-06 11:00:00'),
(10021, 523, 60, 8, '2', '2023-05-28 08:00:00'),
(10022, 235, 43, 8, '1', '2024-04-22 16:00:00'),
(10023, 31, 46, 8, '2', '2023-05-08 16:00:00'),
(10024, 429, 46, 8, '3', '2024-04-07 10:00:00'),
(10025, 89, 42, 8, '2', '2025-02-19 10:00:00'),
(10026, 281, 59, 8, '1', '2023-11-24 17:00:00'),
(10027, 358, 56, 8, '3', '2024-10-30 09:00:00'),
(10028, 431, 59, 8, '1', '2024-02-06 12:00:00'),
(10029, 495, 62, 8, '2', '2023-05-05 17:00:00'),
(10030, 299, 61, 8, '1', '2023-10-26 17:00:00'),
(10031, 174, 42, 8, '2', '2023-06-26 08:00:00'),
(10032, 429, 15, 8, '0', '2023-04-15 09:00:00'),
(10033, 346, 62, 8, '0', '2023-12-27 08:00:00'),
(10034, 523, 42, 8, '0', '2023-09-02 15:00:00'),
(10035, 43, 44, 8, '0', '2023-09-05 14:00:00'),
(10036, 191, 13, 8, '3', '2024-12-29 14:00:00'),
(10037, 281, 51, 8, '2', '2023-08-16 15:00:00'),
(10038, 193, 9, 8, '0', '2024-03-29 13:00:00'),
(10039, 136, 57, 8, '1', '2023-09-17 15:00:00'),
(10040, 290, 56, 8, '1', '2023-05-31 12:00:00'),
(10041, 300, 17, 8, '2', '2023-05-07 17:00:00'),
(10042, 359, 56, 8, '3', '2024-03-10 10:00:00'),
(10043, 240, 9, 8, '3', '2023-12-26 12:00:00'),
(10044, 240, 51, 8, '1', '2024-03-07 09:00:00'),
(10045, 16, 60, 8, '0', '2025-01-21 11:00:00'),
(10046, 446, 60, 8, '0', '2024-02-23 14:00:00'),
(10047, 522, 8, 8, '0', '2023-08-26 15:00:00'),
(10048, 174, 17, 8, '0', '2023-04-15 08:00:00'),
(10049, 446, 8, 8, '2', '2024-11-02 12:00:00'),
(10050, 51, 61, 8, '3', '2025-02-19 12:00:00'),
(10051, 331, 41, 8, '3', '2024-07-11 09:00:00'),
(10052, 70, 44, 8, '0', '2023-12-25 11:00:00'),
(10053, 191, 61, 8, '2', '2023-07-04 10:00:00'),
(10054, 466, 46, 8, '1', '2024-10-03 16:00:00'),
(10055, 290, 57, 8, '3', '2024-09-16 13:00:00'),
(10056, 427, 57, 8, '3', '2024-08-20 14:00:00'),
(10057, 416, 43, 8, '3', '2024-10-10 08:00:00'),
(10058, 388, 56, 8, '0', '2024-12-01 08:00:00'),
(10059, 416, 42, 8, '0', '2024-09-15 10:00:00'),
(10060, 240, 57, 8, '3', '2024-04-23 15:00:00'),
(10061, 177, 43, 8, '2', '2023-11-21 13:00:00'),
(10062, 281, 9, 8, '3', '2024-12-16 10:00:00'),
(10063, 140, 8, 8, '3', '2024-05-18 08:00:00'),
(10064, 290, 43, 8, '2', '2023-04-22 15:00:00'),
(10065, 43, 7, 8, '1', '2024-12-07 09:00:00'),
(10066, 31, 51, 8, '2', '2024-10-28 10:00:00'),
(10067, 465, 43, 8, '0', '2024-11-19 09:00:00'),
(10068, 508, 62, 8, '2', '2023-06-14 10:00:00'),
(10069, 181, 42, 8, '2', '2024-04-27 12:00:00'),
(10070, 300, 43, 8, '3', '2023-09-20 13:00:00'),
(10071, 240, 40, 8, '0', '2023-04-06 09:00:00'),
(10072, 522, 51, 8, '1', '2024-04-13 11:00:00'),
(10073, 377, 44, 8, '1', '2024-03-14 14:00:00'),
(10074, 70, 46, 8, '0', '2023-04-28 16:00:00'),
(10075, 179, 7, 8, '2', '2023-10-17 11:00:00'),
(10076, 522, 41, 8, '3', '2023-05-13 12:00:00'),
(10077, 331, 15, 8, '0', '2023-08-21 16:00:00'),
(10078, 235, 46, 8, '3', '2025-02-23 08:00:00'),
(10079, 70, 46, 8, '1', '2023-04-20 13:00:00'),
(10080, 358, 58, 8, '2', '2023-07-05 13:00:00'),
(10081, 70, 40, 8, '3', '2024-05-03 16:00:00'),
(10082, 191, 41, 8, '2', '2024-09-12 09:00:00'),
(10083, 235, 56, 8, '0', '2024-04-17 11:00:00'),
(10084, 70, 40, 8, '3', '2024-02-22 09:00:00'),
(10085, 136, 51, 8, '0', '2024-02-14 15:00:00'),
(10086, 522, 46, 8, '2', '2023-09-14 12:00:00'),
(10087, 136, 44, 8, '2', '2024-07-19 15:00:00'),
(10088, 358, 46, 8, '0', '2024-12-31 16:00:00'),
(10089, 43, 9, 8, '0', '2023-11-05 17:00:00'),
(10090, 16, 46, 8, '0', '2024-09-14 16:00:00'),
(10091, 299, 46, 8, '2', '2024-01-19 16:00:00'),
(10092, 290, 17, 8, '3', '2024-03-06 10:00:00'),
(10093, 193, 56, 8, '1', '2023-09-30 16:00:00'),
(10094, 466, 41, 8, '2', '2024-10-14 11:00:00'),
(10095, 429, 61, 8, '3', '2024-11-16 13:00:00'),
(10096, 429, 40, 8, '1', '2024-02-28 09:00:00'),
(10097, 300, 41, 8, '3', '2024-05-19 08:00:00'),
(10098, 193, 61, 8, '3', '2024-02-03 14:00:00'),
(10099, 300, 51, 8, '2', '2024-07-04 10:00:00'),
(10100, 465, 43, 8, '0', '2024-02-07 13:00:00'),
(10101, 431, 40, 8, '0', '2023-05-20 14:00:00'),
(10102, 281, 7, 8, '1', '2023-12-02 10:00:00'),
(10103, 331, 60, 8, '3', '2023-07-25 10:00:00'),
(10104, 181, 46, 8, '2', '2024-10-14 14:00:00'),
(10105, 240, 56, 8, '2', '2024-11-21 16:00:00'),
(10106, 16, 57, 8, '3', '2024-02-02 08:00:00'),
(10107, 240, 7, 8, '2', '2024-06-27 11:00:00'),
(10108, 48, 46, 8, '0', '2023-04-23 16:00:00'),
(10109, 179, 43, 8, '2', '2023-06-27 14:00:00'),
(10110, 161, 43, 8, '1', '2025-03-09 12:00:00'),
(10111, 377, 46, 8, '2', '2023-11-06 09:00:00'),
(10112, 416, 46, 8, '2', '2025-01-09 14:00:00'),
(10113, 446, 60, 8, '2', '2023-07-30 16:00:00'),
(10114, 70, 13, 8, '0', '2023-07-21 10:00:00'),
(10115, 51, 51, 8, '0', '2025-03-10 15:00:00'),
(10116, 281, 15, 8, '0', '2024-08-20 10:00:00'),
(10117, 358, 47, 8, '0', '2024-06-15 14:00:00'),
(10118, 48, 15, 8, '3', '2023-09-10 08:00:00'),
(10119, 48, 44, 8, '1', '2024-02-17 11:00:00'),
(10120, 446, 42, 8, '3', '2024-11-19 13:00:00'),
(10121, 16, 51, 8, '0', '2025-02-10 09:00:00'),
(10122, 299, 57, 8, '0', '2023-05-06 15:00:00'),
(10123, 43, 56, 8, '1', '2024-04-05 11:00:00'),
(10124, 359, 57, 8, '3', '2024-11-30 12:00:00'),
(10125, 161, 50, 8, '2', '2023-07-07 16:00:00'),
(10126, 281, 61, 8, '2', '2023-07-07 13:00:00'),
(10127, 446, 9, 8, '2', '2025-02-04 11:00:00'),
(10128, 299, 47, 8, '2', '2024-09-09 09:00:00'),
(10129, 177, 43, 8, '2', '2024-08-24 11:00:00'),
(10130, 181, 61, 8, '3', '2024-06-23 13:00:00'),
(10131, 136, 43, 8, '0', '2024-11-25 11:00:00'),
(10132, 427, 56, 8, '0', '2024-08-13 10:00:00'),
(10133, 331, 7, 8, '1', '2024-12-06 09:00:00'),
(10134, 416, 7, 8, '3', '2023-11-04 09:00:00'),
(10135, 281, 40, 8, '3', '2023-12-17 10:00:00'),
(10136, 427, 60, 8, '2', '2023-08-08 15:00:00'),
(10137, 240, 56, 8, '3', '2024-03-30 10:00:00'),
(10138, 16, 41, 8, '2', '2025-01-09 14:00:00'),
(10139, 191, 46, 8, '2', '2023-06-03 16:00:00'),
(10140, 281, 57, 8, '1', '2023-09-17 15:00:00'),
(10141, 354, 58, 8, '0', '2024-12-19 15:00:00'),
(10142, 95, 62, 8, '2', '2023-09-10 12:00:00'),
(10143, 465, 51, 8, '1', '2023-08-22 09:00:00'),
(10144, 281, 9, 8, '1', '2023-11-23 17:00:00'),
(10145, 416, 58, 8, '0', '2024-08-04 11:00:00'),
(10146, 174, 9, 8, '3', '2024-09-24 12:00:00'),
(10147, 466, 57, 8, '0', '2024-05-04 09:00:00');
INSERT INTO `ETU_competence_evaluation` (`id_competence_evaluation`, `id_etudiant`, `id_apprentissage_critique`, `id_evaluation_type`, `evaluation`, `date`) VALUES
(10148, 429, 44, 8, '2', '2023-12-07 14:00:00'),
(10149, 290, 57, 8, '1', '2025-01-11 11:00:00'),
(10150, 179, 9, 8, '1', '2024-04-29 15:00:00'),
(10151, 427, 51, 8, '3', '2025-03-11 12:00:00'),
(10152, 465, 46, 8, '0', '2023-12-09 13:00:00'),
(10153, 16, 57, 8, '2', '2023-11-08 08:00:00'),
(10154, 174, 44, 8, '2', '2023-06-09 13:00:00'),
(10155, 281, 46, 8, '3', '2024-10-16 14:00:00'),
(10156, 235, 60, 8, '1', '2023-09-23 12:00:00'),
(10157, 431, 57, 8, '3', '2024-10-03 11:00:00'),
(10158, 331, 56, 8, '1', '2024-02-03 12:00:00'),
(10159, 177, 44, 8, '0', '2024-06-11 17:00:00'),
(10160, 140, 15, 8, '2', '2024-07-30 13:00:00'),
(10161, 31, 48, 8, '1', '2023-08-24 11:00:00'),
(10162, 477, 50, 8, '2', '2024-12-29 12:00:00'),
(10163, 431, 57, 8, '3', '2024-12-22 09:00:00'),
(10164, 331, 7, 8, '0', '2024-10-22 12:00:00'),
(10165, 174, 46, 8, '3', '2024-03-08 10:00:00'),
(10166, 31, 59, 8, '1', '2023-04-23 10:00:00'),
(10167, 48, 48, 8, '1', '2023-03-16 16:00:00'),
(10168, 522, 56, 8, '0', '2023-12-02 14:00:00'),
(10169, 70, 60, 8, '0', '2023-03-30 10:00:00'),
(10170, 174, 41, 8, '2', '2023-03-23 09:00:00'),
(10171, 522, 42, 8, '1', '2023-06-12 16:00:00'),
(10172, 181, 7, 8, '0', '2025-01-12 12:00:00'),
(10173, 522, 47, 8, '0', '2023-12-23 11:00:00'),
(10174, 331, 47, 8, '2', '2023-03-27 11:00:00'),
(10175, 427, 57, 8, '3', '2024-04-01 10:00:00'),
(10176, 388, 41, 8, '2', '2025-01-21 13:00:00'),
(10177, 290, 59, 8, '3', '2024-11-27 11:00:00'),
(10178, 466, 60, 8, '1', '2024-07-03 11:00:00'),
(10179, 181, 15, 8, '3', '2024-09-24 16:00:00'),
(10180, 388, 42, 8, '3', '2024-04-22 08:00:00'),
(10181, 377, 40, 8, '3', '2025-01-17 15:00:00'),
(10182, 240, 58, 8, '1', '2024-10-17 08:00:00'),
(10183, 48, 16, 8, '1', '2024-11-02 16:00:00'),
(10184, 179, 15, 8, '2', '2024-01-21 16:00:00'),
(10185, 177, 56, 8, '2', '2024-07-19 11:00:00'),
(10186, 522, 43, 8, '2', '2023-10-13 11:00:00'),
(10187, 179, 40, 8, '3', '2023-12-18 16:00:00'),
(10188, 177, 57, 8, '2', '2023-10-07 12:00:00'),
(10189, 290, 15, 8, '0', '2024-04-15 14:00:00'),
(10190, 127, 50, 8, '3', '2024-12-18 10:00:00'),
(10191, 181, 43, 8, '0', '2024-03-06 12:00:00'),
(10192, 522, 57, 8, '3', '2024-10-22 15:00:00'),
(10193, 31, 44, 8, '2', '2024-11-29 09:00:00'),
(10194, 446, 59, 8, '3', '2025-03-01 11:00:00'),
(10195, 431, 51, 8, '2', '2023-04-09 16:00:00'),
(10196, 31, 61, 8, '0', '2023-09-08 11:00:00'),
(10197, 43, 48, 8, '3', '2024-08-24 15:00:00'),
(10198, 174, 43, 8, '3', '2025-03-09 12:00:00'),
(10199, 523, 57, 8, '3', '2024-09-03 14:00:00'),
(10200, 300, 47, 8, '0', '2024-11-24 08:00:00'),
(10201, 496, 43, 8, '3', '2024-02-28 17:00:00'),
(10202, 31, 42, 8, '1', '2024-04-30 15:00:00'),
(10203, 89, 41, 8, '3', '2024-05-26 14:00:00'),
(10204, 290, 42, 8, '3', '2024-12-21 09:00:00'),
(10205, 300, 43, 8, '2', '2024-04-28 11:00:00'),
(10206, 523, 57, 8, '0', '2024-08-13 13:00:00'),
(10207, 388, 13, 8, '0', '2024-05-24 16:00:00'),
(10208, 300, 41, 8, '3', '2024-09-21 16:00:00'),
(10209, 138, 50, 8, '1', '2023-04-25 10:00:00'),
(10210, 51, 46, 8, '0', '2023-11-16 12:00:00'),
(10211, 427, 41, 8, '3', '2023-12-29 11:00:00'),
(10212, 43, 57, 8, '3', '2024-11-15 13:00:00'),
(10213, 89, 8, 8, '0', '2023-12-13 12:00:00'),
(10214, 416, 56, 8, '0', '2024-12-15 15:00:00'),
(10215, 207, 62, 8, '1', '2023-04-02 14:00:00'),
(10216, 70, 16, 8, '3', '2024-12-16 09:00:00'),
(10217, 523, 60, 8, '3', '2024-03-28 17:00:00'),
(10218, 70, 15, 8, '2', '2023-05-29 14:00:00'),
(10219, 429, 56, 8, '2', '2023-10-07 09:00:00'),
(10220, 48, 40, 8, '2', '2023-06-24 11:00:00'),
(10221, 89, 61, 8, '2', '2024-06-12 12:00:00'),
(10222, 89, 48, 8, '2', '2023-06-07 13:00:00'),
(10223, 300, 8, 8, '0', '2024-01-19 14:00:00'),
(10224, 191, 40, 8, '1', '2023-08-20 09:00:00'),
(10225, 300, 7, 8, '2', '2024-07-19 09:00:00'),
(10226, 300, 40, 8, '3', '2024-12-27 11:00:00'),
(10227, 446, 57, 8, '1', '2024-12-31 16:00:00'),
(10228, 522, 46, 8, '3', '2023-10-04 12:00:00'),
(10229, 466, 56, 8, '1', '2023-04-05 12:00:00'),
(10230, 429, 43, 8, '0', '2024-12-27 16:00:00'),
(10231, 240, 44, 8, '0', '2024-07-16 10:00:00'),
(10232, 193, 15, 8, '0', '2024-11-13 12:00:00'),
(10233, 177, 47, 8, '1', '2023-06-24 15:00:00'),
(10234, 290, 57, 8, '0', '2025-02-15 11:00:00'),
(10235, 290, 17, 8, '0', '2024-01-14 15:00:00'),
(10236, 240, 41, 8, '0', '2023-04-23 16:00:00'),
(10237, 429, 59, 8, '2', '2023-11-14 14:00:00'),
(10238, 281, 13, 8, '3', '2024-09-12 11:00:00'),
(10239, 299, 13, 8, '3', '2023-04-02 16:00:00'),
(10240, 177, 8, 8, '1', '2023-09-17 15:00:00'),
(10241, 358, 51, 8, '0', '2023-11-10 16:00:00'),
(10242, 446, 51, 8, '2', '2023-08-23 11:00:00'),
(10243, 140, 7, 8, '3', '2024-03-06 10:00:00'),
(10244, 290, 40, 8, '0', '2023-10-22 09:00:00'),
(10245, 89, 56, 8, '0', '2023-04-01 10:00:00'),
(10246, 235, 57, 8, '0', '2023-09-17 12:00:00'),
(10247, 240, 46, 8, '1', '2023-08-21 08:00:00'),
(10248, 89, 15, 8, '1', '2024-01-08 09:00:00'),
(10249, 191, 48, 8, '1', '2025-01-08 08:00:00'),
(10250, 240, 60, 8, '1', '2024-02-12 14:00:00'),
(10251, 193, 8, 8, '3', '2024-09-20 10:00:00'),
(10252, 31, 43, 8, '3', '2023-05-31 16:00:00'),
(10253, 359, 60, 8, '2', '2023-07-01 16:00:00'),
(10254, 51, 17, 8, '0', '2024-06-12 14:00:00'),
(10255, 193, 51, 8, '2', '2023-06-18 11:00:00'),
(10256, 51, 43, 8, '3', '2024-12-10 10:00:00'),
(10257, 359, 46, 8, '3', '2024-10-24 15:00:00'),
(10258, 31, 41, 8, '1', '2025-01-21 13:00:00'),
(10259, 181, 60, 8, '1', '2024-02-03 11:00:00'),
(10260, 193, 46, 8, '3', '2024-12-24 11:00:00'),
(10261, 431, 57, 8, '1', '2025-02-22 10:00:00'),
(10262, 466, 60, 8, '0', '2024-05-06 09:00:00'),
(10263, 359, 43, 8, '0', '2023-09-28 14:00:00'),
(10264, 181, 43, 8, '2', '2024-05-02 10:00:00'),
(10265, 331, 13, 8, '0', '2024-02-18 11:00:00'),
(10266, 358, 51, 8, '2', '2023-04-03 11:00:00'),
(10267, 70, 57, 8, '3', '2023-07-15 11:00:00'),
(10268, 193, 44, 8, '2', '2023-03-15 10:00:00'),
(10269, 235, 47, 8, '2', '2023-07-06 09:00:00'),
(10270, 51, 58, 8, '2', '2024-11-29 15:00:00'),
(10271, 358, 42, 8, '1', '2025-03-01 09:00:00'),
(10272, 161, 50, 8, '2', '2024-03-05 11:00:00'),
(10273, 290, 41, 8, '3', '2024-02-04 10:00:00'),
(10274, 51, 57, 8, '0', '2024-04-28 09:00:00'),
(10275, 331, 57, 8, '1', '2023-07-15 10:00:00'),
(10276, 416, 51, 8, '3', '2024-07-13 08:00:00'),
(10277, 51, 56, 8, '1', '2024-09-08 12:00:00'),
(10278, 240, 8, 8, '3', '2023-11-09 10:00:00'),
(10279, 331, 40, 8, '1', '2024-04-28 09:00:00'),
(10280, 89, 9, 8, '3', '2024-01-25 08:00:00'),
(10281, 16, 47, 8, '3', '2024-02-04 16:00:00'),
(10282, 153, 50, 8, '2', '2023-12-02 12:00:00'),
(10283, 70, 42, 8, '2', '2024-02-28 11:00:00'),
(10284, 70, 57, 8, '0', '2025-01-01 13:00:00'),
(10285, 477, 50, 8, '1', '2023-04-15 10:00:00'),
(10286, 43, 40, 8, '0', '2023-05-14 14:00:00'),
(10287, 16, 56, 8, '2', '2023-12-19 13:00:00'),
(10288, 51, 56, 8, '1', '2023-08-05 10:00:00'),
(10289, 70, 59, 8, '2', '2023-06-09 15:00:00'),
(10290, 446, 51, 8, '0', '2024-09-04 16:00:00'),
(10291, 193, 16, 8, '3', '2024-08-08 14:00:00'),
(10292, 181, 41, 8, '3', '2024-10-15 16:00:00'),
(10293, 177, 51, 8, '1', '2023-03-19 16:00:00'),
(10294, 281, 61, 8, '2', '2024-03-13 16:00:00'),
(10295, 359, 16, 8, '1', '2024-11-16 14:00:00'),
(10296, 31, 44, 8, '3', '2024-04-15 12:00:00'),
(10297, 140, 17, 8, '1', '2024-10-02 10:00:00'),
(10298, 522, 41, 8, '1', '2023-07-19 09:00:00'),
(10299, 179, 57, 8, '2', '2023-11-06 12:00:00'),
(10300, 177, 59, 8, '1', '2023-06-04 16:00:00'),
(10301, 191, 51, 8, '1', '2024-01-14 08:00:00'),
(10302, 359, 41, 8, '3', '2023-06-28 16:00:00'),
(10303, 429, 60, 8, '0', '2024-04-24 10:00:00'),
(10304, 522, 43, 8, '0', '2024-04-07 14:00:00'),
(10305, 416, 16, 8, '1', '2025-02-17 10:00:00'),
(10306, 446, 47, 8, '3', '2023-05-08 12:00:00'),
(10307, 431, 9, 8, '2', '2023-12-12 10:00:00'),
(10308, 429, 15, 8, '1', '2023-10-11 12:00:00'),
(10309, 359, 15, 8, '2', '2023-09-05 15:00:00'),
(10310, 48, 16, 8, '1', '2024-07-15 09:00:00'),
(10311, 465, 15, 8, '0', '2025-02-18 08:00:00'),
(10312, 359, 59, 8, '1', '2023-09-29 13:00:00'),
(10313, 193, 42, 8, '3', '2024-10-25 12:00:00'),
(10314, 429, 40, 8, '3', '2023-07-20 13:00:00'),
(10315, 191, 7, 8, '3', '2024-07-18 16:00:00'),
(10316, 239, 62, 8, '1', '2023-08-14 15:00:00'),
(10317, 523, 13, 8, '0', '2024-10-10 10:00:00'),
(10318, 429, 47, 8, '0', '2025-02-14 08:00:00'),
(10319, 140, 9, 8, '0', '2024-12-16 08:00:00'),
(10320, 466, 57, 8, '3', '2024-01-22 09:00:00'),
(10321, 331, 48, 8, '2', '2024-07-15 09:00:00'),
(10322, 359, 9, 8, '1', '2024-11-04 12:00:00'),
(10323, 51, 43, 8, '3', '2025-01-23 12:00:00'),
(10324, 331, 41, 8, '2', '2025-02-23 15:00:00'),
(10325, 179, 42, 8, '0', '2024-09-26 12:00:00'),
(10326, 136, 57, 8, '1', '2024-12-21 16:00:00'),
(10327, 48, 58, 8, '1', '2024-05-28 11:00:00'),
(10328, 299, 51, 8, '1', '2023-04-28 15:00:00'),
(10329, 465, 15, 8, '3', '2024-05-20 11:00:00'),
(10330, 177, 58, 8, '2', '2023-11-30 12:00:00'),
(10331, 446, 56, 8, '1', '2024-08-28 13:00:00'),
(10332, 416, 43, 8, '2', '2023-05-14 12:00:00'),
(10333, 140, 57, 8, '0', '2024-08-11 16:00:00'),
(10334, 193, 17, 8, '3', '2023-06-25 13:00:00'),
(10335, 240, 56, 8, '1', '2024-04-30 14:00:00'),
(10336, 174, 8, 8, '1', '2025-01-23 09:00:00'),
(10337, 290, 44, 8, '0', '2024-08-04 08:00:00'),
(10338, 446, 48, 8, '2', '2024-02-22 12:00:00'),
(10339, 523, 8, 8, '0', '2023-05-03 15:00:00'),
(10340, 446, 44, 8, '0', '2024-09-11 09:00:00'),
(10341, 300, 56, 8, '3', '2025-03-06 16:00:00'),
(10342, 16, 48, 8, '0', '2023-05-17 10:00:00'),
(10343, 377, 41, 8, '0', '2023-11-20 11:00:00'),
(10344, 51, 15, 8, '0', '2024-07-14 10:00:00'),
(10345, 358, 13, 8, '3', '2024-07-09 08:00:00'),
(10346, 466, 56, 8, '0', '2024-06-24 12:00:00'),
(10347, 429, 60, 8, '2', '2025-03-01 14:00:00'),
(10348, 48, 61, 8, '0', '2025-01-03 15:00:00'),
(10349, 226, 62, 8, '0', '2024-05-22 16:00:00'),
(10350, 16, 42, 8, '1', '2024-03-08 14:00:00'),
(10351, 465, 42, 8, '1', '2024-10-05 15:00:00'),
(10352, 446, 42, 8, '1', '2023-05-09 14:00:00'),
(10353, 51, 57, 8, '0', '2023-05-03 15:00:00'),
(10354, 446, 16, 8, '1', '2023-06-26 14:00:00'),
(10355, 43, 58, 8, '0', '2023-12-10 12:00:00'),
(10356, 179, 57, 8, '0', '2024-12-18 12:00:00'),
(10357, 114, 43, 8, '0', '2024-09-21 12:00:00'),
(10358, 240, 42, 8, '2', '2024-06-02 13:00:00'),
(10359, 193, 46, 8, '1', '2023-12-11 14:00:00'),
(10360, 89, 56, 8, '1', '2024-03-15 10:00:00'),
(10361, 181, 51, 8, '1', '2024-06-17 09:00:00'),
(10362, 239, 62, 8, '3', '2024-10-13 16:00:00'),
(10363, 331, 8, 8, '3', '2024-04-22 16:00:00'),
(10364, 300, 42, 8, '2', '2023-03-14 10:00:00'),
(10365, 31, 41, 8, '3', '2023-07-20 11:00:00'),
(10366, 240, 15, 8, '0', '2024-03-04 09:00:00'),
(10367, 466, 61, 8, '3', '2023-03-13 15:00:00'),
(10368, 16, 57, 8, '1', '2023-05-02 15:00:00'),
(10369, 522, 42, 8, '1', '2023-04-30 09:00:00'),
(10370, 48, 57, 8, '1', '2023-11-06 09:00:00'),
(10371, 465, 56, 8, '0', '2025-02-23 13:00:00'),
(10372, 16, 60, 8, '2', '2023-08-15 11:00:00'),
(10373, 388, 47, 8, '0', '2023-11-10 12:00:00'),
(10374, 193, 48, 8, '1', '2023-04-15 13:00:00'),
(10375, 140, 8, 8, '0', '2024-12-25 14:00:00'),
(10376, 89, 9, 8, '1', '2024-03-18 16:00:00'),
(10377, 522, 13, 8, '1', '2024-09-01 10:00:00'),
(10378, 427, 56, 8, '2', '2024-08-17 14:00:00'),
(10379, 431, 41, 8, '2', '2024-05-17 09:00:00'),
(10380, 523, 51, 8, '1', '2023-05-27 08:00:00'),
(10381, 31, 8, 8, '0', '2024-10-09 10:00:00'),
(10382, 179, 56, 8, '3', '2024-11-14 13:00:00'),
(10383, 191, 15, 8, '1', '2023-05-31 08:00:00'),
(10384, 235, 46, 8, '1', '2025-03-03 08:00:00'),
(10385, 300, 7, 8, '3', '2024-06-12 14:00:00'),
(10386, 523, 48, 8, '1', '2024-10-09 15:00:00'),
(10387, 16, 13, 8, '0', '2025-02-14 08:00:00'),
(10388, 70, 43, 8, '3', '2024-01-13 09:00:00'),
(10389, 358, 56, 8, '2', '2023-11-14 11:00:00'),
(10390, 174, 51, 8, '1', '2024-06-15 12:00:00'),
(10391, 331, 46, 8, '2', '2024-09-13 17:00:00'),
(10392, 179, 17, 8, '3', '2024-05-02 10:00:00'),
(10393, 427, 51, 8, '2', '2024-10-16 13:00:00'),
(10394, 235, 60, 8, '0', '2025-01-28 12:00:00'),
(10395, 193, 8, 8, '2', '2024-02-16 15:00:00'),
(10396, 193, 44, 8, '0', '2023-12-24 17:00:00'),
(10397, 331, 16, 8, '3', '2024-04-26 10:00:00'),
(10398, 179, 57, 8, '1', '2023-07-01 13:00:00'),
(10399, 191, 16, 8, '1', '2023-08-25 14:00:00'),
(10400, 16, 9, 8, '2', '2023-10-22 13:00:00'),
(10401, 70, 46, 8, '2', '2024-10-12 11:00:00'),
(10402, 523, 41, 8, '2', '2023-04-16 15:00:00'),
(10403, 290, 42, 8, '2', '2024-01-13 16:00:00'),
(10404, 377, 43, 8, '3', '2024-12-27 14:00:00'),
(10405, 174, 43, 8, '3', '2024-11-15 13:00:00'),
(10406, 359, 43, 8, '0', '2025-01-24 10:00:00'),
(10407, 70, 57, 8, '1', '2024-09-11 09:00:00'),
(10408, 179, 60, 8, '2', '2024-12-02 08:00:00'),
(10409, 235, 61, 8, '3', '2024-12-01 11:00:00'),
(10410, 388, 9, 8, '1', '2024-04-29 08:00:00'),
(10411, 388, 60, 8, '0', '2024-09-02 13:00:00'),
(10412, 191, 42, 8, '1', '2024-04-10 13:00:00'),
(10413, 300, 46, 8, '0', '2024-12-22 11:00:00'),
(10414, 31, 57, 8, '0', '2023-04-29 15:00:00'),
(10415, 240, 46, 8, '1', '2024-11-02 12:00:00'),
(10416, 479, 50, 8, '1', '2024-10-17 14:00:00'),
(10417, 359, 40, 8, '3', '2024-05-23 13:00:00'),
(10418, 191, 43, 8, '0', '2024-11-03 16:00:00'),
(10419, 89, 41, 8, '2', '2025-01-11 10:00:00'),
(10420, 429, 57, 8, '2', '2024-06-13 15:00:00'),
(10421, 16, 15, 8, '2', '2024-04-07 10:00:00'),
(10422, 235, 59, 8, '1', '2024-07-05 16:00:00'),
(10423, 466, 16, 8, '3', '2024-06-02 09:00:00'),
(10424, 240, 41, 8, '1', '2024-08-01 16:00:00'),
(10425, 177, 40, 8, '1', '2024-02-13 14:00:00'),
(10426, 427, 44, 8, '2', '2024-05-02 10:00:00'),
(10427, 290, 13, 8, '0', '2024-11-28 14:00:00'),
(10428, 446, 43, 8, '1', '2023-06-22 15:00:00'),
(10429, 191, 16, 8, '3', '2023-10-12 10:00:00'),
(10430, 523, 47, 8, '0', '2024-08-07 17:00:00'),
(10431, 429, 8, 8, '3', '2023-03-29 16:00:00'),
(10432, 191, 57, 8, '3', '2023-09-21 12:00:00'),
(10433, 43, 43, 8, '2', '2023-09-14 08:00:00'),
(10434, 177, 13, 8, '0', '2023-04-30 12:00:00'),
(10435, 174, 57, 8, '3', '2024-08-03 14:00:00'),
(10436, 522, 41, 8, '1', '2024-08-21 14:00:00'),
(10437, 446, 46, 8, '0', '2024-04-26 12:00:00'),
(10438, 358, 42, 8, '0', '2025-03-08 14:00:00'),
(10439, 523, 40, 8, '3', '2023-08-20 16:00:00'),
(10440, 377, 44, 8, '0', '2025-01-20 10:00:00'),
(10441, 31, 15, 8, '1', '2024-08-09 12:00:00'),
(10442, 198, 62, 8, '3', '2024-06-06 15:00:00'),
(10443, 331, 56, 8, '2', '2024-09-22 16:00:00'),
(10444, 52, 62, 8, '3', '2024-02-20 11:00:00'),
(10445, 89, 43, 8, '2', '2023-08-12 11:00:00'),
(10446, 416, 9, 8, '0', '2024-06-03 17:00:00'),
(10447, 16, 56, 8, '3', '2024-05-31 16:00:00'),
(10448, 48, 40, 8, '3', '2023-03-25 16:00:00'),
(10449, 359, 57, 8, '3', '2024-02-17 14:00:00'),
(10450, 48, 42, 8, '0', '2025-02-20 14:00:00'),
(10451, 89, 57, 8, '2', '2024-01-13 16:00:00'),
(10452, 388, 43, 8, '3', '2024-08-25 12:00:00'),
(10453, 179, 47, 8, '1', '2024-02-11 17:00:00'),
(10454, 354, 62, 8, '2', '2023-12-08 11:00:00'),
(10455, 352, 62, 8, '3', '2023-07-22 13:00:00'),
(10456, 358, 58, 8, '0', '2024-05-25 09:00:00'),
(10457, 427, 42, 8, '2', '2024-10-25 09:00:00'),
(10458, 427, 57, 8, '1', '2023-04-20 15:00:00'),
(10459, 70, 41, 8, '0', '2024-12-09 12:00:00'),
(10460, 299, 46, 8, '1', '2023-10-23 10:00:00'),
(10461, 359, 57, 8, '0', '2024-09-25 14:00:00'),
(10462, 300, 17, 8, '2', '2023-05-29 17:00:00'),
(10463, 466, 43, 8, '3', '2024-05-15 08:00:00'),
(10464, 31, 43, 8, '3', '2024-12-03 17:00:00'),
(10465, 388, 61, 8, '0', '2023-07-19 12:00:00'),
(10466, 193, 57, 8, '1', '2023-04-21 15:00:00'),
(10467, 290, 41, 8, '0', '2023-10-06 10:00:00'),
(10468, 181, 61, 8, '3', '2023-07-01 15:00:00'),
(10469, 235, 40, 8, '3', '2024-06-05 12:00:00'),
(10470, 465, 7, 8, '2', '2023-06-12 11:00:00'),
(10471, 523, 61, 8, '1', '2024-07-30 13:00:00'),
(10472, 416, 44, 8, '1', '2023-10-29 09:00:00'),
(10473, 86, 43, 8, '3', '2024-04-29 13:00:00'),
(10474, 416, 40, 8, '0', '2024-02-12 14:00:00'),
(10475, 193, 41, 8, '0', '2025-02-18 17:00:00'),
(10476, 193, 42, 8, '0', '2024-04-01 12:00:00'),
(10477, 181, 47, 8, '0', '2023-08-23 12:00:00'),
(10478, 299, 56, 8, '3', '2024-09-08 10:00:00'),
(10479, 431, 40, 8, '1', '2023-10-29 16:00:00'),
(10480, 416, 47, 8, '1', '2025-01-21 13:00:00'),
(10481, 429, 59, 8, '3', '2023-12-10 16:00:00'),
(10482, 89, 41, 8, '1', '2024-07-08 16:00:00'),
(10483, 427, 57, 8, '0', '2023-07-28 14:00:00'),
(10484, 70, 44, 8, '3', '2025-03-09 15:00:00'),
(10485, 358, 57, 8, '2', '2023-10-17 16:00:00'),
(10486, 177, 57, 8, '1', '2024-01-29 15:00:00'),
(10487, 43, 16, 8, '2', '2024-02-27 08:00:00'),
(10488, 290, 58, 8, '3', '2023-07-28 12:00:00'),
(10489, 358, 59, 8, '0', '2024-04-06 12:00:00'),
(10490, 522, 13, 8, '2', '2024-09-14 14:00:00'),
(10491, 522, 51, 8, '3', '2025-01-05 15:00:00'),
(10492, 427, 8, 8, '0', '2024-07-28 11:00:00'),
(10493, 331, 42, 8, '2', '2024-02-04 14:00:00'),
(10494, 523, 60, 8, '0', '2024-06-14 13:00:00'),
(10495, 16, 15, 8, '1', '2024-05-29 11:00:00'),
(10496, 31, 57, 8, '1', '2023-11-12 17:00:00'),
(10497, 281, 17, 8, '2', '2024-10-07 11:00:00'),
(10498, 5, 62, 8, '3', '2025-02-15 12:00:00'),
(10499, 240, 59, 8, '2', '2023-12-31 14:00:00'),
(10500, 522, 47, 8, '1', '2024-02-19 13:00:00'),
(10501, 300, 57, 8, '1', '2024-10-12 14:00:00'),
(10502, 89, 9, 8, '3', '2023-11-07 16:00:00'),
(10503, 127, 43, 8, '0', '2024-05-27 15:00:00'),
(10504, 179, 15, 8, '0', '2024-09-03 13:00:00'),
(10505, 446, 56, 8, '3', '2023-11-24 15:00:00'),
(10506, 377, 46, 8, '0', '2024-06-14 16:00:00'),
(10507, 31, 7, 8, '0', '2024-03-24 13:00:00'),
(10508, 140, 46, 8, '0', '2025-02-05 08:00:00'),
(10509, 416, 51, 8, '1', '2023-06-06 10:00:00'),
(10510, 31, 41, 8, '1', '2024-06-24 11:00:00'),
(10511, 136, 15, 8, '2', '2024-01-12 16:00:00'),
(10512, 89, 57, 8, '3', '2023-03-28 13:00:00'),
(10513, 429, 48, 8, '2', '2024-07-07 09:00:00'),
(10514, 300, 47, 8, '0', '2023-04-25 15:00:00'),
(10515, 140, 59, 8, '2', '2023-09-24 13:00:00'),
(10516, 300, 56, 8, '3', '2024-12-21 17:00:00'),
(10517, 466, 42, 8, '2', '2024-05-01 10:00:00'),
(10518, 177, 47, 8, '3', '2024-04-06 15:00:00'),
(10519, 51, 41, 8, '1', '2023-06-14 12:00:00'),
(10520, 495, 62, 8, '2', '2024-02-29 10:00:00'),
(10521, 174, 57, 8, '0', '2024-12-11 15:00:00'),
(10522, 51, 8, 8, '3', '2023-10-15 09:00:00'),
(10523, 300, 60, 8, '0', '2024-05-05 11:00:00'),
(10524, 191, 56, 8, '0', '2024-12-16 14:00:00'),
(10525, 299, 56, 8, '1', '2023-05-01 17:00:00'),
(10526, 43, 9, 8, '1', '2024-06-07 10:00:00'),
(10527, 174, 16, 8, '3', '2024-11-04 13:00:00'),
(10528, 359, 41, 8, '1', '2025-03-04 11:00:00'),
(10529, 427, 59, 8, '0', '2023-10-25 11:00:00'),
(10530, 427, 61, 8, '3', '2024-11-15 09:00:00'),
(10531, 429, 51, 8, '1', '2023-06-21 14:00:00'),
(10532, 522, 43, 8, '2', '2024-05-29 13:00:00'),
(10533, 406, 62, 8, '1', '2023-09-01 13:00:00'),
(10534, 388, 46, 8, '1', '2024-07-17 08:00:00'),
(10535, 281, 43, 8, '3', '2023-09-26 12:00:00'),
(10536, 281, 16, 8, '3', '2024-02-04 09:00:00'),
(10537, 140, 48, 8, '2', '2024-11-23 15:00:00'),
(10538, 377, 57, 8, '3', '2024-11-05 13:00:00'),
(10539, 431, 61, 8, '0', '2023-09-11 15:00:00'),
(10540, 191, 43, 8, '1', '2024-04-19 09:00:00'),
(10541, 299, 47, 8, '2', '2023-04-21 11:00:00'),
(10542, 300, 44, 8, '2', '2023-07-19 14:00:00'),
(10543, 466, 41, 8, '0', '2024-03-17 11:00:00'),
(10544, 89, 46, 8, '2', '2023-12-31 14:00:00'),
(10545, 43, 8, 8, '3', '2024-09-20 09:00:00'),
(10546, 136, 8, 8, '3', '2024-06-12 14:00:00'),
(10547, 431, 41, 8, '2', '2023-12-10 10:00:00'),
(10548, 235, 15, 8, '3', '2025-01-01 16:00:00'),
(10549, 331, 46, 8, '3', '2023-11-19 09:00:00'),
(10550, 179, 51, 8, '2', '2023-07-13 14:00:00'),
(10551, 51, 16, 8, '1', '2025-03-09 10:00:00'),
(10552, 191, 15, 8, '3', '2024-03-08 09:00:00'),
(10553, 522, 43, 8, '0', '2023-05-24 12:00:00'),
(10554, 140, 41, 8, '3', '2023-11-20 14:00:00'),
(10555, 377, 51, 8, '1', '2024-12-18 16:00:00'),
(10556, 446, 16, 8, '1', '2024-01-11 11:00:00'),
(10557, 43, 40, 8, '2', '2025-01-12 12:00:00'),
(10558, 523, 42, 8, '3', '2024-12-22 14:00:00'),
(10559, 177, 61, 8, '2', '2024-03-20 14:00:00'),
(10560, 446, 8, 8, '1', '2023-08-09 09:00:00'),
(10561, 98, 62, 8, '3', '2023-03-14 14:00:00'),
(10562, 179, 51, 8, '0', '2023-10-29 10:00:00'),
(10563, 177, 43, 8, '0', '2024-03-11 11:00:00'),
(10564, 465, 61, 8, '0', '2023-11-03 15:00:00'),
(10565, 174, 15, 8, '0', '2024-11-23 14:00:00'),
(10566, 522, 8, 8, '3', '2023-08-23 15:00:00'),
(10567, 51, 60, 8, '1', '2024-04-03 10:00:00'),
(10568, 181, 7, 8, '0', '2023-10-07 16:00:00'),
(10569, 484, 50, 8, '0', '2023-12-19 17:00:00'),
(10570, 43, 15, 8, '0', '2024-05-15 13:00:00'),
(10571, 429, 51, 8, '1', '2024-07-25 16:00:00'),
(10572, 43, 57, 8, '2', '2023-06-26 13:00:00'),
(10573, 300, 46, 8, '0', '2023-08-28 11:00:00'),
(10574, 177, 51, 8, '0', '2023-12-07 12:00:00'),
(10575, 359, 13, 8, '1', '2024-12-20 16:00:00'),
(10576, 51, 42, 8, '0', '2023-09-11 15:00:00'),
(10577, 179, 56, 8, '0', '2024-03-06 11:00:00'),
(10578, 3, 58, 8, '2', '2023-12-22 09:00:00'),
(10579, 522, 56, 8, '0', '2024-06-03 14:00:00'),
(10580, 70, 56, 8, '0', '2023-05-16 10:00:00'),
(10581, 446, 56, 8, '0', '2024-09-25 08:00:00'),
(10582, 240, 60, 8, '3', '2025-01-29 13:00:00'),
(10583, 16, 51, 8, '3', '2023-06-29 15:00:00'),
(10584, 281, 58, 8, '2', '2023-10-08 11:00:00'),
(10585, 427, 8, 8, '2', '2024-02-22 11:00:00'),
(10586, 48, 41, 8, '0', '2023-03-23 10:00:00'),
(10587, 299, 44, 8, '0', '2024-09-14 09:00:00'),
(10588, 181, 57, 8, '0', '2024-08-25 17:00:00'),
(10589, 446, 13, 8, '3', '2024-05-10 08:00:00'),
(10590, 136, 61, 8, '0', '2023-11-05 09:00:00'),
(10591, 522, 46, 8, '3', '2024-10-11 13:00:00'),
(10592, 465, 47, 8, '3', '2024-06-17 10:00:00'),
(10593, 465, 15, 8, '3', '2023-10-26 08:00:00'),
(10594, 290, 46, 8, '2', '2023-06-11 08:00:00'),
(10595, 358, 57, 8, '2', '2024-02-19 11:00:00'),
(10596, 377, 59, 8, '2', '2024-06-09 12:00:00'),
(10597, 299, 56, 8, '0', '2025-01-22 10:00:00'),
(10598, 290, 15, 8, '3', '2025-03-08 15:00:00'),
(10599, 446, 57, 8, '2', '2024-01-26 11:00:00'),
(10600, 193, 51, 8, '0', '2024-02-04 12:00:00'),
(10601, 446, 58, 8, '1', '2024-03-18 16:00:00'),
(10602, 437, 50, 8, '2', '2024-09-14 10:00:00'),
(10603, 181, 13, 8, '3', '2023-08-16 16:00:00'),
(10604, 191, 42, 8, '1', '2024-09-14 08:00:00'),
(10605, 290, 15, 8, '0', '2024-07-16 09:00:00'),
(10606, 43, 51, 8, '2', '2023-09-24 16:00:00'),
(10607, 17, 62, 8, '2', '2023-08-23 10:00:00'),
(10608, 191, 60, 8, '1', '2024-04-20 12:00:00'),
(10609, 174, 59, 8, '1', '2023-12-08 11:00:00'),
(10610, 522, 60, 8, '2', '2023-03-18 09:00:00'),
(10611, 191, 17, 8, '1', '2023-12-13 11:00:00'),
(10612, 484, 43, 8, '3', '2024-09-26 14:00:00'),
(10613, 429, 46, 8, '0', '2024-09-23 13:00:00'),
(10614, 179, 41, 8, '1', '2025-02-17 09:00:00'),
(10615, 191, 41, 8, '1', '2024-12-07 11:00:00'),
(10616, 431, 56, 8, '3', '2024-06-23 13:00:00'),
(10617, 48, 17, 8, '3', '2023-07-26 09:00:00'),
(10618, 240, 43, 8, '3', '2023-09-03 14:00:00'),
(10619, 290, 46, 8, '0', '2023-04-01 08:00:00'),
(10620, 89, 40, 8, '2', '2024-01-26 08:00:00'),
(10621, 136, 40, 8, '0', '2024-12-28 16:00:00'),
(10622, 299, 46, 8, '0', '2024-02-17 13:00:00'),
(10623, 359, 51, 8, '2', '2023-12-10 16:00:00'),
(10624, 523, 60, 8, '3', '2025-01-13 15:00:00'),
(10625, 43, 47, 8, '1', '2024-03-23 15:00:00'),
(10626, 446, 43, 8, '3', '2023-04-18 17:00:00'),
(10627, 429, 42, 8, '0', '2025-02-19 16:00:00'),
(10628, 179, 46, 8, '2', '2023-03-22 14:00:00'),
(10629, 174, 47, 8, '0', '2024-07-18 09:00:00'),
(10630, 388, 15, 8, '1', '2024-12-17 10:00:00'),
(10631, 465, 16, 8, '0', '2024-03-03 11:00:00'),
(10632, 427, 56, 8, '2', '2023-06-13 15:00:00'),
(10633, 140, 8, 8, '1', '2024-07-07 09:00:00'),
(10634, 299, 51, 8, '3', '2024-10-27 11:00:00'),
(10635, 523, 41, 8, '1', '2023-08-04 16:00:00'),
(10636, 55, 50, 8, '1', '2024-04-25 14:00:00'),
(10637, 89, 9, 8, '1', '2023-06-16 12:00:00'),
(10638, 31, 47, 8, '0', '2023-11-01 10:00:00'),
(10639, 70, 40, 8, '0', '2024-09-25 17:00:00'),
(10640, 181, 40, 8, '2', '2025-03-11 15:00:00'),
(10641, 89, 57, 8, '2', '2024-04-22 11:00:00'),
(10642, 290, 51, 8, '2', '2024-06-04 15:00:00'),
(10643, 70, 43, 8, '3', '2023-12-13 12:00:00'),
(10644, 281, 44, 8, '2', '2024-11-04 11:00:00'),
(10645, 86, 50, 8, '1', '2023-04-08 10:00:00'),
(10646, 5, 58, 8, '0', '2024-01-02 15:00:00'),
(10647, 16, 48, 8, '2', '2024-11-26 14:00:00'),
(10648, 191, 40, 8, '2', '2023-03-25 17:00:00'),
(10649, 437, 43, 8, '3', '2024-08-24 09:00:00'),
(10650, 465, 41, 8, '2', '2023-04-18 14:00:00'),
(10651, 51, 16, 8, '1', '2024-02-12 13:00:00'),
(10652, 300, 15, 8, '1', '2024-09-02 12:00:00'),
(10653, 193, 59, 8, '3', '2024-06-15 13:00:00'),
(10654, 48, 51, 8, '3', '2024-04-15 11:00:00'),
(10655, 136, 56, 8, '3', '2023-05-11 17:00:00'),
(10656, 51, 9, 8, '1', '2023-10-28 15:00:00'),
(10657, 136, 41, 8, '1', '2023-08-07 09:00:00'),
(10658, 70, 7, 8, '2', '2023-06-21 17:00:00'),
(10659, 235, 56, 8, '0', '2024-08-14 15:00:00'),
(10660, 466, 44, 8, '0', '2024-04-20 09:00:00'),
(10661, 136, 7, 8, '1', '2024-10-06 12:00:00'),
(10662, 466, 40, 8, '2', '2024-04-07 12:00:00'),
(10663, 240, 16, 8, '1', '2024-08-18 11:00:00'),
(10664, 179, 44, 8, '1', '2024-12-03 08:00:00'),
(10665, 359, 7, 8, '2', '2024-01-06 10:00:00'),
(10666, 98, 62, 8, '0', '2024-08-25 11:00:00'),
(10667, 240, 46, 8, '3', '2024-01-26 16:00:00'),
(10668, 409, 62, 8, '3', '2023-06-29 11:00:00'),
(10669, 89, 60, 8, '0', '2024-07-12 16:00:00'),
(10670, 331, 9, 8, '2', '2024-04-11 12:00:00'),
(10671, 138, 43, 8, '3', '2024-11-03 13:00:00'),
(10672, 16, 40, 8, '2', '2024-03-18 14:00:00'),
(10673, 48, 42, 8, '3', '2023-05-25 12:00:00'),
(10674, 31, 15, 8, '0', '2025-02-20 16:00:00'),
(10675, 181, 43, 8, '3', '2024-02-08 15:00:00'),
(10676, 377, 8, 8, '0', '2024-06-02 13:00:00'),
(10677, 358, 59, 8, '2', '2024-11-15 09:00:00'),
(10678, 140, 46, 8, '0', '2025-03-10 13:00:00'),
(10679, 522, 56, 8, '0', '2024-04-22 09:00:00'),
(10680, 70, 56, 8, '1', '2024-02-11 13:00:00'),
(10681, 359, 15, 8, '2', '2024-02-29 10:00:00'),
(10682, 177, 56, 8, '3', '2023-03-18 11:00:00'),
(10683, 427, 56, 8, '1', '2025-01-02 17:00:00'),
(10684, 429, 17, 8, '0', '2025-02-09 14:00:00'),
(10685, 70, 48, 8, '2', '2023-12-04 10:00:00'),
(10686, 431, 8, 8, '1', '2024-12-25 15:00:00'),
(10687, 431, 47, 8, '3', '2024-01-26 16:00:00'),
(10688, 179, 46, 8, '3', '2025-01-02 16:00:00'),
(10689, 16, 46, 8, '3', '2023-10-17 09:00:00'),
(10690, 416, 8, 8, '3', '2023-07-31 11:00:00'),
(10691, 179, 8, 8, '3', '2024-03-04 12:00:00'),
(10692, 193, 42, 8, '3', '2023-03-31 10:00:00'),
(10693, 43, 46, 8, '2', '2024-08-30 15:00:00'),
(10694, 16, 13, 8, '0', '2024-06-28 11:00:00'),
(10695, 446, 56, 8, '1', '2024-07-22 16:00:00'),
(10696, 446, 7, 8, '0', '2024-06-16 09:00:00'),
(10697, 377, 9, 8, '1', '2024-02-04 17:00:00'),
(10698, 174, 57, 8, '2', '2023-05-01 10:00:00'),
(10699, 181, 16, 8, '0', '2023-08-26 17:00:00'),
(10700, 235, 41, 8, '2', '2023-05-13 09:00:00'),
(10701, 299, 46, 8, '2', '2025-01-10 16:00:00'),
(10702, 465, 60, 8, '3', '2025-01-17 11:00:00'),
(10703, 16, 59, 8, '1', '2025-01-21 12:00:00'),
(10704, 359, 57, 8, '2', '2023-08-14 17:00:00'),
(10705, 140, 43, 8, '0', '2023-04-19 13:00:00'),
(10706, 431, 42, 8, '3', '2023-03-14 11:00:00'),
(10707, 140, 44, 8, '0', '2024-11-14 14:00:00'),
(10708, 136, 51, 8, '2', '2024-07-28 15:00:00'),
(10709, 31, 44, 8, '0', '2025-02-26 15:00:00'),
(10710, 43, 56, 8, '1', '2023-08-02 16:00:00'),
(10711, 60, 58, 8, '1', '2024-09-21 16:00:00'),
(10712, 193, 7, 8, '1', '2024-12-04 14:00:00'),
(10713, 31, 41, 8, '1', '2024-05-04 10:00:00'),
(10714, 299, 58, 8, '2', '2023-10-01 14:00:00'),
(10715, 179, 9, 8, '3', '2024-11-25 11:00:00'),
(10716, 68, 62, 8, '1', '2024-01-24 15:00:00'),
(10717, 16, 58, 8, '1', '2023-07-30 16:00:00'),
(10718, 181, 9, 8, '2', '2024-05-16 14:00:00'),
(10719, 495, 58, 8, '0', '2024-12-04 09:00:00'),
(10720, 235, 8, 8, '0', '2024-01-04 12:00:00'),
(10721, 281, 48, 8, '3', '2024-07-17 15:00:00'),
(10722, 48, 57, 8, '2', '2025-03-05 15:00:00'),
(10723, 484, 50, 8, '2', '2023-12-17 12:00:00'),
(10724, 446, 60, 8, '1', '2024-05-07 10:00:00'),
(10725, 174, 46, 8, '0', '2024-06-17 12:00:00'),
(10726, 471, 62, 8, '3', '2024-07-03 17:00:00'),
(10727, 51, 13, 8, '2', '2024-11-20 12:00:00'),
(10728, 431, 47, 8, '0', '2023-12-20 13:00:00'),
(10729, 51, 48, 8, '2', '2024-01-11 10:00:00'),
(10730, 51, 57, 8, '1', '2024-07-18 14:00:00'),
(10731, 466, 9, 8, '3', '2023-08-01 17:00:00'),
(10732, 181, 8, 8, '1', '2024-03-21 08:00:00'),
(10733, 179, 56, 8, '0', '2024-10-28 16:00:00'),
(10734, 331, 41, 8, '0', '2024-03-21 16:00:00'),
(10735, 193, 57, 8, '1', '2024-04-19 11:00:00'),
(10736, 193, 13, 8, '0', '2023-05-09 13:00:00'),
(10737, 429, 7, 8, '0', '2023-07-15 12:00:00'),
(10738, 446, 43, 8, '0', '2023-10-10 15:00:00'),
(10739, 429, 57, 8, '0', '2024-06-16 12:00:00'),
(10740, 446, 57, 8, '3', '2024-03-21 13:00:00'),
(10741, 358, 17, 8, '3', '2024-09-28 14:00:00'),
(10742, 290, 56, 8, '1', '2024-08-31 12:00:00'),
(10743, 331, 17, 8, '2', '2024-05-31 15:00:00'),
(10744, 191, 56, 8, '1', '2024-02-05 16:00:00'),
(10745, 479, 50, 8, '1', '2024-09-27 16:00:00'),
(10746, 358, 8, 8, '0', '2024-03-17 13:00:00'),
(10747, 290, 8, 8, '3', '2023-06-11 10:00:00'),
(10748, 431, 43, 8, '2', '2024-04-10 09:00:00'),
(10749, 431, 41, 8, '3', '2024-03-10 09:00:00'),
(10750, 290, 56, 8, '1', '2025-02-03 10:00:00'),
(10751, 48, 60, 8, '0', '2023-08-28 10:00:00'),
(10752, 377, 17, 8, '0', '2023-09-17 14:00:00'),
(10753, 51, 47, 8, '0', '2025-03-08 08:00:00'),
(10754, 70, 41, 8, '0', '2025-02-23 15:00:00'),
(10755, 240, 40, 8, '0', '2024-04-11 10:00:00'),
(10756, 31, 59, 8, '0', '2024-01-27 12:00:00'),
(10757, 281, 60, 8, '3', '2023-12-29 16:00:00'),
(10758, 429, 43, 8, '2', '2024-09-24 09:00:00'),
(10759, 523, 16, 8, '0', '2023-10-03 15:00:00'),
(10760, 174, 43, 8, '3', '2023-11-20 14:00:00'),
(10761, 522, 56, 8, '2', '2024-07-30 15:00:00'),
(10762, 522, 51, 8, '2', '2024-12-23 14:00:00'),
(10763, 70, 15, 8, '2', '2023-05-14 11:00:00'),
(10764, 437, 43, 8, '0', '2024-11-13 11:00:00'),
(10765, 140, 42, 8, '1', '2024-10-31 12:00:00'),
(10766, 48, 8, 8, '0', '2023-06-05 10:00:00'),
(10767, 290, 51, 8, '3', '2023-12-11 09:00:00'),
(10768, 136, 44, 8, '0', '2023-10-09 15:00:00'),
(10769, 300, 57, 8, '3', '2023-03-23 16:00:00'),
(10770, 465, 61, 8, '1', '2024-12-09 17:00:00'),
(10771, 235, 58, 8, '1', '2024-03-14 13:00:00'),
(10772, 331, 8, 8, '1', '2025-01-13 12:00:00'),
(10773, 331, 43, 8, '0', '2023-05-24 11:00:00'),
(10774, 89, 46, 8, '2', '2024-11-11 16:00:00'),
(10775, 416, 57, 8, '1', '2025-01-18 12:00:00'),
(10776, 299, 16, 8, '3', '2025-02-04 12:00:00'),
(10777, 496, 50, 8, '0', '2024-11-05 15:00:00'),
(10778, 377, 57, 8, '0', '2024-10-06 15:00:00'),
(10779, 359, 51, 8, '0', '2023-11-18 17:00:00'),
(10780, 431, 57, 8, '1', '2024-09-17 16:00:00'),
(10781, 377, 56, 8, '3', '2024-06-13 16:00:00'),
(10782, 388, 58, 8, '1', '2023-08-15 17:00:00'),
(10783, 48, 43, 8, '3', '2024-12-29 16:00:00'),
(10784, 16, 17, 8, '2', '2024-09-08 11:00:00'),
(10785, 416, 46, 8, '3', '2024-05-29 15:00:00'),
(10786, 235, 41, 8, '1', '2024-01-12 10:00:00'),
(10787, 31, 58, 8, '1', '2023-08-31 15:00:00'),
(10788, 174, 57, 8, '1', '2023-07-17 11:00:00'),
(10789, 446, 43, 8, '3', '2023-10-24 17:00:00'),
(10790, 358, 16, 8, '2', '2024-12-28 17:00:00'),
(10791, 51, 59, 8, '2', '2023-07-27 09:00:00'),
(10792, 193, 40, 8, '3', '2023-11-23 13:00:00'),
(10793, 359, 9, 8, '0', '2023-05-16 12:00:00'),
(10794, 191, 9, 8, '3', '2024-11-10 09:00:00'),
(10795, 429, 59, 8, '3', '2023-11-27 11:00:00'),
(10796, 31, 40, 8, '3', '2024-08-25 11:00:00'),
(10797, 437, 50, 8, '3', '2023-06-27 11:00:00'),
(10798, 431, 40, 8, '0', '2025-02-01 12:00:00'),
(10799, 193, 13, 8, '1', '2024-09-21 13:00:00'),
(10800, 331, 57, 8, '1', '2023-11-24 12:00:00'),
(10801, 177, 8, 8, '1', '2024-09-21 16:00:00'),
(10802, 523, 46, 8, '3', '2023-11-03 16:00:00'),
(10803, 177, 41, 8, '1', '2023-09-06 14:00:00'),
(10804, 89, 56, 8, '0', '2024-03-27 15:00:00'),
(10805, 281, 56, 8, '3', '2023-09-26 11:00:00'),
(10806, 358, 8, 8, '3', '2023-10-27 14:00:00'),
(10807, 31, 46, 8, '3', '2023-05-03 15:00:00'),
(10808, 43, 60, 8, '0', '2024-06-07 13:00:00'),
(10809, 331, 41, 8, '1', '2024-03-05 13:00:00'),
(10810, 181, 43, 8, '3', '2023-04-21 13:00:00'),
(10811, 179, 8, 8, '0', '2024-01-12 11:00:00'),
(10812, 427, 8, 8, '0', '2023-07-28 10:00:00'),
(10813, 331, 43, 8, '3', '2024-03-02 12:00:00'),
(10814, 140, 42, 8, '0', '2024-06-19 09:00:00'),
(10815, 281, 43, 8, '1', '2025-01-29 08:00:00'),
(10816, 51, 47, 8, '1', '2023-05-09 12:00:00'),
(10817, 70, 60, 8, '0', '2023-10-16 14:00:00'),
(10818, 31, 48, 8, '1', '2024-07-16 14:00:00'),
(10819, 140, 46, 8, '3', '2023-10-21 08:00:00'),
(10820, 388, 58, 8, '3', '2023-04-14 10:00:00'),
(10821, 16, 43, 8, '1', '2023-05-03 13:00:00'),
(10822, 429, 51, 8, '2', '2024-03-30 12:00:00'),
(10823, 140, 56, 8, '3', '2024-02-17 16:00:00'),
(10824, 431, 60, 8, '2', '2024-11-07 13:00:00'),
(10825, 354, 62, 8, '0', '2024-08-18 11:00:00'),
(10826, 136, 47, 8, '3', '2023-09-13 10:00:00'),
(10827, 416, 56, 8, '0', '2024-04-21 15:00:00'),
(10828, 179, 42, 8, '2', '2023-05-13 08:00:00'),
(10829, 388, 8, 8, '3', '2024-02-12 11:00:00'),
(10830, 431, 42, 8, '1', '2024-01-06 10:00:00'),
(10831, 388, 41, 8, '3', '2024-01-14 17:00:00'),
(10832, 235, 56, 8, '1', '2023-06-30 10:00:00'),
(10833, 437, 43, 8, '0', '2024-10-11 15:00:00'),
(10834, 281, 9, 8, '1', '2023-08-08 08:00:00'),
(10835, 136, 44, 8, '1', '2024-11-20 09:00:00'),
(10836, 508, 58, 8, '0', '2025-02-26 12:00:00'),
(10837, 136, 51, 8, '3', '2024-01-20 17:00:00'),
(10838, 446, 47, 8, '1', '2024-11-21 09:00:00'),
(10839, 153, 43, 8, '3', '2023-06-09 10:00:00'),
(10840, 179, 56, 8, '3', '2024-07-09 16:00:00'),
(10841, 235, 8, 8, '3', '2024-03-09 11:00:00'),
(10842, 191, 51, 8, '0', '2023-08-22 17:00:00'),
(10843, 466, 46, 8, '1', '2024-04-14 12:00:00'),
(10844, 358, 60, 8, '0', '2023-04-04 16:00:00'),
(10845, 240, 9, 8, '1', '2024-10-27 09:00:00'),
(10846, 290, 57, 8, '3', '2023-04-14 10:00:00'),
(10847, 431, 44, 8, '2', '2024-11-26 11:00:00'),
(10848, 31, 59, 8, '2', '2024-05-18 16:00:00'),
(10849, 377, 9, 8, '0', '2024-08-17 14:00:00'),
(10850, 16, 60, 8, '1', '2023-08-27 10:00:00'),
(10851, 191, 41, 8, '0', '2023-12-15 14:00:00'),
(10852, 416, 17, 8, '1', '2024-03-22 14:00:00'),
(10853, 177, 57, 8, '1', '2024-02-12 15:00:00'),
(10854, 522, 47, 8, '3', '2024-08-30 14:00:00'),
(10855, 523, 41, 8, '1', '2025-02-03 13:00:00'),
(10856, 140, 61, 8, '3', '2023-09-06 13:00:00'),
(10857, 358, 13, 8, '0', '2023-11-07 09:00:00'),
(10858, 300, 59, 8, '3', '2024-08-29 14:00:00'),
(10859, 446, 8, 8, '1', '2025-02-09 12:00:00'),
(10860, 358, 8, 8, '2', '2024-02-10 12:00:00'),
(10861, 446, 41, 8, '3', '2024-12-30 13:00:00'),
(10862, 333, 62, 8, '3', '2024-08-30 17:00:00'),
(10863, 522, 46, 8, '0', '2023-12-30 15:00:00'),
(10864, 429, 41, 8, '0', '2023-07-02 16:00:00'),
(10865, 388, 59, 8, '0', '2024-10-18 17:00:00'),
(10866, 377, 8, 8, '0', '2023-07-11 13:00:00'),
(10867, 299, 8, 8, '0', '2024-05-28 11:00:00'),
(10868, 431, 8, 8, '3', '2024-04-30 09:00:00'),
(10869, 299, 56, 8, '0', '2023-07-28 13:00:00'),
(10870, 331, 61, 8, '1', '2023-08-27 12:00:00'),
(10871, 193, 7, 8, '1', '2025-02-19 11:00:00'),
(10872, 48, 48, 8, '3', '2023-04-24 09:00:00'),
(10873, 31, 42, 8, '2', '2023-09-03 17:00:00'),
(10874, 191, 58, 8, '0', '2024-11-03 14:00:00'),
(10875, 55, 43, 8, '1', '2024-04-08 10:00:00'),
(10876, 177, 56, 8, '2', '2025-02-08 09:00:00'),
(10877, 300, 47, 8, '1', '2023-04-23 14:00:00'),
(10878, 300, 61, 8, '2', '2024-12-18 08:00:00'),
(10879, 523, 15, 8, '2', '2024-04-30 09:00:00'),
(10880, 346, 58, 8, '3', '2023-07-29 17:00:00'),
(10881, 523, 51, 8, '3', '2023-03-28 09:00:00'),
(10882, 465, 57, 8, '0', '2024-01-11 11:00:00'),
(10883, 479, 50, 8, '1', '2024-06-16 11:00:00'),
(10884, 140, 60, 8, '2', '2023-10-05 11:00:00'),
(10885, 177, 60, 8, '3', '2023-09-30 10:00:00'),
(10886, 388, 13, 8, '0', '2024-10-13 17:00:00'),
(10887, 240, 7, 8, '2', '2023-07-12 14:00:00'),
(10888, 181, 51, 8, '0', '2023-09-14 17:00:00'),
(10889, 147, 62, 8, '2', '2024-09-08 13:00:00'),
(10890, 181, 47, 8, '3', '2023-07-13 13:00:00'),
(10891, 48, 56, 8, '2', '2025-03-02 15:00:00'),
(10892, 89, 41, 8, '0', '2023-03-17 13:00:00'),
(10893, 496, 50, 8, '0', '2025-03-08 11:00:00'),
(10894, 406, 62, 8, '0', '2024-11-24 13:00:00'),
(10895, 235, 9, 8, '3', '2023-06-30 08:00:00'),
(10896, 235, 41, 8, '1', '2024-04-14 11:00:00'),
(10897, 43, 56, 8, '1', '2025-02-26 16:00:00'),
(10898, 193, 43, 8, '1', '2023-12-04 14:00:00'),
(10899, 219, 62, 8, '2', '2024-05-15 14:00:00'),
(10900, 89, 60, 8, '1', '2023-12-05 14:00:00'),
(10901, 416, 57, 8, '0', '2023-06-20 14:00:00'),
(10902, 70, 9, 8, '0', '2023-12-18 13:00:00'),
(10903, 523, 17, 8, '1', '2024-09-14 11:00:00'),
(10904, 17, 62, 8, '2', '2024-10-12 16:00:00'),
(10905, 191, 51, 8, '2', '2024-03-19 11:00:00'),
(10906, 358, 60, 8, '1', '2024-04-09 10:00:00'),
(10907, 89, 59, 8, '0', '2023-06-12 15:00:00'),
(10908, 388, 17, 8, '3', '2023-06-03 11:00:00'),
(10909, 193, 57, 8, '2', '2024-12-09 15:00:00'),
(10910, 416, 47, 8, '0', '2023-06-12 09:00:00'),
(10911, 177, 47, 8, '1', '2023-12-02 11:00:00'),
(10912, 281, 8, 8, '3', '2023-06-19 09:00:00'),
(10913, 466, 17, 8, '0', '2023-05-13 09:00:00'),
(10914, 98, 58, 8, '0', '2023-10-07 15:00:00'),
(10915, 191, 48, 8, '3', '2023-04-13 17:00:00'),
(10916, 31, 41, 8, '3', '2023-12-27 10:00:00'),
(10917, 388, 57, 8, '0', '2024-09-11 09:00:00'),
(10918, 358, 7, 8, '3', '2025-01-30 09:00:00'),
(10919, 235, 57, 8, '1', '2024-08-15 10:00:00'),
(10920, 411, 50, 8, '0', '2024-10-23 13:00:00'),
(10921, 179, 58, 8, '3', '2023-08-12 15:00:00'),
(10922, 427, 8, 8, '2', '2024-05-17 14:00:00'),
(10923, 290, 43, 8, '1', '2023-07-31 09:00:00'),
(10924, 193, 60, 8, '0', '2024-03-12 16:00:00'),
(10925, 240, 15, 8, '2', '2024-03-25 10:00:00'),
(10926, 193, 60, 8, '3', '2023-07-07 16:00:00'),
(10927, 136, 60, 8, '3', '2024-05-18 09:00:00'),
(10928, 431, 15, 8, '1', '2024-05-24 10:00:00'),
(10929, 522, 61, 8, '2', '2023-08-12 16:00:00'),
(10930, 523, 9, 8, '1', '2023-03-25 17:00:00'),
(10931, 416, 51, 8, '3', '2024-02-05 12:00:00'),
(10932, 299, 51, 8, '0', '2023-10-14 14:00:00'),
(10933, 51, 15, 8, '1', '2023-04-11 15:00:00'),
(10934, 523, 57, 8, '0', '2024-11-04 12:00:00'),
(10935, 446, 8, 8, '3', '2023-05-31 09:00:00'),
(10936, 240, 15, 8, '3', '2023-12-22 17:00:00'),
(10937, 136, 46, 8, '1', '2023-04-28 16:00:00'),
(10938, 300, 41, 8, '0', '2024-09-03 09:00:00'),
(10939, 136, 56, 8, '1', '2023-05-31 10:00:00'),
(10940, 388, 16, 8, '1', '2024-11-07 17:00:00'),
(10941, 522, 40, 8, '3', '2023-10-26 16:00:00'),
(10942, 477, 50, 8, '1', '2024-08-30 09:00:00'),
(10943, 179, 51, 8, '2', '2025-01-12 15:00:00'),
(10944, 431, 44, 8, '1', '2023-12-28 11:00:00'),
(10945, 179, 16, 8, '2', '2023-10-31 17:00:00'),
(10946, 466, 41, 8, '0', '2023-06-09 09:00:00'),
(10947, 477, 50, 8, '2', '2023-09-08 16:00:00'),
(10948, 191, 58, 8, '2', '2024-05-25 12:00:00'),
(10949, 43, 61, 8, '0', '2024-12-13 10:00:00'),
(10950, 331, 51, 8, '3', '2023-06-17 09:00:00'),
(10951, 181, 17, 8, '2', '2025-01-11 15:00:00'),
(10952, 290, 60, 8, '1', '2024-12-06 16:00:00'),
(10953, 522, 59, 8, '3', '2024-08-10 09:00:00'),
(10954, 299, 43, 8, '2', '2023-11-26 14:00:00'),
(10955, 48, 47, 8, '2', '2023-12-26 14:00:00'),
(10956, 416, 8, 8, '0', '2024-01-13 10:00:00'),
(10957, 479, 43, 8, '2', '2025-01-01 10:00:00'),
(10958, 240, 47, 8, '3', '2024-11-26 16:00:00'),
(10959, 43, 17, 8, '3', '2023-12-13 08:00:00'),
(10960, 523, 56, 8, '3', '2025-01-24 12:00:00'),
(10961, 235, 57, 8, '0', '2024-03-06 14:00:00'),
(10962, 16, 51, 8, '0', '2023-03-23 14:00:00'),
(10963, 127, 50, 8, '3', '2025-02-03 08:00:00'),
(10964, 359, 8, 8, '1', '2024-12-18 12:00:00'),
(10965, 465, 46, 8, '3', '2023-08-12 15:00:00'),
(10966, 48, 43, 8, '2', '2024-08-09 13:00:00'),
(10967, 523, 61, 8, '2', '2024-09-24 11:00:00'),
(10968, 466, 43, 8, '0', '2024-12-19 16:00:00'),
(10969, 523, 43, 8, '2', '2024-09-09 10:00:00'),
(10970, 429, 51, 8, '2', '2024-07-10 17:00:00'),
(10971, 166, 58, 8, '1', '2023-06-23 16:00:00'),
(10972, 331, 58, 8, '2', '2023-10-06 10:00:00'),
(10973, 140, 44, 8, '2', '2023-06-27 12:00:00'),
(10974, 174, 47, 8, '2', '2025-02-24 10:00:00'),
(10975, 427, 61, 8, '2', '2025-03-04 12:00:00'),
(10976, 299, 7, 8, '0', '2023-09-13 14:00:00'),
(10977, 136, 57, 8, '0', '2023-03-20 15:00:00'),
(10978, 179, 9, 8, '2', '2023-08-21 15:00:00'),
(10979, 51, 56, 8, '0', '2023-11-27 09:00:00'),
(10980, 140, 15, 8, '1', '2024-04-05 13:00:00'),
(10981, 153, 43, 8, '0', '2023-08-15 08:00:00'),
(10982, 191, 15, 8, '0', '2024-12-29 15:00:00'),
(10983, 388, 8, 8, '1', '2025-01-28 10:00:00'),
(10984, 235, 15, 8, '1', '2023-09-15 13:00:00'),
(10985, 431, 9, 8, '0', '2024-08-02 13:00:00'),
(10986, 174, 46, 8, '1', '2023-05-29 10:00:00'),
(10987, 89, 51, 8, '3', '2023-04-25 15:00:00'),
(10988, 446, 46, 8, '1', '2023-06-23 16:00:00'),
(10989, 16, 57, 8, '0', '2025-01-11 16:00:00'),
(10990, 523, 59, 8, '2', '2025-02-28 09:00:00'),
(10991, 136, 9, 8, '3', '2024-02-23 12:00:00'),
(10992, 181, 8, 8, '3', '2023-06-19 09:00:00'),
(10993, 388, 9, 8, '1', '2023-11-02 14:00:00'),
(10994, 240, 13, 8, '1', '2025-01-03 13:00:00'),
(10995, 55, 43, 8, '3', '2024-06-18 15:00:00'),
(10996, 299, 57, 8, '0', '2024-08-08 15:00:00'),
(10997, 43, 8, 8, '0', '2023-05-13 12:00:00'),
(10998, 522, 46, 8, '1', '2023-07-16 16:00:00'),
(10999, 89, 8, 8, '1', '2024-04-09 09:00:00'),
(11000, 465, 47, 8, '0', '2023-06-15 14:00:00'),
(11001, 290, 57, 8, '0', '2024-04-26 17:00:00'),
(11002, 240, 58, 8, '0', '2023-09-10 15:00:00'),
(11003, 416, 9, 8, '3', '2023-06-21 08:00:00'),
(11004, 179, 17, 8, '3', '2025-02-10 10:00:00'),
(11005, 388, 16, 8, '1', '2024-09-07 14:00:00'),
(11006, 290, 8, 8, '3', '2024-09-05 09:00:00'),
(11007, 31, 16, 8, '1', '2024-01-29 14:00:00'),
(11008, 523, 58, 8, '0', '2023-04-20 11:00:00'),
(11009, 290, 60, 8, '1', '2024-05-02 09:00:00'),
(11010, 358, 41, 8, '0', '2024-03-29 14:00:00'),
(11011, 136, 48, 8, '3', '2023-05-03 14:00:00'),
(11012, 427, 43, 8, '2', '2024-07-19 13:00:00'),
(11013, 290, 47, 8, '1', '2023-11-05 16:00:00'),
(11014, 43, 13, 8, '3', '2024-10-12 14:00:00'),
(11015, 127, 43, 8, '2', '2024-06-21 10:00:00'),
(11016, 522, 15, 8, '3', '2023-11-27 16:00:00'),
(11017, 359, 43, 8, '2', '2023-12-09 15:00:00'),
(11018, 465, 56, 8, '1', '2023-08-15 13:00:00'),
(11019, 446, 43, 8, '1', '2023-08-17 13:00:00'),
(11020, 377, 60, 8, '2', '2023-06-24 15:00:00'),
(11021, 89, 61, 8, '3', '2023-07-21 12:00:00'),
(11022, 477, 43, 8, '2', '2023-12-18 14:00:00'),
(11023, 16, 58, 8, '2', '2023-05-22 13:00:00'),
(11024, 431, 57, 8, '3', '2024-12-10 17:00:00'),
(11025, 31, 58, 8, '2', '2023-05-13 14:00:00'),
(11026, 466, 51, 8, '1', '2024-03-02 13:00:00'),
(11027, 431, 56, 8, '0', '2024-11-10 11:00:00'),
(11028, 331, 57, 8, '2', '2023-12-08 15:00:00'),
(11029, 181, 9, 8, '2', '2024-10-09 09:00:00'),
(11030, 43, 40, 8, '3', '2024-02-11 13:00:00'),
(11031, 114, 43, 8, '2', '2024-07-18 16:00:00'),
(11032, 179, 57, 8, '3', '2023-06-15 16:00:00'),
(11033, 43, 57, 8, '3', '2024-05-27 08:00:00'),
(11034, 429, 8, 8, '3', '2023-11-21 13:00:00'),
(11035, 522, 57, 8, '2', '2024-01-17 11:00:00'),
(11036, 191, 46, 8, '3', '2024-10-25 13:00:00'),
(11037, 446, 15, 8, '1', '2024-01-10 09:00:00'),
(11038, 431, 15, 8, '1', '2023-03-30 16:00:00'),
(11039, 281, 57, 8, '1', '2023-03-14 09:00:00'),
(11040, 177, 41, 8, '1', '2024-12-09 10:00:00'),
(11041, 427, 40, 8, '3', '2024-02-07 14:00:00'),
(11042, 235, 42, 8, '2', '2024-10-07 09:00:00'),
(11043, 191, 44, 8, '2', '2024-12-12 09:00:00'),
(11044, 331, 46, 8, '1', '2023-04-11 15:00:00'),
(11045, 427, 8, 8, '3', '2024-07-29 10:00:00'),
(11046, 179, 42, 8, '1', '2023-05-25 10:00:00'),
(11047, 523, 41, 8, '0', '2023-11-09 14:00:00'),
(11048, 16, 13, 8, '1', '2023-04-22 14:00:00'),
(11049, 465, 8, 8, '2', '2024-10-25 14:00:00'),
(11050, 522, 46, 8, '2', '2024-10-29 14:00:00'),
(11051, 177, 56, 8, '3', '2024-12-02 09:00:00'),
(11052, 240, 41, 8, '2', '2024-06-09 11:00:00'),
(11053, 446, 9, 8, '0', '2024-06-21 11:00:00'),
(11054, 51, 44, 8, '2', '2024-03-19 17:00:00'),
(11055, 191, 46, 8, '1', '2023-06-27 16:00:00'),
(11056, 388, 17, 8, '3', '2024-04-12 13:00:00'),
(11057, 138, 50, 8, '1', '2023-10-26 14:00:00'),
(11058, 377, 43, 8, '0', '2023-08-23 13:00:00'),
(11059, 479, 43, 8, '2', '2023-12-07 12:00:00'),
(11060, 5, 62, 8, '2', '2023-05-04 15:00:00'),
(11061, 114, 50, 8, '1', '2023-04-13 15:00:00'),
(11062, 281, 43, 8, '3', '2024-08-19 17:00:00'),
(11063, 55, 50, 8, '2', '2023-10-26 11:00:00'),
(11064, 429, 9, 8, '3', '2023-12-15 14:00:00'),
(11065, 16, 46, 8, '1', '2024-05-03 09:00:00'),
(11066, 179, 61, 8, '0', '2024-09-16 17:00:00'),
(11067, 465, 40, 8, '1', '2024-04-30 10:00:00'),
(11068, 416, 61, 8, '2', '2024-11-25 10:00:00'),
(11069, 523, 58, 8, '0', '2024-05-03 16:00:00'),
(11070, 191, 44, 8, '1', '2023-03-20 11:00:00'),
(11071, 136, 46, 8, '2', '2023-10-23 08:00:00'),
(11072, 191, 9, 8, '3', '2024-08-31 10:00:00'),
(11073, 179, 15, 8, '0', '2023-07-15 11:00:00'),
(11074, 416, 56, 8, '3', '2023-08-08 13:00:00'),
(11075, 70, 17, 8, '1', '2024-02-17 12:00:00'),
(11076, 429, 57, 8, '3', '2024-09-13 12:00:00'),
(11077, 51, 17, 8, '0', '2024-03-26 11:00:00'),
(11078, 299, 17, 8, '2', '2024-06-30 08:00:00'),
(11079, 70, 16, 8, '0', '2023-09-10 14:00:00'),
(11080, 177, 9, 8, '1', '2023-06-29 09:00:00'),
(11081, 31, 7, 8, '0', '2023-07-20 17:00:00'),
(11082, 181, 58, 8, '2', '2024-10-03 16:00:00'),
(11083, 406, 62, 8, '0', '2023-09-25 12:00:00'),
(11084, 377, 61, 8, '2', '2023-12-20 11:00:00'),
(11085, 140, 56, 8, '3', '2023-06-28 17:00:00'),
(11086, 466, 13, 8, '2', '2024-10-27 13:00:00'),
(11087, 235, 41, 8, '3', '2024-10-22 13:00:00'),
(11088, 431, 56, 8, '1', '2024-09-08 11:00:00'),
(11089, 191, 61, 8, '1', '2023-07-05 08:00:00'),
(11090, 290, 43, 8, '3', '2024-07-20 08:00:00'),
(11091, 70, 46, 8, '0', '2023-06-09 12:00:00'),
(11092, 331, 44, 8, '3', '2023-07-12 15:00:00'),
(11093, 388, 43, 8, '2', '2023-12-17 11:00:00'),
(11094, 174, 43, 8, '0', '2025-02-02 13:00:00'),
(11095, 16, 41, 8, '3', '2024-03-23 12:00:00'),
(11096, 193, 17, 8, '3', '2023-09-05 09:00:00'),
(11097, 359, 16, 8, '0', '2024-02-27 14:00:00'),
(11098, 281, 46, 8, '2', '2024-11-09 12:00:00'),
(11099, 465, 57, 8, '2', '2024-12-25 16:00:00'),
(11100, 51, 41, 8, '1', '2023-10-03 11:00:00'),
(11101, 181, 41, 8, '1', '2023-04-03 16:00:00'),
(11102, 465, 47, 8, '3', '2023-07-13 15:00:00'),
(11103, 179, 8, 8, '1', '2023-12-05 13:00:00'),
(11104, 431, 43, 8, '1', '2023-10-25 14:00:00'),
(11105, 140, 43, 8, '3', '2023-05-04 13:00:00'),
(11106, 240, 57, 8, '1', '2024-06-01 12:00:00'),
(11107, 377, 48, 8, '0', '2025-01-17 12:00:00'),
(11108, 427, 41, 8, '2', '2024-10-31 16:00:00'),
(11109, 522, 40, 8, '3', '2023-11-11 14:00:00'),
(11110, 235, 15, 8, '0', '2025-02-20 11:00:00'),
(11111, 429, 56, 8, '1', '2024-04-14 11:00:00'),
(11112, 416, 41, 8, '0', '2024-09-09 11:00:00'),
(11113, 140, 9, 8, '3', '2024-05-24 15:00:00'),
(11114, 16, 59, 8, '1', '2024-03-29 12:00:00'),
(11115, 377, 56, 8, '0', '2025-02-17 12:00:00'),
(11116, 235, 43, 8, '0', '2023-06-14 12:00:00'),
(11117, 179, 60, 8, '1', '2024-07-09 08:00:00'),
(11118, 181, 44, 8, '0', '2023-12-16 13:00:00'),
(11119, 179, 41, 8, '1', '2024-08-01 09:00:00'),
(11120, 411, 43, 8, '2', '2024-11-28 13:00:00'),
(11121, 331, 61, 8, '2', '2023-06-08 16:00:00'),
(11122, 465, 17, 8, '3', '2024-07-18 08:00:00'),
(11123, 193, 16, 8, '3', '2023-05-13 13:00:00'),
(11124, 377, 8, 8, '1', '2024-03-03 10:00:00'),
(11125, 31, 61, 8, '2', '2025-01-23 13:00:00'),
(11126, 300, 40, 8, '1', '2024-11-28 11:00:00'),
(11127, 191, 59, 8, '2', '2023-08-01 11:00:00'),
(11128, 299, 17, 8, '1', '2024-08-13 16:00:00'),
(11129, 70, 57, 8, '3', '2023-07-16 14:00:00'),
(11130, 290, 56, 8, '1', '2023-03-22 10:00:00'),
(11131, 523, 7, 8, '0', '2024-09-20 16:00:00'),
(11132, 70, 48, 8, '3', '2023-11-18 10:00:00'),
(11133, 466, 47, 8, '1', '2024-12-29 17:00:00'),
(11134, 136, 58, 8, '2', '2024-02-06 15:00:00'),
(11135, 523, 57, 8, '0', '2024-08-05 15:00:00'),
(11136, 523, 41, 8, '1', '2023-06-23 16:00:00'),
(11137, 174, 61, 8, '0', '2023-09-07 14:00:00'),
(11138, 226, 62, 8, '0', '2024-06-03 12:00:00'),
(11139, 359, 47, 8, '1', '2024-06-30 12:00:00'),
(11140, 174, 44, 8, '0', '2024-01-03 10:00:00'),
(11141, 484, 50, 8, '2', '2024-05-26 09:00:00'),
(11142, 465, 43, 8, '2', '2024-10-26 13:00:00'),
(11143, 179, 13, 8, '0', '2023-11-13 16:00:00'),
(11144, 43, 51, 8, '2', '2023-05-10 17:00:00'),
(11145, 465, 46, 8, '3', '2024-07-31 10:00:00'),
(11146, 89, 59, 8, '0', '2023-09-28 12:00:00'),
(11147, 89, 46, 8, '1', '2024-11-09 10:00:00'),
(11148, 281, 48, 8, '0', '2024-02-08 16:00:00'),
(11149, 51, 57, 8, '0', '2024-11-23 12:00:00'),
(11150, 290, 16, 8, '1', '2023-12-27 17:00:00'),
(11151, 446, 57, 8, '3', '2024-01-20 13:00:00'),
(11152, 331, 46, 8, '1', '2024-12-30 10:00:00'),
(11153, 329, 62, 8, '2', '2024-11-28 16:00:00'),
(11154, 136, 58, 8, '1', '2023-09-28 15:00:00'),
(11155, 377, 47, 8, '1', '2024-03-09 12:00:00'),
(11156, 48, 15, 8, '0', '2023-10-27 09:00:00'),
(11157, 89, 40, 8, '3', '2024-08-30 16:00:00'),
(11158, 331, 56, 8, '0', '2024-03-06 13:00:00'),
(11159, 364, 62, 8, '0', '2024-12-23 15:00:00'),
(11160, 290, 43, 8, '1', '2023-06-16 10:00:00'),
(11161, 179, 40, 8, '1', '2024-12-13 12:00:00'),
(11162, 465, 56, 8, '2', '2023-12-28 10:00:00'),
(11163, 290, 46, 8, '0', '2024-09-16 10:00:00'),
(11164, 522, 15, 8, '3', '2024-01-01 12:00:00'),
(11165, 354, 62, 8, '0', '2025-01-29 11:00:00'),
(11166, 140, 58, 8, '3', '2024-04-14 09:00:00'),
(11167, 331, 13, 8, '2', '2023-09-20 11:00:00'),
(11168, 416, 15, 8, '0', '2025-01-15 15:00:00'),
(11169, 523, 15, 8, '2', '2025-01-02 15:00:00'),
(11170, 446, 60, 8, '1', '2024-12-28 17:00:00'),
(11171, 191, 59, 8, '2', '2023-05-23 12:00:00'),
(11172, 465, 41, 8, '1', '2025-02-22 14:00:00'),
(11173, 290, 58, 8, '0', '2023-06-19 11:00:00'),
(11174, 431, 42, 8, '1', '2024-03-04 10:00:00'),
(11175, 51, 48, 8, '0', '2023-09-06 14:00:00'),
(11176, 427, 51, 8, '1', '2023-08-13 10:00:00'),
(11177, 43, 57, 8, '0', '2024-12-07 10:00:00'),
(11178, 429, 57, 8, '1', '2024-12-29 10:00:00'),
(11179, 239, 62, 8, '0', '2024-09-24 15:00:00'),
(11180, 523, 56, 8, '0', '2024-02-03 14:00:00'),
(11181, 174, 56, 8, '0', '2023-05-13 08:00:00'),
(11182, 427, 43, 8, '0', '2023-11-18 13:00:00'),
(11183, 177, 46, 8, '3', '2023-09-14 08:00:00'),
(11184, 300, 56, 8, '1', '2023-10-06 13:00:00'),
(11185, 359, 40, 8, '2', '2024-05-24 12:00:00'),
(11186, 477, 43, 8, '0', '2023-10-28 15:00:00'),
(11187, 240, 61, 8, '1', '2024-04-30 15:00:00'),
(11188, 388, 51, 8, '0', '2024-09-20 10:00:00'),
(11189, 174, 17, 8, '3', '2024-06-11 12:00:00'),
(11190, 48, 51, 8, '0', '2025-02-04 10:00:00'),
(11191, 31, 8, 8, '0', '2024-09-21 09:00:00'),
(11192, 388, 59, 8, '3', '2024-10-27 16:00:00'),
(11193, 522, 15, 8, '3', '2024-04-13 10:00:00'),
(11194, 240, 43, 8, '1', '2024-03-03 09:00:00'),
(11195, 431, 41, 8, '0', '2023-10-24 09:00:00'),
(11196, 226, 58, 8, '0', '2025-02-23 11:00:00'),
(11197, 48, 8, 8, '1', '2023-03-28 10:00:00'),
(11198, 240, 48, 8, '1', '2023-09-22 11:00:00'),
(11199, 388, 41, 8, '3', '2023-12-05 11:00:00'),
(11200, 466, 44, 8, '2', '2023-11-17 17:00:00'),
(11201, 429, 42, 8, '1', '2023-08-16 13:00:00'),
(11202, 465, 42, 8, '0', '2024-11-03 11:00:00'),
(11203, 523, 9, 8, '2', '2024-03-01 12:00:00'),
(11204, 468, 62, 8, '3', '2024-04-06 13:00:00'),
(11205, 522, 8, 8, '3', '2024-10-26 15:00:00'),
(11206, 70, 42, 8, '0', '2023-11-19 15:00:00'),
(11207, 177, 15, 8, '3', '2024-11-09 17:00:00'),
(11208, 331, 15, 8, '0', '2023-06-30 16:00:00'),
(11209, 523, 43, 8, '3', '2024-01-26 09:00:00'),
(11210, 240, 43, 8, '3', '2024-10-03 09:00:00'),
(11211, 427, 46, 8, '2', '2023-09-28 13:00:00'),
(11212, 240, 57, 8, '3', '2024-10-21 16:00:00'),
(11213, 446, 57, 8, '0', '2024-11-03 11:00:00'),
(11214, 416, 41, 8, '1', '2024-12-24 14:00:00');
INSERT INTO `ETU_competence_evaluation` (`id_competence_evaluation`, `id_etudiant`, `id_apprentissage_critique`, `id_evaluation_type`, `evaluation`, `date`) VALUES
(11215, 446, 41, 8, '3', '2025-02-07 10:00:00'),
(11216, 429, 42, 8, '3', '2024-10-19 16:00:00'),
(11217, 388, 17, 8, '0', '2023-05-20 17:00:00'),
(11218, 51, 9, 8, '1', '2024-05-13 17:00:00'),
(11219, 522, 9, 8, '1', '2024-07-02 11:00:00'),
(11220, 358, 15, 8, '2', '2023-07-29 11:00:00'),
(11221, 523, 57, 8, '1', '2024-11-11 13:00:00'),
(11222, 429, 57, 8, '0', '2023-09-28 12:00:00'),
(11223, 446, 61, 8, '1', '2024-12-29 10:00:00'),
(11224, 377, 48, 8, '1', '2025-02-19 14:00:00'),
(11225, 465, 60, 8, '0', '2023-03-14 15:00:00'),
(11226, 43, 17, 8, '3', '2024-06-29 10:00:00'),
(11227, 300, 57, 8, '0', '2024-05-07 12:00:00'),
(11228, 89, 16, 8, '0', '2023-04-19 11:00:00'),
(11229, 416, 51, 8, '1', '2024-10-02 17:00:00'),
(11230, 193, 40, 8, '3', '2024-08-17 17:00:00'),
(11231, 388, 43, 8, '0', '2023-07-14 11:00:00'),
(11232, 522, 17, 8, '1', '2023-06-03 08:00:00'),
(11233, 193, 51, 8, '0', '2023-03-27 17:00:00'),
(11234, 300, 43, 8, '1', '2024-04-29 09:00:00'),
(11235, 281, 41, 8, '3', '2024-07-04 12:00:00'),
(11236, 16, 58, 8, '2', '2023-12-07 15:00:00'),
(11237, 522, 58, 8, '1', '2023-06-21 16:00:00'),
(11238, 466, 58, 8, '0', '2025-01-13 12:00:00'),
(11239, 43, 7, 8, '2', '2024-04-12 16:00:00'),
(11240, 290, 40, 8, '2', '2023-04-15 16:00:00'),
(11241, 140, 57, 8, '0', '2023-03-15 12:00:00'),
(11242, 300, 58, 8, '3', '2023-05-29 11:00:00'),
(11243, 31, 57, 8, '3', '2024-11-29 12:00:00'),
(11244, 358, 57, 8, '3', '2024-08-14 14:00:00'),
(11245, 89, 59, 8, '2', '2024-07-06 13:00:00'),
(11246, 70, 42, 8, '3', '2023-12-31 08:00:00'),
(11247, 477, 50, 8, '1', '2023-11-20 08:00:00'),
(11248, 358, 9, 8, '1', '2024-06-15 10:00:00'),
(11249, 191, 13, 8, '1', '2024-01-22 16:00:00'),
(11250, 377, 15, 8, '0', '2023-08-06 15:00:00'),
(11251, 446, 58, 8, '3', '2024-08-29 13:00:00'),
(11252, 416, 15, 8, '1', '2024-01-08 09:00:00'),
(11253, 416, 60, 8, '1', '2025-01-22 17:00:00'),
(11254, 299, 16, 8, '1', '2024-04-22 16:00:00'),
(11255, 377, 42, 8, '2', '2023-06-04 14:00:00'),
(11256, 523, 59, 8, '1', '2025-01-19 17:00:00'),
(11257, 446, 44, 8, '2', '2023-05-31 17:00:00'),
(11258, 388, 44, 8, '0', '2024-05-18 17:00:00'),
(11259, 174, 8, 8, '3', '2024-12-31 14:00:00'),
(11260, 240, 7, 8, '3', '2023-12-27 15:00:00'),
(11261, 89, 51, 8, '2', '2024-03-09 14:00:00'),
(11262, 52, 58, 8, '2', '2024-10-17 11:00:00'),
(11263, 140, 8, 8, '2', '2023-06-04 11:00:00'),
(11264, 359, 56, 8, '1', '2024-12-24 11:00:00'),
(11265, 207, 58, 8, '3', '2025-02-05 16:00:00'),
(11266, 43, 41, 8, '3', '2023-09-16 14:00:00'),
(11267, 235, 58, 8, '2', '2023-08-17 15:00:00'),
(11268, 466, 47, 8, '2', '2025-03-12 16:00:00'),
(11269, 48, 44, 8, '3', '2024-03-17 12:00:00'),
(11270, 70, 57, 8, '2', '2024-05-14 10:00:00'),
(11271, 299, 9, 8, '2', '2023-11-14 08:00:00'),
(11272, 431, 60, 8, '3', '2025-01-05 11:00:00'),
(11273, 466, 8, 8, '2', '2024-09-16 15:00:00'),
(11274, 179, 59, 8, '1', '2023-08-17 12:00:00'),
(11275, 431, 51, 8, '1', '2023-03-20 16:00:00'),
(11276, 465, 57, 8, '1', '2024-02-17 11:00:00'),
(11277, 358, 59, 8, '3', '2025-02-08 16:00:00'),
(11278, 43, 40, 8, '2', '2024-11-04 12:00:00'),
(11279, 437, 50, 8, '0', '2024-03-07 13:00:00'),
(11280, 508, 62, 8, '1', '2023-12-18 15:00:00'),
(11281, 431, 56, 8, '1', '2025-01-04 12:00:00'),
(11282, 177, 16, 8, '1', '2023-05-11 11:00:00'),
(11283, 358, 61, 8, '2', '2023-05-13 10:00:00'),
(11284, 300, 42, 8, '3', '2024-03-30 08:00:00'),
(11285, 465, 9, 8, '2', '2023-09-21 11:00:00'),
(11286, 70, 8, 8, '2', '2024-10-25 10:00:00'),
(11287, 89, 57, 8, '0', '2024-06-18 14:00:00'),
(11288, 177, 61, 8, '1', '2024-03-11 11:00:00'),
(11289, 31, 8, 8, '0', '2023-08-01 09:00:00'),
(11290, 358, 44, 8, '3', '2024-03-29 11:00:00'),
(11291, 358, 46, 8, '2', '2023-06-09 16:00:00'),
(11292, 431, 58, 8, '3', '2023-12-24 12:00:00'),
(11293, 70, 41, 8, '1', '2024-12-25 17:00:00'),
(11294, 431, 8, 8, '2', '2024-11-04 12:00:00'),
(11295, 331, 15, 8, '3', '2023-06-21 14:00:00'),
(11296, 331, 57, 8, '2', '2024-04-30 11:00:00'),
(11297, 70, 46, 8, '3', '2023-11-19 10:00:00'),
(11298, 177, 60, 8, '2', '2024-07-12 10:00:00'),
(11299, 136, 57, 8, '0', '2023-11-08 13:00:00'),
(11300, 388, 59, 8, '1', '2023-05-02 15:00:00'),
(11301, 479, 43, 8, '2', '2023-08-11 15:00:00'),
(11302, 431, 56, 8, '2', '2025-03-12 16:00:00'),
(11303, 43, 46, 8, '1', '2023-10-18 12:00:00'),
(11304, 388, 56, 8, '3', '2023-08-21 17:00:00'),
(11305, 70, 13, 8, '2', '2023-10-24 10:00:00'),
(11306, 140, 41, 8, '1', '2025-01-18 17:00:00'),
(11307, 31, 60, 8, '3', '2024-04-20 08:00:00'),
(11308, 358, 43, 8, '3', '2024-03-02 17:00:00'),
(11309, 43, 8, 8, '2', '2024-05-28 14:00:00'),
(11310, 51, 41, 8, '3', '2024-10-24 15:00:00'),
(11311, 48, 48, 8, '3', '2024-10-19 16:00:00'),
(11312, 466, 40, 8, '0', '2024-12-14 16:00:00'),
(11313, 377, 61, 8, '1', '2024-01-11 14:00:00'),
(11314, 177, 59, 8, '3', '2023-09-30 12:00:00'),
(11315, 523, 59, 8, '0', '2023-11-27 14:00:00'),
(11316, 416, 8, 8, '2', '2024-03-27 15:00:00'),
(11317, 299, 60, 8, '2', '2024-03-20 15:00:00'),
(11318, 359, 58, 8, '1', '2024-05-28 15:00:00'),
(11319, 299, 44, 8, '2', '2024-10-27 13:00:00'),
(11320, 51, 8, 8, '1', '2023-06-01 08:00:00'),
(11321, 300, 56, 8, '3', '2024-10-19 16:00:00'),
(11322, 16, 46, 8, '1', '2024-01-12 12:00:00'),
(11323, 466, 48, 8, '3', '2023-03-29 14:00:00'),
(11324, 16, 47, 8, '1', '2023-05-17 17:00:00'),
(11325, 240, 46, 8, '2', '2023-05-21 09:00:00'),
(11326, 136, 56, 8, '1', '2023-07-31 11:00:00'),
(11327, 136, 43, 8, '2', '2024-04-12 13:00:00'),
(11328, 16, 8, 8, '3', '2024-10-13 16:00:00'),
(11329, 89, 17, 8, '1', '2024-11-18 14:00:00'),
(11330, 446, 51, 8, '1', '2023-10-18 14:00:00'),
(11331, 193, 51, 8, '2', '2023-10-17 08:00:00'),
(11332, 70, 41, 8, '2', '2023-06-29 17:00:00'),
(11333, 388, 42, 8, '3', '2024-06-28 13:00:00'),
(11334, 377, 47, 8, '1', '2024-04-16 10:00:00'),
(11335, 70, 9, 8, '3', '2025-02-16 15:00:00'),
(11336, 377, 60, 8, '0', '2024-09-07 10:00:00'),
(11337, 359, 44, 8, '1', '2023-05-21 10:00:00'),
(11338, 43, 58, 8, '1', '2024-12-31 16:00:00'),
(11339, 358, 51, 8, '1', '2023-07-21 10:00:00'),
(11340, 240, 8, 8, '0', '2024-12-28 17:00:00'),
(11341, 331, 40, 8, '3', '2024-08-18 16:00:00'),
(11342, 431, 60, 8, '2', '2024-10-15 11:00:00'),
(11343, 16, 46, 8, '0', '2024-01-06 10:00:00'),
(11344, 523, 15, 8, '2', '2024-11-03 09:00:00'),
(11345, 136, 9, 8, '1', '2023-03-29 09:00:00'),
(11346, 136, 8, 8, '3', '2024-01-13 16:00:00'),
(11347, 51, 61, 8, '2', '2025-02-16 10:00:00'),
(11348, 377, 17, 8, '0', '2024-06-17 13:00:00'),
(11349, 427, 57, 8, '1', '2023-05-13 10:00:00'),
(11350, 359, 17, 8, '1', '2024-02-11 11:00:00'),
(11351, 431, 9, 8, '0', '2024-03-05 13:00:00'),
(11352, 43, 41, 8, '3', '2023-07-17 14:00:00'),
(11353, 300, 56, 8, '0', '2024-06-01 12:00:00'),
(11354, 174, 8, 8, '0', '2024-06-28 09:00:00'),
(11355, 235, 46, 8, '0', '2023-07-25 09:00:00'),
(11356, 388, 44, 8, '2', '2024-09-12 15:00:00'),
(11357, 290, 46, 8, '2', '2024-02-13 13:00:00'),
(11358, 299, 48, 8, '2', '2024-06-20 15:00:00'),
(11359, 466, 47, 8, '3', '2024-02-13 10:00:00'),
(11360, 136, 41, 8, '1', '2023-06-26 15:00:00'),
(11361, 429, 41, 8, '0', '2024-01-25 14:00:00'),
(11362, 140, 60, 8, '2', '2024-12-18 16:00:00'),
(11363, 465, 7, 8, '2', '2023-09-16 14:00:00'),
(11364, 359, 51, 8, '2', '2023-04-15 10:00:00'),
(11365, 281, 15, 8, '3', '2023-11-10 11:00:00'),
(11366, 43, 43, 8, '2', '2025-02-03 11:00:00'),
(11367, 466, 59, 8, '0', '2025-02-26 10:00:00'),
(11368, 466, 42, 8, '0', '2023-04-28 16:00:00'),
(11369, 331, 16, 8, '0', '2025-02-27 16:00:00'),
(11370, 68, 62, 8, '1', '2023-07-13 13:00:00'),
(11371, 16, 57, 8, '3', '2024-02-04 17:00:00'),
(11372, 358, 48, 8, '1', '2023-12-11 15:00:00'),
(11373, 299, 15, 8, '3', '2023-07-22 13:00:00'),
(11374, 431, 56, 8, '0', '2023-11-12 15:00:00'),
(11375, 51, 48, 8, '1', '2023-04-24 15:00:00'),
(11376, 179, 44, 8, '1', '2023-12-09 09:00:00'),
(11377, 465, 43, 8, '1', '2024-02-11 08:00:00'),
(11378, 429, 17, 8, '1', '2023-07-13 13:00:00'),
(11379, 429, 7, 8, '2', '2023-08-15 08:00:00'),
(11380, 522, 61, 8, '2', '2023-04-03 11:00:00'),
(11381, 300, 42, 8, '3', '2024-04-19 09:00:00'),
(11382, 240, 41, 8, '1', '2024-08-17 15:00:00'),
(11383, 136, 16, 8, '0', '2023-05-23 13:00:00'),
(11384, 16, 56, 8, '1', '2023-04-14 14:00:00'),
(11385, 331, 41, 8, '0', '2025-02-04 10:00:00'),
(11386, 522, 40, 8, '1', '2024-05-09 17:00:00'),
(11387, 299, 43, 8, '2', '2024-07-10 13:00:00'),
(11388, 3, 62, 8, '1', '2023-06-25 15:00:00'),
(11389, 446, 15, 8, '1', '2023-09-02 10:00:00'),
(11390, 388, 41, 8, '3', '2024-10-11 10:00:00'),
(11391, 43, 59, 8, '2', '2024-02-23 15:00:00'),
(11392, 177, 51, 8, '1', '2023-08-01 11:00:00'),
(11393, 431, 15, 8, '1', '2024-04-30 09:00:00'),
(11394, 281, 46, 8, '3', '2024-08-15 11:00:00'),
(11395, 181, 42, 8, '3', '2024-10-18 16:00:00'),
(11396, 174, 51, 8, '0', '2023-10-23 09:00:00'),
(11397, 388, 9, 8, '2', '2023-11-22 16:00:00'),
(11398, 70, 41, 8, '0', '2023-04-13 08:00:00'),
(11399, 290, 61, 8, '2', '2024-12-25 15:00:00'),
(11400, 523, 57, 8, '2', '2023-06-19 12:00:00'),
(11401, 191, 47, 8, '1', '2023-05-07 11:00:00'),
(11402, 31, 17, 8, '1', '2024-01-04 15:00:00'),
(11403, 465, 16, 8, '1', '2024-05-15 16:00:00'),
(11404, 377, 8, 8, '0', '2024-05-14 17:00:00'),
(11405, 429, 8, 8, '2', '2023-06-21 11:00:00'),
(11406, 416, 44, 8, '3', '2023-05-18 11:00:00'),
(11407, 359, 61, 8, '1', '2023-07-12 13:00:00'),
(11408, 48, 13, 8, '3', '2023-11-30 14:00:00'),
(11409, 431, 61, 8, '2', '2024-12-03 15:00:00'),
(11410, 51, 58, 8, '0', '2023-08-28 09:00:00'),
(11411, 181, 16, 8, '3', '2024-03-07 10:00:00'),
(11412, 358, 42, 8, '3', '2024-04-19 15:00:00'),
(11413, 136, 51, 8, '2', '2023-05-31 16:00:00'),
(11414, 416, 41, 8, '1', '2023-04-02 12:00:00'),
(11415, 388, 61, 8, '1', '2023-11-24 14:00:00'),
(11416, 358, 61, 8, '2', '2023-08-15 14:00:00'),
(11417, 429, 43, 8, '0', '2024-12-02 10:00:00'),
(11418, 179, 43, 8, '2', '2024-01-01 09:00:00'),
(11419, 181, 57, 8, '0', '2024-02-28 13:00:00'),
(11420, 191, 16, 8, '0', '2023-06-16 11:00:00'),
(11421, 31, 59, 8, '2', '2023-03-17 10:00:00'),
(11422, 331, 57, 8, '2', '2024-02-17 15:00:00'),
(11423, 523, 51, 8, '0', '2023-04-28 15:00:00'),
(11424, 43, 7, 8, '1', '2023-04-02 12:00:00'),
(11425, 429, 61, 8, '0', '2023-10-30 17:00:00'),
(11426, 281, 43, 8, '0', '2023-11-21 12:00:00'),
(11427, 358, 57, 8, '3', '2023-06-11 15:00:00'),
(11428, 48, 13, 8, '1', '2024-02-12 11:00:00'),
(11429, 508, 62, 8, '1', '2023-12-30 15:00:00'),
(11430, 191, 17, 8, '3', '2024-08-03 12:00:00'),
(11431, 235, 51, 8, '1', '2023-12-04 09:00:00'),
(11432, 235, 17, 8, '2', '2024-01-10 17:00:00'),
(11433, 377, 57, 8, '1', '2023-08-21 11:00:00'),
(11434, 523, 40, 8, '1', '2024-08-31 11:00:00'),
(11435, 174, 40, 8, '3', '2024-12-08 11:00:00'),
(11436, 397, 58, 8, '2', '2025-01-01 12:00:00'),
(11437, 179, 43, 8, '2', '2024-03-23 15:00:00'),
(11438, 48, 8, 8, '0', '2024-09-06 16:00:00'),
(11439, 174, 15, 8, '3', '2024-08-15 14:00:00'),
(11440, 446, 47, 8, '2', '2024-04-10 13:00:00'),
(11441, 191, 8, 8, '1', '2025-01-03 12:00:00'),
(11442, 48, 51, 8, '2', '2024-04-19 12:00:00'),
(11443, 174, 16, 8, '2', '2023-08-13 12:00:00'),
(11444, 51, 60, 8, '0', '2024-05-24 16:00:00'),
(11445, 281, 40, 8, '2', '2024-06-18 15:00:00'),
(11446, 177, 17, 8, '2', '2023-06-07 16:00:00'),
(11447, 416, 60, 8, '1', '2024-06-12 13:00:00'),
(11448, 281, 41, 8, '3', '2024-01-08 16:00:00'),
(11449, 48, 56, 8, '2', '2023-06-09 10:00:00'),
(11450, 43, 56, 8, '3', '2024-05-22 14:00:00'),
(11451, 177, 58, 8, '3', '2025-01-01 17:00:00'),
(11452, 331, 61, 8, '3', '2024-11-18 12:00:00'),
(11453, 136, 60, 8, '2', '2024-04-25 09:00:00'),
(11454, 300, 41, 8, '2', '2024-03-29 14:00:00'),
(11455, 153, 43, 8, '2', '2024-02-09 14:00:00'),
(11456, 136, 8, 8, '0', '2023-10-03 17:00:00'),
(11457, 359, 60, 8, '3', '2024-10-05 08:00:00'),
(11458, 358, 61, 8, '2', '2024-01-11 16:00:00'),
(11459, 114, 50, 8, '0', '2025-01-20 14:00:00'),
(11460, 377, 58, 8, '0', '2025-03-06 15:00:00'),
(11461, 359, 46, 8, '2', '2023-05-19 15:00:00'),
(11462, 89, 40, 8, '0', '2024-09-12 10:00:00'),
(11463, 431, 56, 8, '2', '2023-10-02 12:00:00'),
(11464, 281, 57, 8, '2', '2024-09-06 15:00:00'),
(11465, 300, 51, 8, '2', '2024-09-07 15:00:00'),
(11466, 431, 46, 8, '1', '2023-04-27 09:00:00'),
(11467, 181, 13, 8, '3', '2024-02-27 17:00:00'),
(11468, 359, 41, 8, '2', '2024-09-14 08:00:00'),
(11469, 388, 48, 8, '3', '2023-05-09 12:00:00'),
(11470, 89, 42, 8, '1', '2023-07-11 13:00:00'),
(11471, 191, 8, 8, '0', '2023-03-15 08:00:00'),
(11472, 70, 7, 8, '0', '2024-10-14 12:00:00'),
(11473, 465, 9, 8, '1', '2024-05-23 15:00:00'),
(11474, 523, 9, 8, '0', '2023-12-19 09:00:00'),
(11475, 235, 41, 8, '0', '2023-10-04 11:00:00'),
(11476, 140, 7, 8, '3', '2024-11-20 10:00:00'),
(11477, 51, 57, 8, '0', '2023-03-21 17:00:00'),
(11478, 431, 15, 8, '3', '2023-11-01 08:00:00'),
(11479, 465, 59, 8, '3', '2025-01-19 15:00:00'),
(11480, 466, 48, 8, '3', '2024-04-05 13:00:00'),
(11481, 43, 8, 8, '1', '2023-12-12 08:00:00'),
(11482, 16, 7, 8, '1', '2023-06-04 14:00:00'),
(11483, 177, 57, 8, '2', '2023-08-12 12:00:00'),
(11484, 281, 60, 8, '1', '2024-03-30 09:00:00'),
(11485, 281, 51, 8, '2', '2023-04-01 17:00:00'),
(11486, 290, 42, 8, '0', '2025-02-09 09:00:00'),
(11487, 359, 51, 8, '0', '2023-07-02 09:00:00'),
(11488, 177, 48, 8, '0', '2024-07-12 11:00:00'),
(11489, 523, 47, 8, '3', '2024-05-22 14:00:00'),
(11490, 446, 46, 8, '3', '2024-07-24 16:00:00'),
(11491, 235, 60, 8, '1', '2023-12-03 15:00:00'),
(11492, 198, 62, 8, '1', '2024-11-22 13:00:00'),
(11493, 43, 44, 8, '0', '2023-09-23 09:00:00'),
(11494, 290, 8, 8, '0', '2024-07-06 11:00:00'),
(11495, 235, 61, 8, '2', '2023-10-15 17:00:00'),
(11496, 191, 44, 8, '0', '2023-07-02 09:00:00'),
(11497, 235, 13, 8, '2', '2023-11-09 14:00:00'),
(11498, 427, 15, 8, '2', '2023-05-30 11:00:00'),
(11499, 465, 51, 8, '3', '2024-02-11 12:00:00'),
(11500, 136, 42, 8, '3', '2024-12-02 11:00:00'),
(11501, 174, 41, 8, '0', '2024-07-08 14:00:00'),
(11502, 16, 56, 8, '0', '2023-10-27 11:00:00'),
(11503, 522, 9, 8, '1', '2023-04-12 11:00:00'),
(11504, 466, 16, 8, '1', '2024-05-16 16:00:00'),
(11505, 181, 58, 8, '0', '2024-02-15 11:00:00'),
(11506, 290, 51, 8, '1', '2023-10-13 12:00:00'),
(11507, 177, 42, 8, '2', '2024-07-08 12:00:00'),
(11508, 76, 62, 8, '0', '2023-10-06 10:00:00'),
(11509, 179, 44, 8, '2', '2023-06-07 10:00:00'),
(11510, 300, 61, 8, '1', '2023-04-12 13:00:00'),
(11511, 300, 15, 8, '3', '2024-08-26 12:00:00'),
(11512, 299, 57, 8, '0', '2024-05-13 17:00:00'),
(11513, 127, 50, 8, '3', '2024-05-01 15:00:00'),
(11514, 522, 57, 8, '0', '2024-03-11 12:00:00'),
(11515, 431, 7, 8, '2', '2023-12-11 13:00:00'),
(11516, 377, 41, 8, '0', '2023-06-13 17:00:00'),
(11517, 140, 7, 8, '0', '2023-04-12 08:00:00'),
(11518, 161, 50, 8, '3', '2024-04-06 16:00:00'),
(11519, 299, 41, 8, '1', '2023-03-17 11:00:00'),
(11520, 181, 58, 8, '3', '2024-08-22 13:00:00'),
(11521, 191, 9, 8, '3', '2024-04-30 10:00:00'),
(11522, 300, 40, 8, '1', '2023-06-12 16:00:00'),
(11523, 140, 16, 8, '0', '2024-12-01 14:00:00'),
(11524, 281, 51, 8, '0', '2024-06-07 17:00:00'),
(11525, 431, 13, 8, '2', '2023-11-21 10:00:00'),
(11526, 416, 42, 8, '1', '2023-12-14 14:00:00'),
(11527, 70, 60, 8, '1', '2024-09-11 09:00:00'),
(11528, 76, 62, 8, '3', '2024-08-18 13:00:00'),
(11529, 193, 46, 8, '0', '2023-11-19 14:00:00'),
(11530, 377, 16, 8, '2', '2024-06-05 13:00:00'),
(11531, 431, 57, 8, '0', '2024-10-07 16:00:00'),
(11532, 235, 51, 8, '0', '2023-10-10 16:00:00'),
(11533, 51, 41, 8, '2', '2023-07-23 10:00:00'),
(11534, 358, 41, 8, '3', '2023-07-25 10:00:00'),
(11535, 299, 8, 8, '3', '2024-12-08 10:00:00'),
(11536, 427, 60, 8, '2', '2024-09-30 15:00:00'),
(11537, 140, 16, 8, '0', '2023-12-20 08:00:00'),
(11538, 388, 59, 8, '3', '2024-12-04 17:00:00'),
(11539, 359, 60, 8, '2', '2023-09-06 12:00:00'),
(11540, 174, 56, 8, '1', '2023-11-24 14:00:00'),
(11541, 377, 42, 8, '1', '2024-11-07 12:00:00'),
(11542, 377, 59, 8, '2', '2023-04-23 14:00:00'),
(11543, 465, 17, 8, '3', '2024-11-12 10:00:00'),
(11544, 411, 43, 8, '3', '2024-03-27 10:00:00'),
(11545, 16, 40, 8, '3', '2023-05-18 08:00:00'),
(11546, 240, 58, 8, '1', '2024-02-09 11:00:00'),
(11547, 411, 43, 8, '1', '2024-02-19 10:00:00'),
(11548, 89, 51, 8, '2', '2024-01-07 14:00:00'),
(11549, 235, 8, 8, '0', '2023-09-16 09:00:00'),
(11550, 31, 7, 8, '3', '2024-10-24 12:00:00'),
(11551, 191, 59, 8, '1', '2025-02-07 14:00:00'),
(11552, 48, 43, 8, '1', '2024-12-27 10:00:00'),
(11553, 429, 58, 8, '3', '2023-10-19 10:00:00'),
(11554, 388, 7, 8, '0', '2024-09-02 17:00:00'),
(11555, 235, 56, 8, '0', '2024-11-27 16:00:00'),
(11556, 299, 8, 8, '3', '2025-01-14 12:00:00'),
(11557, 299, 48, 8, '2', '2024-09-08 15:00:00'),
(11558, 522, 56, 8, '0', '2025-02-01 09:00:00'),
(11559, 281, 57, 8, '1', '2024-09-05 10:00:00'),
(11560, 16, 51, 8, '1', '2023-11-26 16:00:00'),
(11561, 331, 56, 8, '1', '2024-08-11 15:00:00'),
(11562, 191, 8, 8, '1', '2024-12-07 12:00:00'),
(11563, 140, 51, 8, '2', '2024-01-23 12:00:00'),
(11564, 136, 51, 8, '2', '2024-05-02 17:00:00'),
(11565, 466, 17, 8, '3', '2024-05-06 12:00:00'),
(11566, 429, 57, 8, '3', '2023-12-07 16:00:00'),
(11567, 359, 58, 8, '3', '2024-03-14 15:00:00'),
(11568, 331, 8, 8, '3', '2023-10-10 13:00:00'),
(11569, 43, 61, 8, '2', '2024-05-02 16:00:00'),
(11570, 31, 56, 8, '1', '2025-02-06 14:00:00'),
(11571, 358, 7, 8, '2', '2024-03-08 10:00:00'),
(11572, 465, 46, 8, '1', '2024-04-18 09:00:00'),
(11573, 31, 41, 8, '0', '2023-09-05 17:00:00'),
(11574, 181, 16, 8, '1', '2025-02-01 12:00:00'),
(11575, 465, 43, 8, '3', '2024-10-15 16:00:00'),
(11576, 48, 43, 8, '3', '2024-06-12 08:00:00'),
(11577, 299, 48, 8, '1', '2024-09-11 12:00:00'),
(11578, 48, 59, 8, '2', '2023-12-01 09:00:00'),
(11579, 427, 51, 8, '3', '2023-10-27 12:00:00'),
(11580, 466, 59, 8, '0', '2023-08-22 12:00:00'),
(11581, 235, 58, 8, '2', '2024-10-09 11:00:00'),
(11582, 261, 43, 8, '1', '2023-07-20 11:00:00'),
(11583, 154, 62, 8, '2', '2024-03-06 11:00:00'),
(11584, 89, 51, 8, '0', '2024-02-23 10:00:00'),
(11585, 333, 62, 8, '3', '2024-06-01 10:00:00'),
(11586, 281, 17, 8, '1', '2024-08-26 11:00:00'),
(11587, 16, 15, 8, '2', '2024-05-11 09:00:00'),
(11588, 140, 40, 8, '0', '2024-12-31 13:00:00'),
(11589, 140, 57, 8, '0', '2025-02-16 10:00:00'),
(11590, 70, 59, 8, '1', '2025-02-28 12:00:00'),
(11591, 51, 44, 8, '2', '2024-06-21 11:00:00'),
(11592, 179, 57, 8, '2', '2023-04-24 15:00:00'),
(11593, 70, 58, 8, '1', '2024-05-15 12:00:00'),
(11594, 31, 8, 8, '0', '2024-03-06 09:00:00'),
(11595, 89, 60, 8, '3', '2023-08-02 09:00:00'),
(11596, 290, 16, 8, '0', '2023-07-13 16:00:00'),
(11597, 465, 17, 8, '0', '2024-05-21 16:00:00'),
(11598, 60, 62, 8, '3', '2024-08-02 14:00:00'),
(11599, 446, 56, 8, '1', '2024-07-17 15:00:00'),
(11600, 437, 50, 8, '0', '2024-09-25 11:00:00'),
(11601, 179, 61, 8, '2', '2024-11-21 09:00:00'),
(11602, 174, 51, 8, '0', '2023-11-02 13:00:00'),
(11603, 466, 8, 8, '3', '2025-01-03 13:00:00'),
(11604, 140, 61, 8, '0', '2024-04-14 13:00:00'),
(11605, 377, 46, 8, '2', '2025-02-14 16:00:00'),
(11606, 179, 56, 8, '1', '2024-04-27 14:00:00'),
(11607, 136, 59, 8, '3', '2023-10-08 13:00:00'),
(11608, 522, 48, 8, '2', '2023-07-05 16:00:00'),
(11609, 89, 13, 8, '1', '2023-04-06 08:00:00'),
(11610, 466, 57, 8, '0', '2024-10-23 11:00:00'),
(11611, 16, 15, 8, '2', '2023-10-24 13:00:00'),
(11612, 240, 61, 8, '3', '2024-02-24 10:00:00'),
(11613, 177, 61, 8, '0', '2023-04-11 17:00:00'),
(11614, 331, 60, 8, '3', '2024-12-16 09:00:00'),
(11615, 31, 17, 8, '3', '2024-05-11 12:00:00'),
(11616, 468, 62, 8, '0', '2024-06-07 17:00:00'),
(11617, 281, 56, 8, '1', '2024-03-16 10:00:00'),
(11618, 174, 58, 8, '0', '2024-04-14 13:00:00'),
(11619, 174, 17, 8, '3', '2023-05-21 16:00:00'),
(11620, 48, 58, 8, '1', '2023-11-18 14:00:00'),
(11621, 331, 56, 8, '3', '2025-01-17 14:00:00'),
(11622, 388, 57, 8, '0', '2024-06-28 12:00:00'),
(11623, 377, 57, 8, '1', '2024-12-08 11:00:00'),
(11624, 177, 41, 8, '1', '2024-12-30 09:00:00'),
(11625, 446, 7, 8, '1', '2023-07-23 08:00:00'),
(11626, 51, 60, 8, '0', '2024-04-13 08:00:00'),
(11627, 299, 51, 8, '0', '2025-01-27 10:00:00'),
(11628, 427, 56, 8, '2', '2023-08-09 12:00:00'),
(11629, 429, 46, 8, '2', '2023-05-24 14:00:00'),
(11630, 177, 9, 8, '3', '2023-06-13 14:00:00'),
(11631, 177, 57, 8, '0', '2024-03-24 13:00:00'),
(11632, 466, 13, 8, '0', '2024-07-21 09:00:00'),
(11633, 235, 43, 8, '0', '2024-04-02 12:00:00'),
(11634, 388, 57, 8, '0', '2024-09-18 12:00:00'),
(11635, 43, 60, 8, '1', '2024-12-21 16:00:00'),
(11636, 352, 62, 8, '0', '2025-01-13 14:00:00'),
(11637, 299, 42, 8, '1', '2023-08-22 17:00:00'),
(11638, 522, 41, 8, '2', '2024-04-11 12:00:00'),
(11639, 235, 42, 8, '0', '2024-11-19 14:00:00'),
(11640, 70, 51, 8, '3', '2024-06-24 09:00:00'),
(11641, 416, 43, 8, '3', '2023-10-01 14:00:00'),
(11642, 290, 40, 8, '0', '2025-02-27 13:00:00'),
(11643, 358, 9, 8, '1', '2024-10-13 15:00:00'),
(11644, 466, 43, 8, '1', '2024-11-23 10:00:00'),
(11645, 174, 51, 8, '1', '2023-11-25 13:00:00'),
(11646, 89, 58, 8, '2', '2024-01-31 14:00:00'),
(11647, 446, 17, 8, '3', '2024-02-19 14:00:00'),
(11648, 429, 46, 8, '3', '2024-07-13 16:00:00'),
(11649, 523, 16, 8, '0', '2023-08-07 13:00:00'),
(11650, 48, 46, 8, '0', '2024-05-07 11:00:00'),
(11651, 161, 43, 8, '3', '2024-04-11 15:00:00'),
(11652, 446, 46, 8, '0', '2024-05-26 09:00:00'),
(11653, 358, 57, 8, '3', '2024-09-13 10:00:00'),
(11654, 174, 13, 8, '1', '2024-07-26 14:00:00'),
(11655, 523, 56, 8, '2', '2024-01-03 08:00:00'),
(11656, 388, 56, 8, '0', '2024-08-11 16:00:00'),
(11657, 359, 43, 8, '1', '2023-10-25 16:00:00'),
(11658, 235, 42, 8, '3', '2023-05-31 09:00:00'),
(11659, 359, 43, 8, '3', '2024-05-08 12:00:00'),
(11660, 136, 42, 8, '0', '2023-05-09 11:00:00'),
(11661, 235, 9, 8, '0', '2024-12-08 15:00:00'),
(11662, 154, 62, 8, '2', '2024-12-05 17:00:00'),
(11663, 70, 43, 8, '2', '2025-02-02 10:00:00'),
(11664, 429, 58, 8, '2', '2023-10-17 13:00:00'),
(11665, 427, 51, 8, '1', '2023-08-05 10:00:00'),
(11666, 136, 7, 8, '2', '2023-09-15 17:00:00'),
(11667, 333, 58, 8, '3', '2024-05-25 10:00:00'),
(11668, 300, 15, 8, '0', '2024-09-13 13:00:00'),
(11669, 189, 62, 8, '0', '2024-12-25 11:00:00'),
(11670, 240, 57, 8, '1', '2023-04-05 08:00:00'),
(11671, 359, 48, 8, '0', '2024-12-26 13:00:00'),
(11672, 466, 51, 8, '0', '2024-08-08 16:00:00'),
(11673, 358, 40, 8, '2', '2023-06-09 12:00:00'),
(11674, 48, 13, 8, '3', '2023-11-14 16:00:00'),
(11675, 43, 9, 8, '2', '2023-08-20 10:00:00'),
(11676, 193, 9, 8, '1', '2023-08-29 16:00:00'),
(11677, 51, 46, 8, '1', '2023-05-07 17:00:00'),
(11678, 300, 61, 8, '3', '2024-02-29 13:00:00'),
(11679, 177, 46, 8, '1', '2024-05-27 14:00:00'),
(11680, 522, 59, 8, '3', '2024-03-28 16:00:00'),
(11681, 179, 59, 8, '2', '2024-10-16 10:00:00'),
(11682, 191, 60, 8, '1', '2023-06-01 17:00:00'),
(11683, 16, 51, 8, '0', '2023-07-06 17:00:00'),
(11684, 177, 51, 8, '1', '2025-03-01 08:00:00'),
(11685, 358, 41, 8, '1', '2024-01-24 16:00:00'),
(11686, 181, 41, 8, '0', '2023-07-28 11:00:00'),
(11687, 465, 46, 8, '3', '2024-01-03 13:00:00'),
(11688, 290, 51, 8, '1', '2024-01-17 16:00:00'),
(11689, 235, 44, 8, '0', '2024-05-03 11:00:00'),
(11690, 377, 13, 8, '3', '2023-10-19 09:00:00'),
(11691, 388, 41, 8, '1', '2023-05-28 14:00:00'),
(11692, 240, 47, 8, '1', '2023-08-30 13:00:00'),
(11693, 331, 43, 8, '0', '2023-05-04 11:00:00'),
(11694, 31, 61, 8, '0', '2023-08-01 11:00:00'),
(11695, 522, 59, 8, '2', '2024-10-29 09:00:00'),
(11696, 377, 51, 8, '1', '2023-11-12 14:00:00'),
(11697, 446, 7, 8, '0', '2023-08-04 11:00:00'),
(11698, 429, 8, 8, '2', '2023-05-03 10:00:00'),
(11699, 240, 51, 8, '2', '2024-11-24 12:00:00'),
(11700, 235, 51, 8, '3', '2024-01-13 09:00:00'),
(11701, 388, 8, 8, '0', '2024-04-22 09:00:00'),
(11702, 179, 7, 8, '0', '2024-09-01 16:00:00'),
(11703, 89, 57, 8, '2', '2023-05-01 11:00:00'),
(11704, 174, 51, 8, '2', '2023-04-28 14:00:00'),
(11705, 466, 61, 8, '2', '2023-04-18 12:00:00'),
(11706, 299, 43, 8, '1', '2023-09-21 13:00:00'),
(11707, 138, 50, 8, '2', '2025-01-22 12:00:00'),
(11708, 240, 40, 8, '3', '2024-01-29 10:00:00'),
(11709, 358, 8, 8, '0', '2024-08-08 16:00:00'),
(11710, 95, 62, 8, '2', '2024-11-23 12:00:00'),
(11711, 359, 42, 8, '0', '2024-06-11 13:00:00'),
(11712, 193, 40, 8, '0', '2023-10-13 12:00:00'),
(11713, 193, 16, 8, '2', '2024-12-02 14:00:00'),
(11714, 51, 9, 8, '2', '2024-08-04 15:00:00'),
(11715, 523, 13, 8, '3', '2024-10-25 14:00:00'),
(11716, 388, 8, 8, '2', '2024-05-10 15:00:00'),
(11717, 427, 46, 8, '1', '2024-07-10 09:00:00'),
(11718, 89, 56, 8, '3', '2023-07-09 14:00:00'),
(11719, 416, 57, 8, '2', '2024-06-16 14:00:00'),
(11720, 290, 58, 8, '0', '2024-12-13 15:00:00'),
(11721, 377, 7, 8, '2', '2024-04-27 17:00:00'),
(11722, 300, 60, 8, '3', '2023-05-22 16:00:00'),
(11723, 193, 59, 8, '0', '2024-07-08 13:00:00'),
(11724, 290, 46, 8, '3', '2024-10-15 16:00:00'),
(11725, 431, 17, 8, '3', '2024-03-07 09:00:00'),
(11726, 299, 59, 8, '2', '2024-06-30 10:00:00'),
(11727, 300, 57, 8, '1', '2023-10-02 10:00:00'),
(11728, 331, 46, 8, '1', '2024-10-27 13:00:00'),
(11729, 51, 59, 8, '3', '2023-10-23 09:00:00'),
(11730, 70, 57, 8, '2', '2023-12-13 10:00:00'),
(11731, 43, 57, 8, '1', '2023-05-21 09:00:00'),
(11732, 48, 15, 8, '3', '2023-09-15 15:00:00'),
(11733, 358, 56, 8, '0', '2023-08-14 09:00:00'),
(11734, 359, 42, 8, '0', '2023-04-16 13:00:00'),
(11735, 43, 44, 8, '0', '2024-06-17 15:00:00'),
(11736, 466, 56, 8, '1', '2023-07-22 11:00:00'),
(11737, 3, 62, 8, '2', '2025-03-04 16:00:00'),
(11738, 427, 43, 8, '2', '2023-10-25 15:00:00'),
(11739, 191, 46, 8, '2', '2024-10-08 08:00:00'),
(11740, 427, 7, 8, '0', '2024-05-02 11:00:00'),
(11741, 388, 13, 8, '2', '2025-01-07 13:00:00'),
(11742, 377, 51, 8, '1', '2024-02-20 15:00:00'),
(11743, 388, 58, 8, '1', '2023-05-09 13:00:00'),
(11744, 388, 15, 8, '3', '2024-07-20 16:00:00'),
(11745, 240, 60, 8, '2', '2023-09-13 10:00:00'),
(11746, 466, 61, 8, '3', '2023-07-05 11:00:00'),
(11747, 43, 42, 8, '3', '2024-05-07 12:00:00'),
(11748, 359, 56, 8, '0', '2024-09-01 14:00:00'),
(11749, 181, 17, 8, '1', '2024-12-27 15:00:00'),
(11750, 179, 16, 8, '0', '2023-08-27 11:00:00'),
(11751, 388, 51, 8, '0', '2023-04-25 12:00:00'),
(11752, 51, 40, 8, '1', '2025-03-10 17:00:00'),
(11753, 431, 61, 8, '0', '2025-02-15 17:00:00'),
(11754, 299, 56, 8, '0', '2025-02-18 16:00:00'),
(11755, 377, 48, 8, '3', '2024-08-16 10:00:00'),
(11756, 181, 9, 8, '2', '2024-06-18 14:00:00'),
(11757, 352, 58, 8, '3', '2023-03-25 16:00:00'),
(11758, 193, 56, 8, '1', '2024-08-01 16:00:00'),
(11759, 300, 8, 8, '1', '2024-07-08 15:00:00'),
(11760, 140, 51, 8, '0', '2023-10-19 11:00:00'),
(11761, 140, 43, 8, '3', '2024-05-03 09:00:00'),
(11762, 51, 57, 8, '3', '2024-04-24 10:00:00'),
(11763, 136, 16, 8, '3', '2023-12-10 15:00:00'),
(11764, 446, 41, 8, '2', '2023-05-18 11:00:00'),
(11765, 466, 16, 8, '3', '2024-05-18 10:00:00'),
(11766, 179, 17, 8, '3', '2024-01-23 11:00:00'),
(11767, 465, 57, 8, '1', '2025-02-20 10:00:00'),
(11768, 377, 40, 8, '3', '2023-03-30 10:00:00'),
(11769, 299, 41, 8, '1', '2024-07-27 13:00:00'),
(11770, 290, 51, 8, '3', '2023-12-14 12:00:00'),
(11771, 174, 46, 8, '3', '2024-06-26 15:00:00'),
(11772, 427, 60, 8, '1', '2023-07-04 16:00:00'),
(11773, 70, 8, 8, '1', '2025-02-05 11:00:00'),
(11774, 48, 7, 8, '0', '2023-06-17 09:00:00'),
(11775, 522, 44, 8, '3', '2024-02-21 14:00:00'),
(11776, 522, 7, 8, '1', '2024-06-06 16:00:00'),
(11777, 70, 61, 8, '0', '2024-11-05 13:00:00'),
(11778, 346, 62, 8, '2', '2024-03-30 13:00:00'),
(11779, 523, 42, 8, '2', '2023-04-18 15:00:00'),
(11780, 174, 9, 8, '2', '2024-10-24 09:00:00'),
(11781, 495, 62, 8, '1', '2024-04-03 14:00:00'),
(11782, 177, 7, 8, '1', '2024-09-17 17:00:00'),
(11783, 43, 13, 8, '0', '2024-06-30 11:00:00'),
(11784, 388, 40, 8, '0', '2024-02-21 13:00:00'),
(11785, 136, 43, 8, '3', '2023-05-09 14:00:00'),
(11786, 466, 8, 8, '0', '2024-08-16 15:00:00'),
(11787, 140, 42, 8, '1', '2024-08-12 14:00:00'),
(11788, 300, 16, 8, '2', '2023-12-16 16:00:00'),
(11789, 31, 56, 8, '2', '2024-02-13 12:00:00'),
(11790, 290, 9, 8, '3', '2024-10-16 12:00:00'),
(11791, 181, 13, 8, '2', '2025-01-26 17:00:00'),
(11792, 465, 44, 8, '3', '2024-12-08 16:00:00'),
(11793, 240, 51, 8, '1', '2023-04-15 10:00:00'),
(11794, 427, 40, 8, '1', '2024-06-21 11:00:00'),
(11795, 427, 41, 8, '0', '2024-12-27 12:00:00'),
(11796, 177, 46, 8, '1', '2024-04-13 15:00:00'),
(11797, 70, 17, 8, '3', '2024-05-22 10:00:00'),
(11798, 181, 46, 8, '2', '2023-10-01 14:00:00'),
(11799, 177, 61, 8, '0', '2023-10-27 13:00:00'),
(11800, 177, 7, 8, '2', '2024-06-03 12:00:00'),
(11801, 48, 43, 8, '1', '2023-04-25 08:00:00'),
(11802, 522, 60, 8, '2', '2023-12-01 14:00:00'),
(11803, 290, 7, 8, '1', '2024-04-27 11:00:00'),
(11804, 240, 56, 8, '2', '2023-10-18 15:00:00'),
(11805, 431, 58, 8, '0', '2024-11-20 14:00:00'),
(11806, 416, 56, 8, '2', '2023-06-03 10:00:00'),
(11807, 427, 43, 8, '0', '2024-11-22 16:00:00'),
(11808, 193, 7, 8, '0', '2023-05-28 09:00:00'),
(11809, 48, 15, 8, '2', '2024-12-16 15:00:00'),
(11810, 446, 61, 8, '0', '2024-04-06 11:00:00'),
(11811, 174, 59, 8, '0', '2024-03-19 10:00:00'),
(11812, 299, 58, 8, '0', '2024-08-16 09:00:00'),
(11813, 300, 13, 8, '1', '2024-10-30 15:00:00'),
(11814, 300, 51, 8, '3', '2023-07-17 16:00:00'),
(11815, 174, 42, 8, '2', '2024-03-08 16:00:00'),
(11816, 358, 56, 8, '3', '2023-04-30 16:00:00'),
(11817, 48, 57, 8, '1', '2023-03-15 10:00:00'),
(11818, 136, 9, 8, '1', '2024-10-29 13:00:00'),
(11819, 388, 51, 8, '1', '2024-06-02 17:00:00'),
(11820, 466, 46, 8, '3', '2024-01-05 10:00:00'),
(11821, 377, 46, 8, '1', '2024-08-13 12:00:00'),
(11822, 161, 43, 8, '0', '2024-04-18 09:00:00'),
(11823, 281, 47, 8, '0', '2024-06-25 11:00:00'),
(11824, 281, 56, 8, '3', '2023-12-28 11:00:00'),
(11825, 60, 62, 8, '2', '2023-05-15 11:00:00'),
(11826, 179, 59, 8, '1', '2024-03-22 09:00:00'),
(11827, 136, 41, 8, '3', '2024-06-26 12:00:00'),
(11828, 261, 43, 8, '2', '2023-12-08 10:00:00'),
(11829, 300, 51, 8, '3', '2023-03-26 16:00:00'),
(11830, 181, 44, 8, '3', '2023-11-21 15:00:00'),
(11831, 51, 40, 8, '2', '2023-09-08 14:00:00'),
(11832, 140, 57, 8, '1', '2024-06-09 09:00:00'),
(11833, 240, 9, 8, '2', '2023-09-03 15:00:00'),
(11834, 16, 9, 8, '0', '2024-11-29 15:00:00'),
(11835, 427, 41, 8, '0', '2024-05-24 14:00:00'),
(11836, 48, 51, 8, '0', '2024-07-17 09:00:00'),
(11837, 240, 59, 8, '3', '2024-05-29 15:00:00');

--
-- Déchargement des données de la table `INFO_etat_module`
--

INSERT INTO `INFO_etat_module` (`id_etat_module`, `etat`, `commentaire`, `id_responsable`) VALUES
(1, 'Prod', 'Module en production', NULL),
(2, 'PROJ-IDU-A', 'Projet IDU en alternance', 18),
(3, 'PROJ-SNI-A', 'Projet SNI en alternance', 12);

--
-- Déchargement des données de la table `LNM_enseignant`
--

INSERT INTO `LNM_enseignant` (`id_enseignant`, `prenom`, `nom`, `mail`, `password`, `password_updated`, `statut`, `id_discipline`, `composante`, `service statutaire`, `décharge`, `service effectif`, `HCAutorisees`, `fullName`, `commentaire`) VALUES
(6, 'FABRICE', 'LE SAINT', 'FABRICE.LE_SAINT@truc.com', '$2y$10$zESfySbjXHm5w52l.eU4pe4L3lyiK5TPnLaNm7ca9Nqi9W74qxgVO', 0, 'permanent', 1, 'Polytech', 192, 48, 144, 0, 'FABRICE_LE_SAINT', 'PAS HC : decharge PIX 48h'),
(8, 'CLAIRE', 'IRAOLA', 'CLAIRE.IRAOLA@truc.com', NULL, 0, 'permanent', 1, 'Polytech', 192, 96, 96, 1, 'CLAIRE_IRAOLA', '32h UNITA, 64h Hype13'),
(9, 'PIERRE-ANTOINE', 'PLAZONNET', 'PIERRE-ANTOINE.PLAZONNET@truc.com', NULL, 0, 'permanent', 1, 'Polytech', 96, 0, 96, 1, 'PIERRE-ANTOINE_PLAZONNET', 'USMB 96h + Polytech 30h (126h)'),
(10, 'QUENTIN', 'MORIAUX', 'QUENTIN.MORIAUX@truc.com', NULL, 0, 'permanent', 1, 'Polytech', 192, 0, 192, 1, 'QUENTIN_MORIAUX', NULL),
(11, 'LAETICIA', 'COUBLE', 'LAETICIA.COUBLE@truc.com', NULL, 0, 'permanent', 1, 'Polytech', 192, 192, 0, 1, 'LAETICIA_COUBLE', 'Arret'),
(12, 'BENOIT', 'DILHAC', 'BENOIT.DILHAC@truc.com', NULL, 0, 'permanent', 1, 'Polytech', 192, 0, 192, 1, 'BENOIT_DILHAC', '51h TS'),
(13, 'STEPHANIE', 'PINCELOUP', 'STEPHANIE.PINCELOUP@truc.com', NULL, 0, 'permanent', 1, 'Polytech', 192, 0, 192, 1, 'STEPHANIE_PINCELOUP', NULL),
(14, 'AMELIE', 'CODRON', 'AMELIE.CODRON@truc.com', NULL, 0, 'permanent', 1, 'Polytech', 192, 0, 192, 1, 'AMELIE_CODRON', NULL),
(15, 'FLORENCE', 'SERRE', 'FLORENCE.SERRE@truc.com', NULL, 0, 'permanent', 1, 'Polytech', 192, 16, 176, 1, 'FLORENCE_SERRE', 'Decharge 16h Dir LISTIC'),
(16, 'FLORENCE', 'PY', 'FLORENCE.PY@truc.com', NULL, 0, 'permanent', 1, 'Polytech', 192, 0, 192, 1, 'FLORENCE_PY', NULL),
(17, 'MATHIEU', 'LE DREVO', 'MATHIEU.LE_DREVO@truc.com', NULL, 0, 'permanent', 1, 'Polytech', 192, 116, 76, 0, 'MATHIEU_LE_DREVO', 'mise à disposition DGESIP 60%'),
(18, 'SEBASTIEN', 'BOCHET', 'SEBASTIEN.BOCHET@truc.com', NULL, 0, 'permanent', 1, 'Polytech', 192, 30, 162, 1, 'SEBASTIEN_BOCHET', NULL),
(19, 'NICOLAS', 'CUCCO', 'NICOLAS.CUCCO@truc.com', NULL, 0, 'permanent', 1, 'Polytech', 192, 36, 156, 1, 'NICOLAS_CUCCO', '73,5 EASI'),
(21, 'BENJAMIN', 'VIVES', 'BENJAMIN.VIVES@truc.com', NULL, 0, 'vacataire', 1, '', 0, 0, 0, 1, 'BENJAMIN_VIVES', NULL),
(23, 'STEPHANE', 'BEQUET', 'STEPHANE.BEQUET@truc.com', NULL, 0, 'vacataire', 1, '', 0, 0, 0, 1, 'STEPHANE_BEQUET', 'Doc 64h max '),
(24, 'ARNAUD', 'BEURDELEY THOMAS', 'ARNAUD.BEURDELEY_THOMAS@truc.com', NULL, 0, 'permanent', NULL, 'Polytech', 0, 0, 0, 1, 'ARNAUD_BEURDELEY_THOMAS', NULL),
(25, 'YANN', 'HEALY', 'YANN.HEALY@truc.com', NULL, 0, 'vacataire', 1, '', 0, 0, 0, 1, 'YANN_HEALY', NULL),
(28, 'ALBAN', 'AYMES', 'ALBAN.AYMES@truc.com', NULL, 0, 'vacataire', 1, '', 0, 0, 0, 0, 'ALBAN_AYMES', 'Doc 64h max '),
(29, 'CYRILLE', 'CHEMANA', 'CYRILLE.CHEMANA@truc.com', NULL, 0, 'vacataire', 1, '', 0, 0, 0, 1, 'CYRILLE_CHEMANA', 'PRAG de SceM'),
(30, 'YOANN', 'BRASSE', 'YOANN.BRASSE@truc.com', NULL, 0, 'vacataire', 1, '', 0, 0, 0, 1, 'YOANN_BRASSE', 'McF SYMME/Polytech'),
(32, 'CEDRIC', 'ALVERA', 'CEDRIC.ALVERA@truc.com', NULL, 0, 'vacataire', 1, '', 0, 0, 0, 1, 'CEDRIC_ALVERA', NULL),
(33, 'PASCALE', 'PLANELLES', 'PASCALE.PLANELLES@truc.com', NULL, 0, 'vacataire', 1, '', 0, 0, 0, 1, 'PASCALE_PLANELLES', NULL),
(34, 'DAMIEN', 'LANGUILLAT', 'DAMIEN.LANGUILLAT@truc.com', NULL, 0, 'permanent', NULL, '', 0, 0, 0, 1, 'DAMIEN_LANGUILLAT', NULL),
(36, 'CELINE', 'MAITROT', 'CELINE.MAITROT@truc.com', NULL, 0, 'vacataire', 1, '', 0, 0, 0, 1, 'CELINE_MAITROT', NULL),
(37, 'YOANN', 'VIARD CRETAT', 'YOANN.VIARD_CRETAT@truc.com', NULL, 0, 'vacataire', 1, '', 0, 0, 0, 1, 'YOANN_VIARD_CRETAT', NULL),
(38, 'LAURENT', 'PONCEAU', 'LAURENT.PONCEAU@truc.com', NULL, 0, 'vacataire', NULL, '', 0, 0, 0, 1, 'LAURENT_PONCEAU', NULL),
(39, 'AUBRY', 'KURTZ', 'AUBRY.KURTZ@truc.com', NULL, 0, 'vacataire', 1, '', 0, 0, 0, 0, 'AUBRY_KURTZ', 'Doc 64h max '),
(41, 'EMMANUELLE', 'MAGNARD', 'EMMANUELLE.MAGNARD@truc.com', NULL, 0, 'vacataire', NULL, '', 0, 0, 0, 0, 'EMMANUELLE_MAGNARD', 'Doc 64h max '),
(42, 'STEPHANE', 'MARTIN', 'STEPHANE.MARTIN@truc.com', NULL, 0, 'vacataire', 1, '', 0, 0, 0, 0, 'STEPHANE_MARTIN', 'Doc 64h max '),
(43, 'LAETITIA', 'MATHIEU', 'LAETITIA.MATHIEU@truc.com', NULL, 0, 'vacataire', 1, '', 0, 0, 0, 0, 'LAETITIA_MATHIEU', 'Doc 64h max '),
(44, 'CEDRIC', 'LE TOUTOUZE', 'CEDRIC.LE_TOUTOUZE@truc.com', NULL, 0, 'vacataire', 1, '', 0, 0, 0, 0, 'CEDRIC_LE_TOUTOUZE', 'Doc 64h max '),
(45, 'REMI', 'MACCARIO', 'REMI.MACCARIO@truc.com', NULL, 0, 'vacataire', 1, '', 0, 0, 0, 0, 'REMI_MACCARIO', 'Doc 64h max '),
(46, 'DIMITRI', 'ANTONIN MORCH', 'DIMITRI.ANTONIN_MORCH@truc.com', NULL, 0, 'vacataire', NULL, '', 0, 0, 0, 0, 'DIMITRI_ANTONIN_MORCH', 'Doc 64h max '),
(47, 'JULIANNE', 'SOUDAN', 'JULIANNE.SOUDAN@truc.com', NULL, 0, 'vacataire', 1, '', 0, 0, 0, 0, 'JULIANNE_SOUDAN', 'Doc 64h max '),
(49, 'NATHALIE', 'GELAS', 'NATHALIE.GELAS@truc.com', NULL, 0, 'vacataire', 1, NULL, 0, 0, 0, 1, 'NATHALIE_GELAS', NULL),
(51, 'PIERRE', 'ACHARD', 'PIERRE.ACHARD@truc.com', NULL, 0, 'permanent', 1, NULL, 96, 0, 96, 1, 'PIERRE_ACHARD', NULL),
(52, 'DANIEL', 'MALIKIAN', 'DANIEL.MALIKIAN@truc.com', NULL, 0, 'vacataire', 1, NULL, 0, 0, 0, 1, 'DANIEL_MALIKIAN', 'Doc 64h max '),
(53, 'FLORENCE', 'MOISSIARD', 'FLORENCE.MOISSIARD@truc.com', NULL, 0, 'vacataire', 1, NULL, 0, 0, 0, 1, 'FLORENCE_MOISSIARD', 'Doc Bourget 64h max '),
(54, 'NATHALIE', 'KOBES', 'NATHALIE.KOBES@truc.com', NULL, 0, 'vacataire', NULL, NULL, 0, 0, 0, 1, 'NATHALIE_KOBES', NULL),
(55, 'MARC', 'WESTENHOFER', 'MARC.WESTENHOFER@truc.com', NULL, 0, 'vacataire', NULL, NULL, 0, 0, 0, 1, 'MARC_WESTENHOFER', NULL),
(56, 'MICHAEL', 'BALAY', 'MICHAEL.BALAY@truc.com', NULL, 0, 'vacataire', 1, NULL, 0, 0, 0, 1, 'MICHAEL_BALAY', NULL),
(57, 'MICKAEL', 'GRABIT', 'MICKAEL.GRABIT@truc.com', NULL, 0, 'vacataire', NULL, NULL, 0, 0, 0, 1, 'MICKAEL_GRABIT', NULL),
(58, 'LUDOVIC', 'GIRARDOT', 'LUDOVIC.GIRARDOT@truc.com', NULL, 0, 'vacataire', NULL, NULL, 0, 0, 0, 1, 'LUDOVIC_GIRARDOT', NULL),
(59, 'BRICE', 'PETITJEAN', 'BRICE.PETITJEAN@truc.com', NULL, 0, 'vacataire', NULL, NULL, 0, 0, 0, 1, 'BRICE_PETITJEAN', NULL),
(60, 'NADINE', 'SERAND', 'NADINE.SERAND@truc.com', NULL, 0, 'vacataire', NULL, NULL, 0, 0, 0, 1, 'NADINE_SERAND', NULL),
(61, 'CHRISTOPHE', 'LIEGE', 'CHRISTOPHE.LIEGE@truc.com', NULL, 0, 'vacataire', NULL, NULL, 0, 0, 0, 1, 'CHRISTOPHE_LIEGE', NULL),
(62, 'CELINE', 'HENRY', 'CELINE.HENRY@truc.com', NULL, 0, 'vacataire', NULL, NULL, 0, 0, 0, 1, 'CELINE_HENRY', NULL),
(63, 'CELINE', 'PUBERL', 'CELINE.PUBERL@truc.com', NULL, 0, 'vacataire', NULL, NULL, 0, 0, 0, 1, 'CELINE_PUBERL', NULL),
(64, 'ERIC', 'LE MOAL', 'ERIC.LE_MOAL@truc.com', NULL, 0, 'vacataire', NULL, NULL, 0, 0, 0, 1, 'ERIC_LE_MOAL', NULL),
(65, 'CATHERINE', 'LOISEAU', 'CATHERINE.LOISEAU@truc.com', NULL, 0, 'permanent', 1, 'Polytech', 192, 64, 128, 0, 'CATHERINE_LOISEAU', NULL);

--
-- Déchargement des données de la table `LNM_etudiant`
--

INSERT INTO `LNM_etudiant` (`id_etudiant`, `nom`, `prenom`, `mail`, `password`, `password_updated`, `id_promo`) VALUES
(1, 'BONNIFAIT', 'LAURENT', 'LAURENT.BONNIFAIT@machin.com', '$2y$10$sr7kFLecwNzaaItZI0MWSu4oxVi.APy0hjaaXPL8zurGvAHaA5LnK', 0, 13),
(2, 'CELLAURO', 'FREDERIC', 'FREDERIC.CELLAURO@machin.com', '$2y$10$sr7kFLecwNzaaItZI0MWSu4oxVi.APy0hjaaXPL8zurGvAHaA5LnK', 0, 10),
(3, 'LE JAN', 'SEBASTIEN', 'SEBASTIEN.LE JAN@machin.com', '$2y$10$sr7kFLecwNzaaItZI0MWSu4oxVi.APy0hjaaXPL8zurGvAHaA5LnK', 0, 14),
(4, 'CHRISTIAN', 'PIERRE', 'PIERRE.CHRISTIAN@machin.com', '$2y$10$sr7kFLecwNzaaItZI0MWSu4oxVi.APy0hjaaXPL8zurGvAHaA5LnK', 0, 29),
(5, 'MONTUSSANC', 'DELPHINE', 'DELPHINE.MONTUSSANC@machin.com', '$2y$10$sr7kFLecwNzaaItZI0MWSu4oxVi.APy0hjaaXPL8zurGvAHaA5LnK', 0, 12),
(6, 'ROUSSEL', 'OLIVIER', 'OLIVIER.ROUSSEL@machin.com', '$2y$10$sr7kFLecwNzaaItZI0MWSu4oxVi.APy0hjaaXPL8zurGvAHaA5LnK', 0, 11),
(7, 'POMERO', 'CLAIRE', 'CLAIRE.POMERO@machin.com', '$2y$10$sr7kFLecwNzaaItZI0MWSu4oxVi.APy0hjaaXPL8zurGvAHaA5LnK', 0, 6),
(8, 'BALMONT', 'VIRGINIE', 'VIRGINIE.BALMONT@machin.com', '$2y$10$sr7kFLecwNzaaItZI0MWSu4oxVi.APy0hjaaXPL8zurGvAHaA5LnK', 0, 29),
(9, 'BROVILLE', 'FABIEN', 'FABIEN.BROVILLE@machin.com', '$2y$10$sr7kFLecwNzaaItZI0MWSu4oxVi.APy0hjaaXPL8zurGvAHaA5LnK', 0, 6),
(10, 'GOUDEAU', 'ELODIE', 'ELODIE.GOUDEAU@machin.com', '$2y$10$sr7kFLecwNzaaItZI0MWSu4oxVi.APy0hjaaXPL8zurGvAHaA5LnK', 0, 20),
(11, 'BATTE', 'THOMAS', 'THOMAS.BATTE@machin.com', '$2y$10$sr7kFLecwNzaaItZI0MWSu4oxVi.APy0hjaaXPL8zurGvAHaA5LnK', 0, 11),
(12, 'LE CLEAC\'H', 'ARMEL', 'ARMEL.LE CLEAC\'H@machin.com', '$2y$10$sr7kFLecwNzaaItZI0MWSu4oxVi.APy0hjaaXPL8zurGvAHaA5LnK', 0, 8),
(13, 'MORIN', 'PIERRE', 'PIERRE.MORIN@machin.com', '$2y$10$sr7kFLecwNzaaItZI0MWSu4oxVi.APy0hjaaXPL8zurGvAHaA5LnK', 0, 19),
(14, 'CHAUCHAIX', 'LISE', 'LISE.CHAUCHAIX@machin.com', '$2y$10$sr7kFLecwNzaaItZI0MWSu4oxVi.APy0hjaaXPL8zurGvAHaA5LnK', 0, 14),
(15, 'DE LORENZI', 'MARC', 'MARC.DE LORENZI@machin.com', '$2y$10$sr7kFLecwNzaaItZI0MWSu4oxVi.APy0hjaaXPL8zurGvAHaA5LnK', 0, 24),
(16, 'PONCHON', 'SOPHIE', 'SOPHIE.PONCHON@machin.com', '$2y$10$sr7kFLecwNzaaItZI0MWSu4oxVi.APy0hjaaXPL8zurGvAHaA5LnK', 0, 10),
(17, 'ALARCON', 'CHRISTOPHE', 'CHRISTOPHE.ALARCON@machin.com', '$2y$10$sr7kFLecwNzaaItZI0MWSu4oxVi.APy0hjaaXPL8zurGvAHaA5LnK', 0, 17),
(18, 'DE LAFERRIERE', 'JULIEN', 'JULIEN.DE LAFERRIERE@machin.com', '$2y$10$sr7kFLecwNzaaItZI0MWSu4oxVi.APy0hjaaXPL8zurGvAHaA5LnK', 0, 12),
(19, 'CHAUFER', 'BERTRAND', 'BERTRAND.CHAUFER@machin.com', '$2y$10$sr7kFLecwNzaaItZI0MWSu4oxVi.APy0hjaaXPL8zurGvAHaA5LnK', 0, 11),
(20, 'CAMARASA', 'MELANIE', 'MELANIE.CAMARASA@machin.com', '$2y$10$sr7kFLecwNzaaItZI0MWSu4oxVi.APy0hjaaXPL8zurGvAHaA5LnK', 0, 19),
(21, 'JOLY', 'CELINE', 'CELINE.JOLY@machin.com', '$2y$10$sr7kFLecwNzaaItZI0MWSu4oxVi.APy0hjaaXPL8zurGvAHaA5LnK', 0, 16),
(22, 'SOULARD', 'CHRISTOPHE', 'CHRISTOPHE.SOULARD@machin.com', '$2y$10$sr7kFLecwNzaaItZI0MWSu4oxVi.APy0hjaaXPL8zurGvAHaA5LnK', 0, 23),
(23, 'POINARD', 'JULIE', 'JULIE.POINARD@machin.com', '$2y$10$sr7kFLecwNzaaItZI0MWSu4oxVi.APy0hjaaXPL8zurGvAHaA5LnK', 0, 20),
(24, 'PHILIPPE', 'JEAN', 'JEAN.PHILIPPE@machin.com', '$2y$10$sr7kFLecwNzaaItZI0MWSu4oxVi.APy0hjaaXPL8zurGvAHaA5LnK', 0, 9),
(25, 'TIRAT', 'ALINE', 'ALINE.TIRAT@machin.com', '$2y$10$sr7kFLecwNzaaItZI0MWSu4oxVi.APy0hjaaXPL8zurGvAHaA5LnK', 0, 5),
(26, 'BRUNAT', 'LAURENT', 'LAURENT.BRUNAT@machin.com', '$2y$10$sr7kFLecwNzaaItZI0MWSu4oxVi.APy0hjaaXPL8zurGvAHaA5LnK', 0, 11),
(27, 'FILLON', 'GWENAELLE', 'GWENAELLE.FILLON@machin.com', '$2y$10$sr7kFLecwNzaaItZI0MWSu4oxVi.APy0hjaaXPL8zurGvAHaA5LnK', 0, 8),
(28, 'KEHRLI', 'ANTOINE', 'ANTOINE.KEHRLI@machin.com', '$2y$10$sr7kFLecwNzaaItZI0MWSu4oxVi.APy0hjaaXPL8zurGvAHaA5LnK', 0, 13),
(29, 'PIERRE', 'JEROME', 'JEROME.PIERRE@machin.com', '$2y$10$sr7kFLecwNzaaItZI0MWSu4oxVi.APy0hjaaXPL8zurGvAHaA5LnK', 0, 30),
(30, 'MOESL', 'AURELIE', 'AURELIE.MOESL@machin.com', '$2y$10$sr7kFLecwNzaaItZI0MWSu4oxVi.APy0hjaaXPL8zurGvAHaA5LnK', 0, 15),
(31, 'DOLLMANN', 'MARIE', 'MARIE.DOLLMANN@machin.com', '$2y$10$sr7kFLecwNzaaItZI0MWSu4oxVi.APy0hjaaXPL8zurGvAHaA5LnK', 0, 29),
(32, 'SARDOU', 'SAMMY', 'SAMMY.SARDOU@machin.com', '$2y$10$sr7kFLecwNzaaItZI0MWSu4oxVi.APy0hjaaXPL8zurGvAHaA5LnK', 0, 20),
(33, 'GOUEZE', 'CHRISTOPHE', 'CHRISTOPHE.GOUEZE@machin.com', '$2y$10$sr7kFLecwNzaaItZI0MWSu4oxVi.APy0hjaaXPL8zurGvAHaA5LnK', 0, 28),
(34, 'COQUET', 'CEDRIC', 'CEDRIC.COQUET@machin.com', '$2y$10$sr7kFLecwNzaaItZI0MWSu4oxVi.APy0hjaaXPL8zurGvAHaA5LnK', 0, 18),
(35, 'NEUMANN', 'EMMANUELLE', 'EMMANUELLE.NEUMANN@machin.com', '$2y$10$sr7kFLecwNzaaItZI0MWSu4oxVi.APy0hjaaXPL8zurGvAHaA5LnK', 0, 23),
(36, 'BOISNE-NOC', 'MICKAEL', 'MICKAEL.BOISNE-NOC@machin.com', '$2y$10$sr7kFLecwNzaaItZI0MWSu4oxVi.APy0hjaaXPL8zurGvAHaA5LnK', 0, 8),
(37, 'VALET', 'JEROME', 'JEROME.VALET@machin.com', '$2y$10$sr7kFLecwNzaaItZI0MWSu4oxVi.APy0hjaaXPL8zurGvAHaA5LnK', 0, 17),
(38, 'DARY', 'CYRILLE', 'CYRILLE.DARY@machin.com', '$2y$10$sr7kFLecwNzaaItZI0MWSu4oxVi.APy0hjaaXPL8zurGvAHaA5LnK', 0, 5),
(39, 'OTHONIEL', 'CLARA', 'CLARA.OTHONIEL@machin.com', '$2y$10$sr7kFLecwNzaaItZI0MWSu4oxVi.APy0hjaaXPL8zurGvAHaA5LnK', 0, 20),
(40, 'VIDALIE', 'JEROME', 'JEROME.VIDALIE@machin.com', '$2y$10$sr7kFLecwNzaaItZI0MWSu4oxVi.APy0hjaaXPL8zurGvAHaA5LnK', 0, 28),
(41, 'DENIS', 'RAPHAEL', 'RAPHAEL.DENIS@machin.com', '$2y$10$sr7kFLecwNzaaItZI0MWSu4oxVi.APy0hjaaXPL8zurGvAHaA5LnK', 0, 17),
(42, 'RE', 'JEROME', 'JEROME.RE@machin.com', '$2y$10$sr7kFLecwNzaaItZI0MWSu4oxVi.APy0hjaaXPL8zurGvAHaA5LnK', 0, 30),
(43, 'DESRUES', 'ARMEL', 'ARMEL.DESRUES@machin.com', '$2y$10$sr7kFLecwNzaaItZI0MWSu4oxVi.APy0hjaaXPL8zurGvAHaA5LnK', 0, 23),
(44, 'JUNG', 'VINCENT', 'VINCENT.JUNG@machin.com', '$2y$10$sr7kFLecwNzaaItZI0MWSu4oxVi.APy0hjaaXPL8zurGvAHaA5LnK', 0, 24),
(45, 'VIOLET', 'NICOLAS', 'NICOLAS.VIOLET@machin.com', '$2y$10$sr7kFLecwNzaaItZI0MWSu4oxVi.APy0hjaaXPL8zurGvAHaA5LnK', 0, 29),
(46, 'ALMERAS', 'FABRICE', 'FABRICE.ALMERAS@machin.com', '$2y$10$sr7kFLecwNzaaItZI0MWSu4oxVi.APy0hjaaXPL8zurGvAHaA5LnK', 0, 16),
(47, 'TARDIEU', 'NICOLAS', 'NICOLAS.TARDIEU@machin.com', '$2y$10$sr7kFLecwNzaaItZI0MWSu4oxVi.APy0hjaaXPL8zurGvAHaA5LnK', 0, 16),
(48, 'PAILLET', 'YANNICK', 'YANNICK.PAILLET@machin.com', '$2y$10$sr7kFLecwNzaaItZI0MWSu4oxVi.APy0hjaaXPL8zurGvAHaA5LnK', 0, 10),
(49, 'BESNOUIN', 'LAURENCE', 'LAURENCE.BESNOUIN@machin.com', '$2y$10$sr7kFLecwNzaaItZI0MWSu4oxVi.APy0hjaaXPL8zurGvAHaA5LnK', 0, 15),
(50, 'POIRAUD', 'NICOLAS', 'NICOLAS.POIRAUD@machin.com', '$2y$10$sr7kFLecwNzaaItZI0MWSu4oxVi.APy0hjaaXPL8zurGvAHaA5LnK', 0, 16),
(51, 'SCHERMESSER', 'STEPHANIE', 'STEPHANIE.SCHERMESSER@machin.com', '$2y$10$sr7kFLecwNzaaItZI0MWSu4oxVi.APy0hjaaXPL8zurGvAHaA5LnK', 0, 29),
(52, 'PLESSIS', 'SEVERINE', 'SEVERINE.PLESSIS@machin.com', '$2y$10$sr7kFLecwNzaaItZI0MWSu4oxVi.APy0hjaaXPL8zurGvAHaA5LnK', 0, 23),
(53, 'CLAVEL', 'SYLVAIN', 'SYLVAIN.CLAVEL@machin.com', '$2y$10$sr7kFLecwNzaaItZI0MWSu4oxVi.APy0hjaaXPL8zurGvAHaA5LnK', 0, 30),
(54, 'VIARD', 'FABIEN', 'FABIEN.VIARD@machin.com', '$2y$10$sr7kFLecwNzaaItZI0MWSu4oxVi.APy0hjaaXPL8zurGvAHaA5LnK', 0, 6),
(55, 'CUISNIER', 'OLIVIER', 'OLIVIER.CUISNIER@machin.com', '$2y$10$sr7kFLecwNzaaItZI0MWSu4oxVi.APy0hjaaXPL8zurGvAHaA5LnK', 0, 13),
(56, 'MONTAGNE', 'CYRIL', 'CYRIL.MONTAGNE@machin.com', '$2y$10$sr7kFLecwNzaaItZI0MWSu4oxVi.APy0hjaaXPL8zurGvAHaA5LnK', 0, 20),
(57, 'MARCHAL', 'FREDERIC', 'FREDERIC.MARCHAL@machin.com', '$2y$10$sr7kFLecwNzaaItZI0MWSu4oxVi.APy0hjaaXPL8zurGvAHaA5LnK', 0, 2),
(58, 'BRETONNIER', 'SABRINA', 'SABRINA.BRETONNIER@machin.com', '$2y$10$sr7kFLecwNzaaItZI0MWSu4oxVi.APy0hjaaXPL8zurGvAHaA5LnK', 0, 25),
(59, 'BALMER', 'FABRICE', 'FABRICE.BALMER@machin.com', '$2y$10$sr7kFLecwNzaaItZI0MWSu4oxVi.APy0hjaaXPL8zurGvAHaA5LnK', 0, 10),
(60, 'ALLAIN', 'ANNE', 'ANNE.ALLAIN@machin.com', '$2y$10$sr7kFLecwNzaaItZI0MWSu4oxVi.APy0hjaaXPL8zurGvAHaA5LnK', 0, 27),
(61, 'VILLENEUVE', 'JEAN-MARC', 'JEAN-MARC.VILLENEUVE@machin.com', '$2y$10$sr7kFLecwNzaaItZI0MWSu4oxVi.APy0hjaaXPL8zurGvAHaA5LnK', 0, 6),
(62, 'FRANCILLON', 'MARC', 'MARC.FRANCILLON@machin.com', '$2y$10$sr7kFLecwNzaaItZI0MWSu4oxVi.APy0hjaaXPL8zurGvAHaA5LnK', 0, 10),
(63, 'THUET', 'MYRIAM', 'MYRIAM.THUET@machin.com', '$2y$10$sr7kFLecwNzaaItZI0MWSu4oxVi.APy0hjaaXPL8zurGvAHaA5LnK', 0, 24),
(64, 'PICHARD', 'CECILE', 'CECILE.PICHARD@machin.com', '$2y$10$sr7kFLecwNzaaItZI0MWSu4oxVi.APy0hjaaXPL8zurGvAHaA5LnK', 0, 9),
(65, 'TEPPOZ', 'LAURENT', 'LAURENT.TEPPOZ@machin.com', '$2y$10$sr7kFLecwNzaaItZI0MWSu4oxVi.APy0hjaaXPL8zurGvAHaA5LnK', 0, 16),
(66, 'PETIT', 'MICKAEL', 'MICKAEL.PETIT@machin.com', '$2y$10$sr7kFLecwNzaaItZI0MWSu4oxVi.APy0hjaaXPL8zurGvAHaA5LnK', 0, 8),
(67, 'BOULLE', 'ADELINE', 'ADELINE.BOULLE@machin.com', '$2y$10$sr7kFLecwNzaaItZI0MWSu4oxVi.APy0hjaaXPL8zurGvAHaA5LnK', 0, 16),
(68, 'D\'ELBOEUF', 'CLOTILDE', 'CLOTILDE.D\'ELBOEUF@machin.com', '$2y$10$sr7kFLecwNzaaItZI0MWSu4oxVi.APy0hjaaXPL8zurGvAHaA5LnK', 0, 29),
(69, 'SAHUC', 'JULIE', 'JULIE.SAHUC@machin.com', '$2y$10$sr7kFLecwNzaaItZI0MWSu4oxVi.APy0hjaaXPL8zurGvAHaA5LnK', 0, 7),
(70, 'HENRIOUD', 'AUDREY', 'AUDREY.HENRIOUD@machin.com', '$2y$10$sr7kFLecwNzaaItZI0MWSu4oxVi.APy0hjaaXPL8zurGvAHaA5LnK', 0, 19),
(71, 'ROUX', 'CHRISTELLE', 'CHRISTELLE.ROUX@machin.com', '$2y$10$sr7kFLecwNzaaItZI0MWSu4oxVi.APy0hjaaXPL8zurGvAHaA5LnK', 0, 10),
(72, 'TEDESCO', 'PABLO', 'PABLO.TEDESCO@machin.com', '$2y$10$sr7kFLecwNzaaItZI0MWSu4oxVi.APy0hjaaXPL8zurGvAHaA5LnK', 0, 10),
(73, 'TROUILLET', 'ROMAIN', 'ROMAIN.TROUILLET@machin.com', '$2y$10$sr7kFLecwNzaaItZI0MWSu4oxVi.APy0hjaaXPL8zurGvAHaA5LnK', 0, 13),
(74, 'MAHIAS', 'SOPHIE', 'SOPHIE.MAHIAS@machin.com', '$2y$10$sr7kFLecwNzaaItZI0MWSu4oxVi.APy0hjaaXPL8zurGvAHaA5LnK', 0, 29),
(75, 'PAVIET', 'FREDERIC', 'FREDERIC.PAVIET@machin.com', '$2y$10$sr7kFLecwNzaaItZI0MWSu4oxVi.APy0hjaaXPL8zurGvAHaA5LnK', 0, 5),
(76, 'SAUGEY', 'REGIS', 'REGIS.SAUGEY@machin.com', '$2y$10$sr7kFLecwNzaaItZI0MWSu4oxVi.APy0hjaaXPL8zurGvAHaA5LnK', 0, 25),
(77, 'GARET', 'MAXIME', 'MAXIME.GARET@machin.com', '$2y$10$sr7kFLecwNzaaItZI0MWSu4oxVi.APy0hjaaXPL8zurGvAHaA5LnK', 0, 20),
(78, 'ALLEAU', 'GWENAEL', 'GWENAEL.ALLEAU@machin.com', '$2y$10$sr7kFLecwNzaaItZI0MWSu4oxVi.APy0hjaaXPL8zurGvAHaA5LnK', 0, 17),
(79, 'CHAMPION', 'NICOLAS', 'NICOLAS.CHAMPION@machin.com', '$2y$10$sr7kFLecwNzaaItZI0MWSu4oxVi.APy0hjaaXPL8zurGvAHaA5LnK', 0, 5),
(80, 'TOCABENS', 'EMRYCK', 'EMRYCK.TOCABENS@machin.com', '$2y$10$sr7kFLecwNzaaItZI0MWSu4oxVi.APy0hjaaXPL8zurGvAHaA5LnK', 0, 18),
(81, 'PACCOU', 'NICOLAS', 'NICOLAS.PACCOU@machin.com', '$2y$10$sr7kFLecwNzaaItZI0MWSu4oxVi.APy0hjaaXPL8zurGvAHaA5LnK', 0, 20),
(82, 'TAKUN', 'AMEENA', 'AMEENA.TAKUN@machin.com', '$2y$10$sr7kFLecwNzaaItZI0MWSu4oxVi.APy0hjaaXPL8zurGvAHaA5LnK', 0, 8),
(83, 'HIGONET', 'CEDRIC', 'CEDRIC.HIGONET@machin.com', '$2y$10$sr7kFLecwNzaaItZI0MWSu4oxVi.APy0hjaaXPL8zurGvAHaA5LnK', 0, 2),
(84, 'ROUSSEAU', 'ALAN', 'ALAN.ROUSSEAU@machin.com', '$2y$10$sr7kFLecwNzaaItZI0MWSu4oxVi.APy0hjaaXPL8zurGvAHaA5LnK', 0, 7),
(85, 'AUFFRET', 'YVICK', 'YVICK.AUFFRET@machin.com', '$2y$10$sr7kFLecwNzaaItZI0MWSu4oxVi.APy0hjaaXPL8zurGvAHaA5LnK', 0, 26),
(86, 'PRETAT', 'STEPHANIE', 'STEPHANIE.PRETAT@machin.com', '$2y$10$sr7kFLecwNzaaItZI0MWSu4oxVi.APy0hjaaXPL8zurGvAHaA5LnK', 0, 23),
(87, 'LOUP', 'CORINNE', 'CORINNE.LOUP@machin.com', '$2y$10$sr7kFLecwNzaaItZI0MWSu4oxVi.APy0hjaaXPL8zurGvAHaA5LnK', 0, 25),
(88, 'CHAMORET', 'AURELIE', 'AURELIE.CHAMORET@machin.com', '$2y$10$sr7kFLecwNzaaItZI0MWSu4oxVi.APy0hjaaXPL8zurGvAHaA5LnK', 0, 27),
(89, 'LATSCHA', 'ANNE-AUDREY', 'ANNE-AUDREY.LATSCHA@machin.com', '$2y$10$sr7kFLecwNzaaItZI0MWSu4oxVi.APy0hjaaXPL8zurGvAHaA5LnK', 0, 16),
(90, 'KOCH', 'SEBASTIEN', 'SEBASTIEN.KOCH@machin.com', '$2y$10$sr7kFLecwNzaaItZI0MWSu4oxVi.APy0hjaaXPL8zurGvAHaA5LnK', 0, 25),
(91, 'DELAVAL', 'JULIEN', 'JULIEN.DELAVAL@machin.com', '$2y$10$sr7kFLecwNzaaItZI0MWSu4oxVi.APy0hjaaXPL8zurGvAHaA5LnK', 0, 19),
(92, 'LEGRAND', 'LUC', 'LUC.LEGRAND@machin.com', '$2y$10$sr7kFLecwNzaaItZI0MWSu4oxVi.APy0hjaaXPL8zurGvAHaA5LnK', 0, 10),
(93, 'BILON', 'JEAN-MICHEL', 'JEAN-MICHEL.BILON@machin.com', '$2y$10$sr7kFLecwNzaaItZI0MWSu4oxVi.APy0hjaaXPL8zurGvAHaA5LnK', 0, 28),
(94, 'DERELLE', 'ROMAIN', 'ROMAIN.DERELLE@machin.com', '$2y$10$sr7kFLecwNzaaItZI0MWSu4oxVi.APy0hjaaXPL8zurGvAHaA5LnK', 0, 27),
(95, 'LORANT', 'CELINE', 'CELINE.LORANT@machin.com', '$2y$10$sr7kFLecwNzaaItZI0MWSu4oxVi.APy0hjaaXPL8zurGvAHaA5LnK', 0, 28),
(96, 'KARRASCH', 'OLIVIER', 'OLIVIER.KARRASCH@machin.com', '$2y$10$sr7kFLecwNzaaItZI0MWSu4oxVi.APy0hjaaXPL8zurGvAHaA5LnK', 0, 5),
(97, 'MAUNOURY', 'DAVID', 'DAVID.MAUNOURY@machin.com', '$2y$10$sr7kFLecwNzaaItZI0MWSu4oxVi.APy0hjaaXPL8zurGvAHaA5LnK', 0, 11),
(98, 'GEY', 'GIAN-MARCIO', 'GIAN-MARCIO.GEY@machin.com', '$2y$10$sr7kFLecwNzaaItZI0MWSu4oxVi.APy0hjaaXPL8zurGvAHaA5LnK', 0, 25),
(99, 'BARTH', 'SOPHIE', 'SOPHIE.BARTH@machin.com', '$2y$10$sr7kFLecwNzaaItZI0MWSu4oxVi.APy0hjaaXPL8zurGvAHaA5LnK', 0, 17),
(100, 'FRAGNEAUD', 'BENJAMIN', 'BENJAMIN.FRAGNEAUD@machin.com', '$2y$10$sr7kFLecwNzaaItZI0MWSu4oxVi.APy0hjaaXPL8zurGvAHaA5LnK', 0, 14),
(101, 'SURGET', 'JULIE', 'JULIE.SURGET@machin.com', '$2y$10$sr7kFLecwNzaaItZI0MWSu4oxVi.APy0hjaaXPL8zurGvAHaA5LnK', 0, 15),
(102, 'GAST', 'STEPHANIE', 'STEPHANIE.GAST@machin.com', '$2y$10$sr7kFLecwNzaaItZI0MWSu4oxVi.APy0hjaaXPL8zurGvAHaA5LnK', 0, 13),
(103, 'DE LA VAISSIERE', 'REMI', 'REMI.DE LA VAISSIERE@machin.com', '$2y$10$sr7kFLecwNzaaItZI0MWSu4oxVi.APy0hjaaXPL8zurGvAHaA5LnK', 0, 18),
(104, 'PERAZIO', 'ANNE', 'ANNE.PERAZIO@machin.com', '$2y$10$sr7kFLecwNzaaItZI0MWSu4oxVi.APy0hjaaXPL8zurGvAHaA5LnK', 0, 9),
(105, 'BOICHOT', 'RAPHAEL', 'RAPHAEL.BOICHOT@machin.com', '$2y$10$sr7kFLecwNzaaItZI0MWSu4oxVi.APy0hjaaXPL8zurGvAHaA5LnK', 0, 14),
(106, 'PIRONNEAU', 'JEAN-FRANCOIS', 'JEAN-FRANCOIS.PIRONNEAU@machin.com', '$2y$10$sr7kFLecwNzaaItZI0MWSu4oxVi.APy0hjaaXPL8zurGvAHaA5LnK', 0, 18),
(107, 'VINOCHE', 'OLIVIER', 'OLIVIER.VINOCHE@machin.com', '$2y$10$sr7kFLecwNzaaItZI0MWSu4oxVi.APy0hjaaXPL8zurGvAHaA5LnK', 0, 29),
(108, 'DE BIASI', 'LAURENCE', 'LAURENCE.DE BIASI@machin.com', '$2y$10$sr7kFLecwNzaaItZI0MWSu4oxVi.APy0hjaaXPL8zurGvAHaA5LnK', 0, 18),
(109, 'DANON', 'LOIC', 'LOIC.DANON@machin.com', '$2y$10$sr7kFLecwNzaaItZI0MWSu4oxVi.APy0hjaaXPL8zurGvAHaA5LnK', 0, 18),
(110, 'CHAMBON', 'CEDRIC', 'CEDRIC.CHAMBON@machin.com', '$2y$10$sr7kFLecwNzaaItZI0MWSu4oxVi.APy0hjaaXPL8zurGvAHaA5LnK', 0, 17),
(111, 'IARLAUD', 'YANNICK', 'YANNICK.IARLAUD@machin.com', '$2y$10$sr7kFLecwNzaaItZI0MWSu4oxVi.APy0hjaaXPL8zurGvAHaA5LnK', 0, 11),
(112, 'BERMOND', 'DANIEL', 'DANIEL.BERMOND@machin.com', '$2y$10$sr7kFLecwNzaaItZI0MWSu4oxVi.APy0hjaaXPL8zurGvAHaA5LnK', 0, 30),
(113, 'MEYER', 'OLIVIER', 'OLIVIER.MEYER@machin.com', '$2y$10$sr7kFLecwNzaaItZI0MWSu4oxVi.APy0hjaaXPL8zurGvAHaA5LnK', 0, 25),
(114, 'ROSSET', 'ANTOINE', 'ANTOINE.ROSSET@machin.com', '$2y$10$sr7kFLecwNzaaItZI0MWSu4oxVi.APy0hjaaXPL8zurGvAHaA5LnK', 0, 28),
(115, 'VAXELAIRE', 'STEPHANE', 'STEPHANE.VAXELAIRE@machin.com', '$2y$10$sr7kFLecwNzaaItZI0MWSu4oxVi.APy0hjaaXPL8zurGvAHaA5LnK', 0, 5),
(116, 'VALLET', 'BERTRAND', 'BERTRAND.VALLET@machin.com', '$2y$10$sr7kFLecwNzaaItZI0MWSu4oxVi.APy0hjaaXPL8zurGvAHaA5LnK', 0, 16),
(117, 'BAELEN', 'GAETAN', 'GAETAN.BAELEN@machin.com', '$2y$10$sr7kFLecwNzaaItZI0MWSu4oxVi.APy0hjaaXPL8zurGvAHaA5LnK', 0, 12),
(118, 'FREMERY', 'LAURE', 'LAURE.FREMERY@machin.com', '$2y$10$sr7kFLecwNzaaItZI0MWSu4oxVi.APy0hjaaXPL8zurGvAHaA5LnK', 0, 30),
(119, 'CAZENOVE', 'NICOLAS', 'NICOLAS.CAZENOVE@machin.com', '$2y$10$sr7kFLecwNzaaItZI0MWSu4oxVi.APy0hjaaXPL8zurGvAHaA5LnK', 0, 30),
(120, 'MANENC', 'AURELIEN', 'AURELIEN.MANENC@machin.com', '$2y$10$sr7kFLecwNzaaItZI0MWSu4oxVi.APy0hjaaXPL8zurGvAHaA5LnK', 0, 30),
(121, 'CLARENS', 'MATHILDE', 'MATHILDE.CLARENS@machin.com', '$2y$10$sr7kFLecwNzaaItZI0MWSu4oxVi.APy0hjaaXPL8zurGvAHaA5LnK', 0, 25),
(122, 'JOS', 'GREGORY', 'GREGORY.JOS@machin.com', '$2y$10$sr7kFLecwNzaaItZI0MWSu4oxVi.APy0hjaaXPL8zurGvAHaA5LnK', 0, 5),
(123, 'DECAUX', 'JULIEN', 'JULIEN.DECAUX@machin.com', '$2y$10$sr7kFLecwNzaaItZI0MWSu4oxVi.APy0hjaaXPL8zurGvAHaA5LnK', 0, 23),
(124, 'LEBRASSEUR', 'GAELLE', 'GAELLE.LEBRASSEUR@machin.com', '$2y$10$sr7kFLecwNzaaItZI0MWSu4oxVi.APy0hjaaXPL8zurGvAHaA5LnK', 0, 18),
(125, 'ANOUSSINE', 'DAVID', 'DAVID.ANOUSSINE@machin.com', '$2y$10$sr7kFLecwNzaaItZI0MWSu4oxVi.APy0hjaaXPL8zurGvAHaA5LnK', 0, 8),
(126, 'RAIBLE', 'SVEN', 'SVEN.RAIBLE@machin.com', '$2y$10$sr7kFLecwNzaaItZI0MWSu4oxVi.APy0hjaaXPL8zurGvAHaA5LnK', 0, 13),
(127, 'CHAMBAT', 'CLAIRE', 'CLAIRE.CHAMBAT@machin.com', '$2y$10$sr7kFLecwNzaaItZI0MWSu4oxVi.APy0hjaaXPL8zurGvAHaA5LnK', 0, 7),
(128, 'COSTA', 'ARNAUD', 'ARNAUD.COSTA@machin.com', '$2y$10$sr7kFLecwNzaaItZI0MWSu4oxVi.APy0hjaaXPL8zurGvAHaA5LnK', 0, 8),
(129, 'BONNARD', 'VINCENT', 'VINCENT.BONNARD@machin.com', '$2y$10$sr7kFLecwNzaaItZI0MWSu4oxVi.APy0hjaaXPL8zurGvAHaA5LnK', 0, 18),
(130, 'GUIRRIEC', 'CEDRIC', 'CEDRIC.GUIRRIEC@machin.com', '$2y$10$sr7kFLecwNzaaItZI0MWSu4oxVi.APy0hjaaXPL8zurGvAHaA5LnK', 0, 19),
(131, 'DUFFOURS', 'BENOIT', 'BENOIT.DUFFOURS@machin.com', '$2y$10$sr7kFLecwNzaaItZI0MWSu4oxVi.APy0hjaaXPL8zurGvAHaA5LnK', 0, 12),
(132, 'BERGER', 'THOMAS', 'THOMAS.BERGER@machin.com', '$2y$10$sr7kFLecwNzaaItZI0MWSu4oxVi.APy0hjaaXPL8zurGvAHaA5LnK', 0, 13),
(133, 'MAURICE', 'YOANN', 'YOANN.MAURICE@machin.com', '$2y$10$sr7kFLecwNzaaItZI0MWSu4oxVi.APy0hjaaXPL8zurGvAHaA5LnK', 0, 7),
(134, 'FABRE', 'CAMILLE', 'CAMILLE.FABRE@machin.com', '$2y$10$sr7kFLecwNzaaItZI0MWSu4oxVi.APy0hjaaXPL8zurGvAHaA5LnK', 0, 7),
(135, 'LARIT', 'PASCALE', 'PASCALE.LARIT@machin.com', '$2y$10$sr7kFLecwNzaaItZI0MWSu4oxVi.APy0hjaaXPL8zurGvAHaA5LnK', 0, 14),
(136, 'GARDON', 'CHRISTINE', 'CHRISTINE.GARDON@machin.com', '$2y$10$sr7kFLecwNzaaItZI0MWSu4oxVi.APy0hjaaXPL8zurGvAHaA5LnK', 0, 19),
(137, 'LAFONT', 'FABRICE', 'FABRICE.LAFONT@machin.com', '$2y$10$sr7kFLecwNzaaItZI0MWSu4oxVi.APy0hjaaXPL8zurGvAHaA5LnK', 0, 8),
(138, 'POULIQUEN', 'FRANCOIS', 'FRANCOIS.POULIQUEN@machin.com', '$2y$10$sr7kFLecwNzaaItZI0MWSu4oxVi.APy0hjaaXPL8zurGvAHaA5LnK', 0, 29),
(139, 'LE GALLO', 'PHILIPPE', 'PHILIPPE.LE GALLO@machin.com', '$2y$10$sr7kFLecwNzaaItZI0MWSu4oxVi.APy0hjaaXPL8zurGvAHaA5LnK', 0, 23),
(140, 'GASNIER', 'CLAIRE', 'CLAIRE.GASNIER@machin.com', '$2y$10$sr7kFLecwNzaaItZI0MWSu4oxVi.APy0hjaaXPL8zurGvAHaA5LnK', 0, 5),
(141, 'CLAIRON', 'EMMANUEL', 'EMMANUEL.CLAIRON@machin.com', '$2y$10$sr7kFLecwNzaaItZI0MWSu4oxVi.APy0hjaaXPL8zurGvAHaA5LnK', 0, 14),
(142, 'VERNIER', 'DENIS', 'DENIS.VERNIER@machin.com', '$2y$10$sr7kFLecwNzaaItZI0MWSu4oxVi.APy0hjaaXPL8zurGvAHaA5LnK', 0, 23),
(143, 'HIRSCHAUER', 'NATALIE', 'NATALIE.HIRSCHAUER@machin.com', '$2y$10$sr7kFLecwNzaaItZI0MWSu4oxVi.APy0hjaaXPL8zurGvAHaA5LnK', 0, 12),
(144, 'CAFFOT', 'CELINE', 'CELINE.CAFFOT@machin.com', '$2y$10$sr7kFLecwNzaaItZI0MWSu4oxVi.APy0hjaaXPL8zurGvAHaA5LnK', 0, 16),
(145, 'LUISET', 'NICOLAS', 'NICOLAS.LUISET@machin.com', '$2y$10$sr7kFLecwNzaaItZI0MWSu4oxVi.APy0hjaaXPL8zurGvAHaA5LnK', 0, 28),
(146, 'LOPEZ', 'BRUNO', 'BRUNO.LOPEZ@machin.com', '$2y$10$sr7kFLecwNzaaItZI0MWSu4oxVi.APy0hjaaXPL8zurGvAHaA5LnK', 0, 5),
(147, 'BIARD', 'LAURENCE', 'LAURENCE.BIARD@machin.com', '$2y$10$sr7kFLecwNzaaItZI0MWSu4oxVi.APy0hjaaXPL8zurGvAHaA5LnK', 0, 17),
(148, 'PEYRELASSE', 'CHRISTINE', 'CHRISTINE.PEYRELASSE@machin.com', '$2y$10$sr7kFLecwNzaaItZI0MWSu4oxVi.APy0hjaaXPL8zurGvAHaA5LnK', 0, 7),
(149, 'LE PENNEC', 'JEROME', 'JEROME.LE PENNEC@machin.com', '$2y$10$sr7kFLecwNzaaItZI0MWSu4oxVi.APy0hjaaXPL8zurGvAHaA5LnK', 0, 8),
(150, 'ARAMBURU', 'ERIC', 'ERIC.ARAMBURU@machin.com', '$2y$10$sr7kFLecwNzaaItZI0MWSu4oxVi.APy0hjaaXPL8zurGvAHaA5LnK', 0, 19),
(151, 'BERNARD', 'SANDRA', 'SANDRA.BERNARD@machin.com', '$2y$10$sr7kFLecwNzaaItZI0MWSu4oxVi.APy0hjaaXPL8zurGvAHaA5LnK', 0, 10),
(152, 'BUSSINGER', 'CELINE', 'CELINE.BUSSINGER@machin.com', '$2y$10$sr7kFLecwNzaaItZI0MWSu4oxVi.APy0hjaaXPL8zurGvAHaA5LnK', 0, 27),
(153, 'MARS', 'STEPHANIE', 'STEPHANIE.MARS@machin.com', '$2y$10$sr7kFLecwNzaaItZI0MWSu4oxVi.APy0hjaaXPL8zurGvAHaA5LnK', 0, 6),
(154, 'QUEINNEC', 'CECILE', 'CECILE.QUEINNEC@machin.com', '$2y$10$sr7kFLecwNzaaItZI0MWSu4oxVi.APy0hjaaXPL8zurGvAHaA5LnK', 0, 20),
(155, 'MUNIGE', 'CHRISTINE', 'CHRISTINE.MUNIGE@machin.com', '$2y$10$sr7kFLecwNzaaItZI0MWSu4oxVi.APy0hjaaXPL8zurGvAHaA5LnK', 0, 17),
(156, 'AUBERT', 'PATRICK', 'PATRICK.AUBERT@machin.com', '$2y$10$sr7kFLecwNzaaItZI0MWSu4oxVi.APy0hjaaXPL8zurGvAHaA5LnK', 0, 30),
(157, 'BRONNERT', 'FREDERIC', 'FREDERIC.BRONNERT@machin.com', '$2y$10$sr7kFLecwNzaaItZI0MWSu4oxVi.APy0hjaaXPL8zurGvAHaA5LnK', 0, 12),
(158, 'HUCK', 'PATRICE', 'PATRICE.HUCK@machin.com', '$2y$10$sr7kFLecwNzaaItZI0MWSu4oxVi.APy0hjaaXPL8zurGvAHaA5LnK', 0, 15),
(159, 'BALDACCI', 'ERIC', 'ERIC.BALDACCI@machin.com', '$2y$10$sr7kFLecwNzaaItZI0MWSu4oxVi.APy0hjaaXPL8zurGvAHaA5LnK', 0, 11),
(160, 'MOUSTEY', 'MARIE', 'MARIE.MOUSTEY@machin.com', '$2y$10$sr7kFLecwNzaaItZI0MWSu4oxVi.APy0hjaaXPL8zurGvAHaA5LnK', 0, 2),
(161, 'POITEVIN', 'HELENE', 'HELENE.POITEVIN@machin.com', '$2y$10$sr7kFLecwNzaaItZI0MWSu4oxVi.APy0hjaaXPL8zurGvAHaA5LnK', 0, 13),
(162, 'DISSON', 'ARNAUD', 'ARNAUD.DISSON@machin.com', '$2y$10$sr7kFLecwNzaaItZI0MWSu4oxVi.APy0hjaaXPL8zurGvAHaA5LnK', 0, 15),
(163, 'VIOUGEAS', 'JESSY', 'JESSY.VIOUGEAS@machin.com', '$2y$10$sr7kFLecwNzaaItZI0MWSu4oxVi.APy0hjaaXPL8zurGvAHaA5LnK', 0, 16),
(164, 'TALLUZO', 'LAURIE', 'LAURIE.TALLUZO@machin.com', '$2y$10$sr7kFLecwNzaaItZI0MWSu4oxVi.APy0hjaaXPL8zurGvAHaA5LnK', 0, 25),
(165, 'SAGNIMORTE', 'DAVID', 'DAVID.SAGNIMORTE@machin.com', '$2y$10$sr7kFLecwNzaaItZI0MWSu4oxVi.APy0hjaaXPL8zurGvAHaA5LnK', 0, 23),
(166, 'MIGUET', 'JEROME', 'JEROME.MIGUET@machin.com', '$2y$10$sr7kFLecwNzaaItZI0MWSu4oxVi.APy0hjaaXPL8zurGvAHaA5LnK', 0, 13),
(167, 'PASTEUR', 'CHRISTOPHE', 'CHRISTOPHE.PASTEUR@machin.com', '$2y$10$sr7kFLecwNzaaItZI0MWSu4oxVi.APy0hjaaXPL8zurGvAHaA5LnK', 0, 9),
(168, 'FORMOSA', 'LIONEL', 'LIONEL.FORMOSA@machin.com', '$2y$10$sr7kFLecwNzaaItZI0MWSu4oxVi.APy0hjaaXPL8zurGvAHaA5LnK', 0, 25),
(169, 'POIZAT', 'FLORENCE', 'FLORENCE.POIZAT@machin.com', '$2y$10$sr7kFLecwNzaaItZI0MWSu4oxVi.APy0hjaaXPL8zurGvAHaA5LnK', 0, 14),
(170, 'CORBEL', 'CHRISTOPHE', 'CHRISTOPHE.CORBEL@machin.com', '$2y$10$sr7kFLecwNzaaItZI0MWSu4oxVi.APy0hjaaXPL8zurGvAHaA5LnK', 0, 27),
(171, 'PERRIOT', 'VERONIQUE', 'VERONIQUE.PERRIOT@machin.com', '$2y$10$sr7kFLecwNzaaItZI0MWSu4oxVi.APy0hjaaXPL8zurGvAHaA5LnK', 0, 10),
(172, 'LENFANT', 'MATHIEU', 'MATHIEU.LENFANT@machin.com', '$2y$10$sr7kFLecwNzaaItZI0MWSu4oxVi.APy0hjaaXPL8zurGvAHaA5LnK', 0, 16),
(173, 'BENAICHA', 'LINDA', 'LINDA.BENAICHA@machin.com', '$2y$10$sr7kFLecwNzaaItZI0MWSu4oxVi.APy0hjaaXPL8zurGvAHaA5LnK', 0, 6),
(174, 'NOWAK', 'GUILLAUME', 'GUILLAUME.NOWAK@machin.com', '$2y$10$sr7kFLecwNzaaItZI0MWSu4oxVi.APy0hjaaXPL8zurGvAHaA5LnK', 0, 26),
(175, 'FREGAVILLE', 'OLIVIER', 'OLIVIER.FREGAVILLE@machin.com', '$2y$10$sr7kFLecwNzaaItZI0MWSu4oxVi.APy0hjaaXPL8zurGvAHaA5LnK', 0, 5),
(176, 'BOUNIOUX', 'CELINE', 'CELINE.BOUNIOUX@machin.com', '$2y$10$sr7kFLecwNzaaItZI0MWSu4oxVi.APy0hjaaXPL8zurGvAHaA5LnK', 0, 28),
(177, 'PETIT', 'CAROLINE', 'CAROLINE.PETIT@machin.com', '$2y$10$sr7kFLecwNzaaItZI0MWSu4oxVi.APy0hjaaXPL8zurGvAHaA5LnK', 0, 12),
(178, 'MAS', 'JEAN SEBASTIEN', 'JEAN SEBASTIEN.MAS@machin.com', '$2y$10$sr7kFLecwNzaaItZI0MWSu4oxVi.APy0hjaaXPL8zurGvAHaA5LnK', 0, 26),
(179, 'LEPONT', 'LAURENCE', 'LAURENCE.LEPONT@machin.com', '$2y$10$sr7kFLecwNzaaItZI0MWSu4oxVi.APy0hjaaXPL8zurGvAHaA5LnK', 0, 26),
(180, 'RAILLOT', 'PERRINE', 'PERRINE.RAILLOT@machin.com', '$2y$10$sr7kFLecwNzaaItZI0MWSu4oxVi.APy0hjaaXPL8zurGvAHaA5LnK', 0, 12),
(181, 'TRONEL', 'CLAIRE', 'CLAIRE.TRONEL@machin.com', '$2y$10$sr7kFLecwNzaaItZI0MWSu4oxVi.APy0hjaaXPL8zurGvAHaA5LnK', 0, 12),
(182, 'LOMMUNAL', 'SARAH', 'SARAH.LOMMUNAL@machin.com', '$2y$10$sr7kFLecwNzaaItZI0MWSu4oxVi.APy0hjaaXPL8zurGvAHaA5LnK', 0, 28),
(183, 'VERDEAU', 'DAMIEN', 'DAMIEN.VERDEAU@machin.com', '$2y$10$sr7kFLecwNzaaItZI0MWSu4oxVi.APy0hjaaXPL8zurGvAHaA5LnK', 0, 27),
(184, 'DELEPLANQUE', 'JEREMY', 'JEREMY.DELEPLANQUE@machin.com', '$2y$10$sr7kFLecwNzaaItZI0MWSu4oxVi.APy0hjaaXPL8zurGvAHaA5LnK', 0, 28),
(185, 'SAPALY', 'NICOLAS', 'NICOLAS.SAPALY@machin.com', '$2y$10$sr7kFLecwNzaaItZI0MWSu4oxVi.APy0hjaaXPL8zurGvAHaA5LnK', 0, 5),
(186, 'BARLET', 'LAURENT', 'LAURENT.BARLET@machin.com', '$2y$10$sr7kFLecwNzaaItZI0MWSu4oxVi.APy0hjaaXPL8zurGvAHaA5LnK', 0, 11),
(187, 'TRUNKENWALD', 'ANDRE', 'ANDRE.TRUNKENWALD@machin.com', '$2y$10$sr7kFLecwNzaaItZI0MWSu4oxVi.APy0hjaaXPL8zurGvAHaA5LnK', 0, 25),
(188, 'LANGEVIN', 'DAVID', 'DAVID.LANGEVIN@machin.com', '$2y$10$sr7kFLecwNzaaItZI0MWSu4oxVi.APy0hjaaXPL8zurGvAHaA5LnK', 0, 9),
(189, 'TRUONG', 'BRICE', 'BRICE.TRUONG@machin.com', '$2y$10$sr7kFLecwNzaaItZI0MWSu4oxVi.APy0hjaaXPL8zurGvAHaA5LnK', 0, 16),
(190, 'ROGIER', 'CELINE', 'CELINE.ROGIER@machin.com', '$2y$10$sr7kFLecwNzaaItZI0MWSu4oxVi.APy0hjaaXPL8zurGvAHaA5LnK', 0, 7),
(191, 'BERTHOD', 'MIKAEL', 'MIKAEL.BERTHOD@machin.com', '$2y$10$sr7kFLecwNzaaItZI0MWSu4oxVi.APy0hjaaXPL8zurGvAHaA5LnK', 0, 23),
(192, 'ALVAIN', 'SEVERINE', 'SEVERINE.ALVAIN@machin.com', '$2y$10$sr7kFLecwNzaaItZI0MWSu4oxVi.APy0hjaaXPL8zurGvAHaA5LnK', 0, 8),
(193, 'OLIVIERI', 'CHRISTOPHE', 'CHRISTOPHE.OLIVIERI@machin.com', '$2y$10$sr7kFLecwNzaaItZI0MWSu4oxVi.APy0hjaaXPL8zurGvAHaA5LnK', 0, 27),
(194, 'MERIC', 'OMBELINE', 'OMBELINE.MERIC@machin.com', '$2y$10$sr7kFLecwNzaaItZI0MWSu4oxVi.APy0hjaaXPL8zurGvAHaA5LnK', 0, 5),
(195, 'BAER', 'MATHILDE', 'MATHILDE.BAER@machin.com', '$2y$10$sr7kFLecwNzaaItZI0MWSu4oxVi.APy0hjaaXPL8zurGvAHaA5LnK', 0, 12),
(196, 'HERTZ', 'AUDREY', 'AUDREY.HERTZ@machin.com', '$2y$10$sr7kFLecwNzaaItZI0MWSu4oxVi.APy0hjaaXPL8zurGvAHaA5LnK', 0, 13),
(197, 'GEHANT', 'THOMAS', 'THOMAS.GEHANT@machin.com', '$2y$10$sr7kFLecwNzaaItZI0MWSu4oxVi.APy0hjaaXPL8zurGvAHaA5LnK', 0, 6),
(198, 'FREVILLE', 'MATHILDE', 'MATHILDE.FREVILLE@machin.com', '$2y$10$sr7kFLecwNzaaItZI0MWSu4oxVi.APy0hjaaXPL8zurGvAHaA5LnK', 0, 9),
(199, 'DAVAUX', 'HERVE', 'HERVE.DAVAUX@machin.com', '$2y$10$sr7kFLecwNzaaItZI0MWSu4oxVi.APy0hjaaXPL8zurGvAHaA5LnK', 0, 2),
(200, 'SUDAN', 'SEVERINE', 'SEVERINE.SUDAN@machin.com', '$2y$10$sr7kFLecwNzaaItZI0MWSu4oxVi.APy0hjaaXPL8zurGvAHaA5LnK', 0, 29),
(201, 'VALAYER', 'SONIA', 'SONIA.VALAYER@machin.com', '$2y$10$sr7kFLecwNzaaItZI0MWSu4oxVi.APy0hjaaXPL8zurGvAHaA5LnK', 0, 26),
(202, 'BEGAT', 'VERONIQUE', 'VERONIQUE.BEGAT@machin.com', '$2y$10$sr7kFLecwNzaaItZI0MWSu4oxVi.APy0hjaaXPL8zurGvAHaA5LnK', 0, 26),
(203, 'DULAURENT', 'SYLVAIN', 'SYLVAIN.DULAURENT@machin.com', '$2y$10$sr7kFLecwNzaaItZI0MWSu4oxVi.APy0hjaaXPL8zurGvAHaA5LnK', 0, 7),
(204, 'MULLER-FEUGA', 'AIMERY', 'AIMERY.MULLER-FEUGA@machin.com', '$2y$10$sr7kFLecwNzaaItZI0MWSu4oxVi.APy0hjaaXPL8zurGvAHaA5LnK', 0, 2),
(205, 'ANSANAY-ALEX', 'VALERIE', 'VALERIE.ANSANAY-ALEX@machin.com', '$2y$10$sr7kFLecwNzaaItZI0MWSu4oxVi.APy0hjaaXPL8zurGvAHaA5LnK', 0, 29),
(206, 'BICHON', 'REGIS', 'REGIS.BICHON@machin.com', '$2y$10$sr7kFLecwNzaaItZI0MWSu4oxVi.APy0hjaaXPL8zurGvAHaA5LnK', 0, 28),
(207, 'STEFANI', 'GAELLE', 'GAELLE.STEFANI@machin.com', '$2y$10$sr7kFLecwNzaaItZI0MWSu4oxVi.APy0hjaaXPL8zurGvAHaA5LnK', 0, 11),
(208, 'PAUCELLE', 'GUILHEM', 'GUILHEM.PAUCELLE@machin.com', '$2y$10$sr7kFLecwNzaaItZI0MWSu4oxVi.APy0hjaaXPL8zurGvAHaA5LnK', 0, 17),
(209, 'GOSSET', 'JEAN-FRANCOIS', 'JEAN-FRANCOIS.GOSSET@machin.com', '$2y$10$sr7kFLecwNzaaItZI0MWSu4oxVi.APy0hjaaXPL8zurGvAHaA5LnK', 0, 2),
(210, 'LAURIOL', 'SYLVAIN', 'SYLVAIN.LAURIOL@machin.com', '$2y$10$sr7kFLecwNzaaItZI0MWSu4oxVi.APy0hjaaXPL8zurGvAHaA5LnK', 0, 20),
(211, 'MARRONI', 'BRUNO', 'BRUNO.MARRONI@machin.com', '$2y$10$sr7kFLecwNzaaItZI0MWSu4oxVi.APy0hjaaXPL8zurGvAHaA5LnK', 0, 17),
(212, 'PETIT', 'SILVERE', 'SILVERE.PETIT@machin.com', '$2y$10$sr7kFLecwNzaaItZI0MWSu4oxVi.APy0hjaaXPL8zurGvAHaA5LnK', 0, 25),
(213, 'NOWAK', 'CELINE', 'CELINE.NOWAK@machin.com', '$2y$10$sr7kFLecwNzaaItZI0MWSu4oxVi.APy0hjaaXPL8zurGvAHaA5LnK', 0, 17),
(214, 'RONGIER', 'CELINE', 'CELINE.RONGIER@machin.com', '$2y$10$sr7kFLecwNzaaItZI0MWSu4oxVi.APy0hjaaXPL8zurGvAHaA5LnK', 0, 13),
(215, 'MARET', 'ERWAN', 'ERWAN.MARET@machin.com', '$2y$10$sr7kFLecwNzaaItZI0MWSu4oxVi.APy0hjaaXPL8zurGvAHaA5LnK', 0, 27),
(216, 'VARRAUD', 'LAURENT', 'LAURENT.VARRAUD@machin.com', '$2y$10$sr7kFLecwNzaaItZI0MWSu4oxVi.APy0hjaaXPL8zurGvAHaA5LnK', 0, 6),
(217, 'BARIOU', 'MATHIEU', 'MATHIEU.BARIOU@machin.com', '$2y$10$sr7kFLecwNzaaItZI0MWSu4oxVi.APy0hjaaXPL8zurGvAHaA5LnK', 0, 5),
(218, 'JAUNET', 'CHRISTELLE', 'CHRISTELLE.JAUNET@machin.com', '$2y$10$sr7kFLecwNzaaItZI0MWSu4oxVi.APy0hjaaXPL8zurGvAHaA5LnK', 0, 19),
(219, 'CASANOVA', 'JEAN-BAPTISTE', 'JEAN-BAPTISTE.CASANOVA@machin.com', '$2y$10$sr7kFLecwNzaaItZI0MWSu4oxVi.APy0hjaaXPL8zurGvAHaA5LnK', 0, 19),
(220, 'DEPAEPE', 'FREDERIC', 'FREDERIC.DEPAEPE@machin.com', '$2y$10$sr7kFLecwNzaaItZI0MWSu4oxVi.APy0hjaaXPL8zurGvAHaA5LnK', 0, 5),
(221, 'DALUZEAU', 'AURELIE', 'AURELIE.DALUZEAU@machin.com', '$2y$10$sr7kFLecwNzaaItZI0MWSu4oxVi.APy0hjaaXPL8zurGvAHaA5LnK', 0, 25),
(222, 'MEDAL', 'ERIC', 'ERIC.MEDAL@machin.com', '$2y$10$sr7kFLecwNzaaItZI0MWSu4oxVi.APy0hjaaXPL8zurGvAHaA5LnK', 0, 8),
(223, 'MAURAT', 'EMMANUELLE', 'EMMANUELLE.MAURAT@machin.com', '$2y$10$sr7kFLecwNzaaItZI0MWSu4oxVi.APy0hjaaXPL8zurGvAHaA5LnK', 0, 15),
(224, 'CHONE', 'EMMANUELLE', 'EMMANUELLE.CHONE@machin.com', '$2y$10$sr7kFLecwNzaaItZI0MWSu4oxVi.APy0hjaaXPL8zurGvAHaA5LnK', 0, 16),
(225, 'PEYRACHE', 'OLIVIER', 'OLIVIER.PEYRACHE@machin.com', '$2y$10$sr7kFLecwNzaaItZI0MWSu4oxVi.APy0hjaaXPL8zurGvAHaA5LnK', 0, 7),
(226, 'ROMET', 'LIONEL', 'LIONEL.ROMET@machin.com', '$2y$10$sr7kFLecwNzaaItZI0MWSu4oxVi.APy0hjaaXPL8zurGvAHaA5LnK', 0, 2),
(227, 'CERQUA', 'CYRIL', 'CYRIL.CERQUA@machin.com', '$2y$10$sr7kFLecwNzaaItZI0MWSu4oxVi.APy0hjaaXPL8zurGvAHaA5LnK', 0, 5),
(228, 'BELLICAUD', 'DAVID', 'DAVID.BELLICAUD@machin.com', '$2y$10$sr7kFLecwNzaaItZI0MWSu4oxVi.APy0hjaaXPL8zurGvAHaA5LnK', 0, 13),
(229, 'CAHINGT', 'BLANCHE', 'BLANCHE.CAHINGT@machin.com', '$2y$10$sr7kFLecwNzaaItZI0MWSu4oxVi.APy0hjaaXPL8zurGvAHaA5LnK', 0, 2),
(230, 'VANDOOREN', 'BENOIT', 'BENOIT.VANDOOREN@machin.com', '$2y$10$sr7kFLecwNzaaItZI0MWSu4oxVi.APy0hjaaXPL8zurGvAHaA5LnK', 0, 25),
(231, 'BARRUCHE', 'MARION', 'MARION.BARRUCHE@machin.com', '$2y$10$sr7kFLecwNzaaItZI0MWSu4oxVi.APy0hjaaXPL8zurGvAHaA5LnK', 0, 10),
(232, 'NOUGUIER', 'VINCENT', 'VINCENT.NOUGUIER@machin.com', '$2y$10$sr7kFLecwNzaaItZI0MWSu4oxVi.APy0hjaaXPL8zurGvAHaA5LnK', 0, 15),
(233, 'BOCHE', 'STEPHANIE', 'STEPHANIE.BOCHE@machin.com', '$2y$10$sr7kFLecwNzaaItZI0MWSu4oxVi.APy0hjaaXPL8zurGvAHaA5LnK', 0, 12),
(234, 'WILLM', 'LOIC', 'LOIC.WILLM@machin.com', '$2y$10$sr7kFLecwNzaaItZI0MWSu4oxVi.APy0hjaaXPL8zurGvAHaA5LnK', 0, 18),
(235, 'FOURNIER', 'AYMERIC', 'AYMERIC.FOURNIER@machin.com', '$2y$10$sr7kFLecwNzaaItZI0MWSu4oxVi.APy0hjaaXPL8zurGvAHaA5LnK', 0, 20),
(236, 'LEVOL', 'ERIC', 'ERIC.LEVOL@machin.com', '$2y$10$sr7kFLecwNzaaItZI0MWSu4oxVi.APy0hjaaXPL8zurGvAHaA5LnK', 0, 23),
(237, 'PEETERS', 'LYDIA', 'LYDIA.PEETERS@machin.com', '$2y$10$sr7kFLecwNzaaItZI0MWSu4oxVi.APy0hjaaXPL8zurGvAHaA5LnK', 0, 25),
(238, 'DELMAS', 'SANDRA', 'SANDRA.DELMAS@machin.com', '$2y$10$sr7kFLecwNzaaItZI0MWSu4oxVi.APy0hjaaXPL8zurGvAHaA5LnK', 0, 24),
(239, 'CHOISNET', 'VIOLAINE', 'VIOLAINE.CHOISNET@machin.com', '$2y$10$sr7kFLecwNzaaItZI0MWSu4oxVi.APy0hjaaXPL8zurGvAHaA5LnK', 0, 7),
(240, 'CUGNY', 'JOHAN', 'JOHAN.CUGNY@machin.com', '$2y$10$sr7kFLecwNzaaItZI0MWSu4oxVi.APy0hjaaXPL8zurGvAHaA5LnK', 0, 2),
(241, 'ELOY', 'ANNE', 'ANNE.ELOY@machin.com', '$2y$10$sr7kFLecwNzaaItZI0MWSu4oxVi.APy0hjaaXPL8zurGvAHaA5LnK', 0, 11),
(242, 'POLI', 'JURGEN', 'JURGEN.POLI@machin.com', '$2y$10$sr7kFLecwNzaaItZI0MWSu4oxVi.APy0hjaaXPL8zurGvAHaA5LnK', 0, 17),
(243, 'VIDOR', 'DAMIEN', 'DAMIEN.VIDOR@machin.com', '$2y$10$sr7kFLecwNzaaItZI0MWSu4oxVi.APy0hjaaXPL8zurGvAHaA5LnK', 0, 29),
(244, 'NGUYEN', 'DANG TU TRAM', 'DANG TU TRAM.NGUYEN@machin.com', '$2y$10$sr7kFLecwNzaaItZI0MWSu4oxVi.APy0hjaaXPL8zurGvAHaA5LnK', 0, 13),
(245, 'GUILLON', 'DAMIEN', 'DAMIEN.GUILLON@machin.com', '$2y$10$sr7kFLecwNzaaItZI0MWSu4oxVi.APy0hjaaXPL8zurGvAHaA5LnK', 0, 8),
(246, 'COSTAZ', 'ISABELLE', 'ISABELLE.COSTAZ@machin.com', '$2y$10$sr7kFLecwNzaaItZI0MWSu4oxVi.APy0hjaaXPL8zurGvAHaA5LnK', 0, 11),
(247, 'BONNASSIE', 'EMMANUEL', 'EMMANUEL.BONNASSIE@machin.com', '$2y$10$sr7kFLecwNzaaItZI0MWSu4oxVi.APy0hjaaXPL8zurGvAHaA5LnK', 0, 2),
(248, 'PRUDHOMME', 'INGRID', 'INGRID.PRUDHOMME@machin.com', '$2y$10$sr7kFLecwNzaaItZI0MWSu4oxVi.APy0hjaaXPL8zurGvAHaA5LnK', 0, 27),
(249, 'HERVE', 'STEPHANE', 'STEPHANE.HERVE@machin.com', '$2y$10$sr7kFLecwNzaaItZI0MWSu4oxVi.APy0hjaaXPL8zurGvAHaA5LnK', 0, 29),
(250, 'GROS', 'CELINE', 'CELINE.GROS@machin.com', '$2y$10$sr7kFLecwNzaaItZI0MWSu4oxVi.APy0hjaaXPL8zurGvAHaA5LnK', 0, 17),
(251, 'PERAUD', 'JEAN CHRISTOPHE', 'JEAN CHRISTOPHE.PERAUD@machin.com', '$2y$10$sr7kFLecwNzaaItZI0MWSu4oxVi.APy0hjaaXPL8zurGvAHaA5LnK', 0, 16),
(252, 'FRIONNET', 'STEPHANE', 'STEPHANE.FRIONNET@machin.com', '$2y$10$sr7kFLecwNzaaItZI0MWSu4oxVi.APy0hjaaXPL8zurGvAHaA5LnK', 0, 9),
(253, 'GUIHENEUF', 'JEROME', 'JEROME.GUIHENEUF@machin.com', '$2y$10$sr7kFLecwNzaaItZI0MWSu4oxVi.APy0hjaaXPL8zurGvAHaA5LnK', 0, 8),
(254, 'SERGENT', 'MARYSE', 'MARYSE.SERGENT@machin.com', '$2y$10$sr7kFLecwNzaaItZI0MWSu4oxVi.APy0hjaaXPL8zurGvAHaA5LnK', 0, 11),
(255, 'AUBARD', 'BENOIT', 'BENOIT.AUBARD@machin.com', '$2y$10$sr7kFLecwNzaaItZI0MWSu4oxVi.APy0hjaaXPL8zurGvAHaA5LnK', 0, 16),
(256, 'PLAT', 'CLEMENT', 'CLEMENT.PLAT@machin.com', '$2y$10$sr7kFLecwNzaaItZI0MWSu4oxVi.APy0hjaaXPL8zurGvAHaA5LnK', 0, 30),
(257, 'PROUTEAU', 'LUDOVIC', 'LUDOVIC.PROUTEAU@machin.com', '$2y$10$sr7kFLecwNzaaItZI0MWSu4oxVi.APy0hjaaXPL8zurGvAHaA5LnK', 0, 13),
(258, 'PERICOU', 'SIMON', 'SIMON.PERICOU@machin.com', '$2y$10$sr7kFLecwNzaaItZI0MWSu4oxVi.APy0hjaaXPL8zurGvAHaA5LnK', 0, 2),
(259, 'MECHTA', 'ZIAD', 'ZIAD.MECHTA@machin.com', '$2y$10$sr7kFLecwNzaaItZI0MWSu4oxVi.APy0hjaaXPL8zurGvAHaA5LnK', 0, 14),
(260, 'GREJON', 'LIONEL', 'LIONEL.GREJON@machin.com', '$2y$10$sr7kFLecwNzaaItZI0MWSu4oxVi.APy0hjaaXPL8zurGvAHaA5LnK', 0, 6),
(261, 'ESTEVE', 'WILLIAMS', 'WILLIAMS.ESTEVE@machin.com', '$2y$10$sr7kFLecwNzaaItZI0MWSu4oxVi.APy0hjaaXPL8zurGvAHaA5LnK', 0, 18),
(262, 'STRACHE', 'JULIEN', 'JULIEN.STRACHE@machin.com', '$2y$10$sr7kFLecwNzaaItZI0MWSu4oxVi.APy0hjaaXPL8zurGvAHaA5LnK', 0, 15),
(263, 'GAILLARDET', 'CAROLE', 'CAROLE.GAILLARDET@machin.com', '$2y$10$sr7kFLecwNzaaItZI0MWSu4oxVi.APy0hjaaXPL8zurGvAHaA5LnK', 0, 28),
(264, 'SCHNEIDER', 'ANNE', 'ANNE.SCHNEIDER@machin.com', '$2y$10$sr7kFLecwNzaaItZI0MWSu4oxVi.APy0hjaaXPL8zurGvAHaA5LnK', 0, 11),
(265, 'LECLER', 'MARIE THERESE', 'MARIE THERESE.LECLER@machin.com', '$2y$10$sr7kFLecwNzaaItZI0MWSu4oxVi.APy0hjaaXPL8zurGvAHaA5LnK', 0, 15),
(266, 'COURDON', 'JEAN PHILIPPE', 'JEAN PHILIPPE.COURDON@machin.com', '$2y$10$sr7kFLecwNzaaItZI0MWSu4oxVi.APy0hjaaXPL8zurGvAHaA5LnK', 0, 25),
(267, 'STORA', 'HELENE', 'HELENE.STORA@machin.com', '$2y$10$sr7kFLecwNzaaItZI0MWSu4oxVi.APy0hjaaXPL8zurGvAHaA5LnK', 0, 18),
(268, 'KHERIF', 'LEILA', 'LEILA.KHERIF@machin.com', '$2y$10$sr7kFLecwNzaaItZI0MWSu4oxVi.APy0hjaaXPL8zurGvAHaA5LnK', 0, 9),
(269, 'HUBERMAN', 'BERTRAND', 'BERTRAND.HUBERMAN@machin.com', '$2y$10$sr7kFLecwNzaaItZI0MWSu4oxVi.APy0hjaaXPL8zurGvAHaA5LnK', 0, 29),
(270, 'BAILLEUL', 'CHARLOTTE', 'CHARLOTTE.BAILLEUL@machin.com', '$2y$10$sr7kFLecwNzaaItZI0MWSu4oxVi.APy0hjaaXPL8zurGvAHaA5LnK', 0, 5),
(271, 'BUTON', 'GUILLAUME', 'GUILLAUME.BUTON@machin.com', '$2y$10$sr7kFLecwNzaaItZI0MWSu4oxVi.APy0hjaaXPL8zurGvAHaA5LnK', 0, 13),
(272, 'ROUX', 'ANNABELLE', 'ANNABELLE.ROUX@machin.com', '$2y$10$sr7kFLecwNzaaItZI0MWSu4oxVi.APy0hjaaXPL8zurGvAHaA5LnK', 0, 16),
(273, 'WATTIEZ', 'FABRICE', 'FABRICE.WATTIEZ@machin.com', '$2y$10$sr7kFLecwNzaaItZI0MWSu4oxVi.APy0hjaaXPL8zurGvAHaA5LnK', 0, 23),
(274, 'CHATELAIN', 'Cedric', 'Cedric.CHATELAIN@machin.com', '$2y$10$sr7kFLecwNzaaItZI0MWSu4oxVi.APy0hjaaXPL8zurGvAHaA5LnK', 0, 23),
(275, 'CHEREAU', 'Bertrand', 'Bertrand.CHEREAU@machin.com', '$2y$10$sr7kFLecwNzaaItZI0MWSu4oxVi.APy0hjaaXPL8zurGvAHaA5LnK', 0, 12),
(276, 'TERREUX', 'Amandine', 'Amandine.TERREUX@machin.com', '$2y$10$sr7kFLecwNzaaItZI0MWSu4oxVi.APy0hjaaXPL8zurGvAHaA5LnK', 0, 23),
(277, 'LOUSTALE', 'Nicolas', 'Nicolas.LOUSTALE@machin.com', '$2y$10$sr7kFLecwNzaaItZI0MWSu4oxVi.APy0hjaaXPL8zurGvAHaA5LnK', 0, 9),
(278, 'FERMIN', 'Olivier', 'Olivier.FERMIN@machin.com', '$2y$10$sr7kFLecwNzaaItZI0MWSu4oxVi.APy0hjaaXPL8zurGvAHaA5LnK', 0, 7),
(279, 'DUPASSIEUX', 'Etienne', 'Etienne.DUPASSIEUX@machin.com', '$2y$10$sr7kFLecwNzaaItZI0MWSu4oxVi.APy0hjaaXPL8zurGvAHaA5LnK', 0, 18),
(280, 'MACIEJEWSKI', 'David', 'David.MACIEJEWSKI@machin.com', '$2y$10$sr7kFLecwNzaaItZI0MWSu4oxVi.APy0hjaaXPL8zurGvAHaA5LnK', 0, 10),
(281, 'DEBRAY', 'Sylvain', 'Sylvain.DEBRAY@machin.com', '$2y$10$sr7kFLecwNzaaItZI0MWSu4oxVi.APy0hjaaXPL8zurGvAHaA5LnK', 0, 11),
(282, 'NESME', 'Sebastien', 'Sebastien.NESME@machin.com', '$2y$10$sr7kFLecwNzaaItZI0MWSu4oxVi.APy0hjaaXPL8zurGvAHaA5LnK', 0, 2),
(283, 'COLS', 'Jereme', 'Jereme.COLS@machin.com', '$2y$10$sr7kFLecwNzaaItZI0MWSu4oxVi.APy0hjaaXPL8zurGvAHaA5LnK', 0, 17),
(284, 'LEONARD', 'Sebastien', 'Sebastien.LEONARD@machin.com', '$2y$10$sr7kFLecwNzaaItZI0MWSu4oxVi.APy0hjaaXPL8zurGvAHaA5LnK', 0, 24),
(285, 'BERNARD', 'Alexandre', 'Alexandre.BERNARD@machin.com', '$2y$10$sr7kFLecwNzaaItZI0MWSu4oxVi.APy0hjaaXPL8zurGvAHaA5LnK', 0, 8),
(286, 'DIAS', 'Thomas', 'Thomas.DIAS@machin.com', '$2y$10$sr7kFLecwNzaaItZI0MWSu4oxVi.APy0hjaaXPL8zurGvAHaA5LnK', 0, 27),
(287, 'RANDRIAMAMONJY', 'Teda', 'Teda.RANDRIAMAMONJY@machin.com', '$2y$10$sr7kFLecwNzaaItZI0MWSu4oxVi.APy0hjaaXPL8zurGvAHaA5LnK', 0, 24),
(288, 'MARTELLO', 'Christophe', 'Christophe.MARTELLO@machin.com', '$2y$10$sr7kFLecwNzaaItZI0MWSu4oxVi.APy0hjaaXPL8zurGvAHaA5LnK', 0, 28),
(289, 'SIASSIA', 'Ulrich', 'Ulrich.SIASSIA@machin.com', '$2y$10$sr7kFLecwNzaaItZI0MWSu4oxVi.APy0hjaaXPL8zurGvAHaA5LnK', 0, 17),
(290, 'BORDET', 'Cedric', 'Cedric.BORDET@machin.com', '$2y$10$sr7kFLecwNzaaItZI0MWSu4oxVi.APy0hjaaXPL8zurGvAHaA5LnK', 0, 15),
(291, 'CASTAN', 'Francois', 'Francois.CASTAN@machin.com', '$2y$10$sr7kFLecwNzaaItZI0MWSu4oxVi.APy0hjaaXPL8zurGvAHaA5LnK', 0, 7),
(292, 'DUQUENNE', 'Laurent', 'Laurent.DUQUENNE@machin.com', '$2y$10$sr7kFLecwNzaaItZI0MWSu4oxVi.APy0hjaaXPL8zurGvAHaA5LnK', 0, 11),
(293, 'POGUET', 'Lionel', 'Lionel.POGUET@machin.com', '$2y$10$sr7kFLecwNzaaItZI0MWSu4oxVi.APy0hjaaXPL8zurGvAHaA5LnK', 0, 26),
(294, 'MUYL', 'Frederic', 'Frederic.MUYL@machin.com', '$2y$10$sr7kFLecwNzaaItZI0MWSu4oxVi.APy0hjaaXPL8zurGvAHaA5LnK', 0, 19),
(295, 'BAINVEL', 'Arzmel', 'Arzmel.BAINVEL@machin.com', '$2y$10$sr7kFLecwNzaaItZI0MWSu4oxVi.APy0hjaaXPL8zurGvAHaA5LnK', 0, 6),
(296, 'REUGE', 'Michael', 'Michael.REUGE@machin.com', '$2y$10$sr7kFLecwNzaaItZI0MWSu4oxVi.APy0hjaaXPL8zurGvAHaA5LnK', 0, 18),
(297, 'COUSIN', 'Damien', 'Damien.COUSIN@machin.com', '$2y$10$sr7kFLecwNzaaItZI0MWSu4oxVi.APy0hjaaXPL8zurGvAHaA5LnK', 0, 7),
(298, 'EULLIOT', 'Cedric', 'Cedric.EULLIOT@machin.com', '$2y$10$sr7kFLecwNzaaItZI0MWSu4oxVi.APy0hjaaXPL8zurGvAHaA5LnK', 0, 30),
(299, 'HOBLINGRE', 'Fabien', 'Fabien.HOBLINGRE@machin.com', '$2y$10$sr7kFLecwNzaaItZI0MWSu4oxVi.APy0hjaaXPL8zurGvAHaA5LnK', 0, 9),
(300, 'JOLLAIN', 'Fabrice', 'Fabrice.JOLLAIN@machin.com', '$2y$10$sr7kFLecwNzaaItZI0MWSu4oxVi.APy0hjaaXPL8zurGvAHaA5LnK', 0, 19),
(301, 'PFEIFFER', 'Coralie', 'Coralie.PFEIFFER@machin.com', '$2y$10$sr7kFLecwNzaaItZI0MWSu4oxVi.APy0hjaaXPL8zurGvAHaA5LnK', 0, 30),
(302, 'CESARI', 'Lionel', 'Lionel.CESARI@machin.com', '$2y$10$sr7kFLecwNzaaItZI0MWSu4oxVi.APy0hjaaXPL8zurGvAHaA5LnK', 0, 11),
(303, 'MEGEVAND', 'Marc', 'Marc.MEGEVAND@machin.com', '$2y$10$sr7kFLecwNzaaItZI0MWSu4oxVi.APy0hjaaXPL8zurGvAHaA5LnK', 0, 16),
(304, 'BROSSART', 'Valerie', 'Valerie.BROSSART@machin.com', '$2y$10$sr7kFLecwNzaaItZI0MWSu4oxVi.APy0hjaaXPL8zurGvAHaA5LnK', 0, 5),
(305, 'MARQUES', 'Frederic', 'Frederic.MARQUES@machin.com', '$2y$10$sr7kFLecwNzaaItZI0MWSu4oxVi.APy0hjaaXPL8zurGvAHaA5LnK', 0, 26),
(306, 'RIVIERE', 'Thomas', 'Thomas.RIVIERE@machin.com', '$2y$10$sr7kFLecwNzaaItZI0MWSu4oxVi.APy0hjaaXPL8zurGvAHaA5LnK', 0, 6),
(307, 'SELLIER', 'Pierre', 'Pierre.SELLIER@machin.com', '$2y$10$sr7kFLecwNzaaItZI0MWSu4oxVi.APy0hjaaXPL8zurGvAHaA5LnK', 0, 16),
(308, 'EYERMANN', 'Yannick', 'Yannick.EYERMANN@machin.com', '$2y$10$sr7kFLecwNzaaItZI0MWSu4oxVi.APy0hjaaXPL8zurGvAHaA5LnK', 0, 14),
(309, 'FORE', 'Johan', 'Johan.FORE@machin.com', '$2y$10$sr7kFLecwNzaaItZI0MWSu4oxVi.APy0hjaaXPL8zurGvAHaA5LnK', 0, 29),
(310, 'JOURDAIN', 'Alexandre', 'Alexandre.JOURDAIN@machin.com', '$2y$10$sr7kFLecwNzaaItZI0MWSu4oxVi.APy0hjaaXPL8zurGvAHaA5LnK', 0, 10),
(311, 'TAKOUMA', 'Michel', 'Michel.TAKOUMA@machin.com', '$2y$10$sr7kFLecwNzaaItZI0MWSu4oxVi.APy0hjaaXPL8zurGvAHaA5LnK', 0, 30),
(312, 'PEREZ', 'Bruno', 'Bruno.PEREZ@machin.com', '$2y$10$sr7kFLecwNzaaItZI0MWSu4oxVi.APy0hjaaXPL8zurGvAHaA5LnK', 0, 15),
(313, 'COURBIS', 'Jean Yves', 'Jean Yves.COURBIS@machin.com', '$2y$10$sr7kFLecwNzaaItZI0MWSu4oxVi.APy0hjaaXPL8zurGvAHaA5LnK', 0, 9),
(314, 'BEHNAM', 'Alexandre', 'Alexandre.BEHNAM@machin.com', '$2y$10$sr7kFLecwNzaaItZI0MWSu4oxVi.APy0hjaaXPL8zurGvAHaA5LnK', 0, 5),
(315, 'MONTARNAL', 'Michael', 'Michael.MONTARNAL@machin.com', '$2y$10$sr7kFLecwNzaaItZI0MWSu4oxVi.APy0hjaaXPL8zurGvAHaA5LnK', 0, 23),
(316, 'DADOUCH', 'Anas', 'Anas.DADOUCH@machin.com', '$2y$10$sr7kFLecwNzaaItZI0MWSu4oxVi.APy0hjaaXPL8zurGvAHaA5LnK', 0, 16),
(317, 'BERRA', 'Mustapha', 'Mustapha.BERRA@machin.com', '$2y$10$sr7kFLecwNzaaItZI0MWSu4oxVi.APy0hjaaXPL8zurGvAHaA5LnK', 0, 18),
(318, 'ONGARO', 'Veronique', 'Veronique.ONGARO@machin.com', '$2y$10$sr7kFLecwNzaaItZI0MWSu4oxVi.APy0hjaaXPL8zurGvAHaA5LnK', 0, 28),
(319, 'BALAS', 'Gilles', 'Gilles.BALAS@machin.com', '$2y$10$sr7kFLecwNzaaItZI0MWSu4oxVi.APy0hjaaXPL8zurGvAHaA5LnK', 0, 7),
(320, 'CLERC', 'Marie Amelie', 'Marie Amelie.CLERC@machin.com', '$2y$10$sr7kFLecwNzaaItZI0MWSu4oxVi.APy0hjaaXPL8zurGvAHaA5LnK', 0, 18),
(321, 'VILLIBORD', 'Eric', 'Eric.VILLIBORD@machin.com', '$2y$10$sr7kFLecwNzaaItZI0MWSu4oxVi.APy0hjaaXPL8zurGvAHaA5LnK', 0, 26),
(322, 'VIDONNE', 'Luc', 'Luc.VIDONNE@machin.com', '$2y$10$sr7kFLecwNzaaItZI0MWSu4oxVi.APy0hjaaXPL8zurGvAHaA5LnK', 0, 28),
(323, 'PERROTIN', 'Lionel', 'Lionel.PERROTIN@machin.com', '$2y$10$sr7kFLecwNzaaItZI0MWSu4oxVi.APy0hjaaXPL8zurGvAHaA5LnK', 0, 16),
(324, 'NAUDIN', 'Pierre', 'Pierre.NAUDIN@machin.com', '$2y$10$sr7kFLecwNzaaItZI0MWSu4oxVi.APy0hjaaXPL8zurGvAHaA5LnK', 0, 27),
(325, 'FALCOZ', 'Frederic', 'Frederic.FALCOZ@machin.com', '$2y$10$sr7kFLecwNzaaItZI0MWSu4oxVi.APy0hjaaXPL8zurGvAHaA5LnK', 0, 20),
(326, 'DUCRETTET', 'Frederic', 'Frederic.DUCRETTET@machin.com', '$2y$10$sr7kFLecwNzaaItZI0MWSu4oxVi.APy0hjaaXPL8zurGvAHaA5LnK', 0, 17),
(327, 'CUENOT', 'Alexandre', 'Alexandre.CUENOT@machin.com', '$2y$10$sr7kFLecwNzaaItZI0MWSu4oxVi.APy0hjaaXPL8zurGvAHaA5LnK', 0, 26),
(328, 'COHARD', 'Philippe', 'Philippe.COHARD@machin.com', '$2y$10$sr7kFLecwNzaaItZI0MWSu4oxVi.APy0hjaaXPL8zurGvAHaA5LnK', 0, 27),
(329, 'BOSC', 'Philippe', 'Philippe.BOSC@machin.com', '$2y$10$sr7kFLecwNzaaItZI0MWSu4oxVi.APy0hjaaXPL8zurGvAHaA5LnK', 0, 9),
(330, 'LIVA', 'Sebastien', 'Sebastien.LIVA@machin.com', '$2y$10$sr7kFLecwNzaaItZI0MWSu4oxVi.APy0hjaaXPL8zurGvAHaA5LnK', 0, 13),
(331, 'MOCQUET', 'Adrien', 'Adrien.MOCQUET@machin.com', '$2y$10$sr7kFLecwNzaaItZI0MWSu4oxVi.APy0hjaaXPL8zurGvAHaA5LnK', 0, 17),
(332, 'ZANATTA', 'Cedric', 'Cedric.ZANATTA@machin.com', '$2y$10$sr7kFLecwNzaaItZI0MWSu4oxVi.APy0hjaaXPL8zurGvAHaA5LnK', 0, 10),
(333, 'POROLI', 'Sylvain', 'Sylvain.POROLI@machin.com', '$2y$10$sr7kFLecwNzaaItZI0MWSu4oxVi.APy0hjaaXPL8zurGvAHaA5LnK', 0, 18),
(334, 'ROCA', 'Matthieu', 'Matthieu.ROCA@machin.com', '$2y$10$sr7kFLecwNzaaItZI0MWSu4oxVi.APy0hjaaXPL8zurGvAHaA5LnK', 0, 9),
(335, 'PHAN', 'Thi Duy', 'Thi Duy.PHAN@machin.com', '$2y$10$sr7kFLecwNzaaItZI0MWSu4oxVi.APy0hjaaXPL8zurGvAHaA5LnK', 0, 10),
(336, 'CARCY', 'Mionel', 'Mionel.CARCY@machin.com', '$2y$10$sr7kFLecwNzaaItZI0MWSu4oxVi.APy0hjaaXPL8zurGvAHaA5LnK', 0, 20),
(337, 'SIMEON', 'Guillaume', 'Guillaume.SIMEON@machin.com', '$2y$10$sr7kFLecwNzaaItZI0MWSu4oxVi.APy0hjaaXPL8zurGvAHaA5LnK', 0, 23),
(338, 'DURET', 'Vincent', 'Vincent.DURET@machin.com', '$2y$10$sr7kFLecwNzaaItZI0MWSu4oxVi.APy0hjaaXPL8zurGvAHaA5LnK', 0, 2),
(339, 'WILHELM', 'Thomas', 'Thomas.WILHELM@machin.com', '$2y$10$sr7kFLecwNzaaItZI0MWSu4oxVi.APy0hjaaXPL8zurGvAHaA5LnK', 0, 2),
(340, 'DARDEL', 'Nicolas', 'Nicolas.DARDEL@machin.com', '$2y$10$sr7kFLecwNzaaItZI0MWSu4oxVi.APy0hjaaXPL8zurGvAHaA5LnK', 0, 19),
(341, 'SOULIER', 'Xavier', 'Xavier.SOULIER@machin.com', '$2y$10$sr7kFLecwNzaaItZI0MWSu4oxVi.APy0hjaaXPL8zurGvAHaA5LnK', 0, 29),
(342, 'MOLLIER', 'Cyril', 'Cyril.MOLLIER@machin.com', '$2y$10$sr7kFLecwNzaaItZI0MWSu4oxVi.APy0hjaaXPL8zurGvAHaA5LnK', 0, 5),
(343, 'LEFRANC', 'Cyril', 'Cyril.LEFRANC@machin.com', '$2y$10$sr7kFLecwNzaaItZI0MWSu4oxVi.APy0hjaaXPL8zurGvAHaA5LnK', 0, 27),
(344, 'BURILLER', 'Guillaume', 'Guillaume.BURILLER@machin.com', '$2y$10$sr7kFLecwNzaaItZI0MWSu4oxVi.APy0hjaaXPL8zurGvAHaA5LnK', 0, 12),
(345, 'BRUEL', 'Cedric', 'Cedric.BRUEL@machin.com', '$2y$10$sr7kFLecwNzaaItZI0MWSu4oxVi.APy0hjaaXPL8zurGvAHaA5LnK', 0, 29),
(346, 'SCHWEITZER', 'Alain', 'Alain.SCHWEITZER@machin.com', '$2y$10$sr7kFLecwNzaaItZI0MWSu4oxVi.APy0hjaaXPL8zurGvAHaA5LnK', 0, 2),
(347, 'GUIGON', 'Xavier', 'Xavier.GUIGON@machin.com', '$2y$10$sr7kFLecwNzaaItZI0MWSu4oxVi.APy0hjaaXPL8zurGvAHaA5LnK', 0, 11),
(348, 'VIGNE', 'Stephane', 'Stephane.VIGNE@machin.com', '$2y$10$sr7kFLecwNzaaItZI0MWSu4oxVi.APy0hjaaXPL8zurGvAHaA5LnK', 0, 27),
(349, 'KOCH', 'Adrien', 'Adrien.KOCH@machin.com', '$2y$10$sr7kFLecwNzaaItZI0MWSu4oxVi.APy0hjaaXPL8zurGvAHaA5LnK', 0, 23),
(350, 'BOIREAU', 'Sylvain', 'Sylvain.BOIREAU@machin.com', '$2y$10$sr7kFLecwNzaaItZI0MWSu4oxVi.APy0hjaaXPL8zurGvAHaA5LnK', 0, 17),
(351, 'SANTOS NUNES', 'Ricardo', 'Ricardo.SANTOS NUNES@machin.com', '$2y$10$sr7kFLecwNzaaItZI0MWSu4oxVi.APy0hjaaXPL8zurGvAHaA5LnK', 0, 17),
(352, 'BOSSI', 'Damien', 'Damien.BOSSI@machin.com', '$2y$10$sr7kFLecwNzaaItZI0MWSu4oxVi.APy0hjaaXPL8zurGvAHaA5LnK', 0, 24),
(353, 'ROY', 'Jereme', 'Jereme.ROY@machin.com', '$2y$10$sr7kFLecwNzaaItZI0MWSu4oxVi.APy0hjaaXPL8zurGvAHaA5LnK', 0, 25),
(354, 'ENGRAND', 'Carine', 'Carine.ENGRAND@machin.com', '$2y$10$sr7kFLecwNzaaItZI0MWSu4oxVi.APy0hjaaXPL8zurGvAHaA5LnK', 0, 9),
(355, 'COURTAT', 'Fabien', 'Fabien.COURTAT@machin.com', '$2y$10$sr7kFLecwNzaaItZI0MWSu4oxVi.APy0hjaaXPL8zurGvAHaA5LnK', 0, 26),
(356, 'BENIT', 'David', 'David.BENIT@machin.com', '$2y$10$sr7kFLecwNzaaItZI0MWSu4oxVi.APy0hjaaXPL8zurGvAHaA5LnK', 0, 26),
(357, 'VACHAUD', 'Veronique', 'Veronique.VACHAUD@machin.com', '$2y$10$sr7kFLecwNzaaItZI0MWSu4oxVi.APy0hjaaXPL8zurGvAHaA5LnK', 0, 27),
(358, 'ALPHAZAN', 'Pierre', 'Pierre.ALPHAZAN@machin.com', '$2y$10$sr7kFLecwNzaaItZI0MWSu4oxVi.APy0hjaaXPL8zurGvAHaA5LnK', 0, 29),
(359, 'COCAULT', 'Damien', 'Damien.COCAULT@machin.com', '$2y$10$sr7kFLecwNzaaItZI0MWSu4oxVi.APy0hjaaXPL8zurGvAHaA5LnK', 0, 9),
(360, 'MOURET', 'Christophe', 'Christophe.MOURET@machin.com', '$2y$10$sr7kFLecwNzaaItZI0MWSu4oxVi.APy0hjaaXPL8zurGvAHaA5LnK', 0, 25),
(361, 'CHARRIER', 'Christophe', 'Christophe.CHARRIER@machin.com', '$2y$10$sr7kFLecwNzaaItZI0MWSu4oxVi.APy0hjaaXPL8zurGvAHaA5LnK', 0, 18),
(362, 'CAILLET', 'Hugo', 'Hugo.CAILLET@machin.com', '$2y$10$sr7kFLecwNzaaItZI0MWSu4oxVi.APy0hjaaXPL8zurGvAHaA5LnK', 0, 30),
(363, 'BEAUMARTY', 'Stephane', 'Stephane.BEAUMARTY@machin.com', '$2y$10$sr7kFLecwNzaaItZI0MWSu4oxVi.APy0hjaaXPL8zurGvAHaA5LnK', 0, 27),
(364, 'BAUTISTA', 'Anthony', 'Anthony.BAUTISTA@machin.com', '$2y$10$sr7kFLecwNzaaItZI0MWSu4oxVi.APy0hjaaXPL8zurGvAHaA5LnK', 0, 13),
(365, 'NGI', 'Roland', 'Roland.NGI@machin.com', '$2y$10$sr7kFLecwNzaaItZI0MWSu4oxVi.APy0hjaaXPL8zurGvAHaA5LnK', 0, 29),
(366, 'THEVENET', 'Marc', 'Marc.THEVENET@machin.com', '$2y$10$sr7kFLecwNzaaItZI0MWSu4oxVi.APy0hjaaXPL8zurGvAHaA5LnK', 0, 27),
(367, 'CROIX', 'Christophe', 'Christophe.CROIX@machin.com', '$2y$10$sr7kFLecwNzaaItZI0MWSu4oxVi.APy0hjaaXPL8zurGvAHaA5LnK', 0, 10),
(368, 'AUBRY', 'Laurent', 'Laurent.AUBRY@machin.com', '$2y$10$sr7kFLecwNzaaItZI0MWSu4oxVi.APy0hjaaXPL8zurGvAHaA5LnK', 0, 30),
(369, 'GAFFET', 'Jereme', 'Jereme.GAFFET@machin.com', '$2y$10$sr7kFLecwNzaaItZI0MWSu4oxVi.APy0hjaaXPL8zurGvAHaA5LnK', 0, 12),
(370, 'COURTELLEMONT', 'Yves', 'Yves.COURTELLEMONT@machin.com', '$2y$10$sr7kFLecwNzaaItZI0MWSu4oxVi.APy0hjaaXPL8zurGvAHaA5LnK', 0, 19),
(371, 'DELHOMME', 'Fabien', 'Fabien.DELHOMME@machin.com', '$2y$10$sr7kFLecwNzaaItZI0MWSu4oxVi.APy0hjaaXPL8zurGvAHaA5LnK', 0, 14),
(372, 'CECILLON', 'Thierry', 'Thierry.CECILLON@machin.com', '$2y$10$sr7kFLecwNzaaItZI0MWSu4oxVi.APy0hjaaXPL8zurGvAHaA5LnK', 0, 7),
(373, 'BREUIL', 'Frederic', 'Frederic.BREUIL@machin.com', '$2y$10$sr7kFLecwNzaaItZI0MWSu4oxVi.APy0hjaaXPL8zurGvAHaA5LnK', 0, 6),
(374, 'DUMORTIER', 'Laurent', 'Laurent.DUMORTIER@machin.com', '$2y$10$sr7kFLecwNzaaItZI0MWSu4oxVi.APy0hjaaXPL8zurGvAHaA5LnK', 0, 25),
(375, 'GIANORA', 'Delphine', 'Delphine.GIANORA@machin.com', '$2y$10$sr7kFLecwNzaaItZI0MWSu4oxVi.APy0hjaaXPL8zurGvAHaA5LnK', 0, 19),
(376, 'PAILLOT', 'Raphael', 'Raphael.PAILLOT@machin.com', '$2y$10$sr7kFLecwNzaaItZI0MWSu4oxVi.APy0hjaaXPL8zurGvAHaA5LnK', 0, 20),
(377, 'PONT', 'Jeremy', 'Jeremy.PONT@machin.com', '$2y$10$sr7kFLecwNzaaItZI0MWSu4oxVi.APy0hjaaXPL8zurGvAHaA5LnK', 0, 9),
(378, 'VICHARD', 'Helene', 'Helene.VICHARD@machin.com', '$2y$10$sr7kFLecwNzaaItZI0MWSu4oxVi.APy0hjaaXPL8zurGvAHaA5LnK', 0, 13),
(379, 'BOMPAS', 'Valerie', 'Valerie.BOMPAS@machin.com', '$2y$10$sr7kFLecwNzaaItZI0MWSu4oxVi.APy0hjaaXPL8zurGvAHaA5LnK', 0, 28),
(380, 'SENNEQUIER', 'Francois', 'Francois.SENNEQUIER@machin.com', '$2y$10$sr7kFLecwNzaaItZI0MWSu4oxVi.APy0hjaaXPL8zurGvAHaA5LnK', 0, 13),
(381, 'LAURENT', 'Vincent', 'Vincent.LAURENT@machin.com', '$2y$10$sr7kFLecwNzaaItZI0MWSu4oxVi.APy0hjaaXPL8zurGvAHaA5LnK', 0, 10),
(382, 'PASTEUR', 'Chris', 'Chris.PASTEUR@machin.com', '$2y$10$sr7kFLecwNzaaItZI0MWSu4oxVi.APy0hjaaXPL8zurGvAHaA5LnK', 0, 27),
(383, 'ROSAZ', 'Samuel', 'Samuel.ROSAZ@machin.com', '$2y$10$sr7kFLecwNzaaItZI0MWSu4oxVi.APy0hjaaXPL8zurGvAHaA5LnK', 0, 9),
(384, 'CHEVALLIER', 'Raphael', 'Raphael.CHEVALLIER@machin.com', '$2y$10$sr7kFLecwNzaaItZI0MWSu4oxVi.APy0hjaaXPL8zurGvAHaA5LnK', 0, 9),
(385, 'ELBOURI', 'Foed', 'Foed.ELBOURI@machin.com', '$2y$10$sr7kFLecwNzaaItZI0MWSu4oxVi.APy0hjaaXPL8zurGvAHaA5LnK', 0, 19),
(386, 'LECHEVALLIER', 'Gregoire', 'Gregoire.LECHEVALLIER@machin.com', '$2y$10$sr7kFLecwNzaaItZI0MWSu4oxVi.APy0hjaaXPL8zurGvAHaA5LnK', 0, 9),
(387, 'ROUSSEAU', 'Jean Philippe', 'Jean Philippe.ROUSSEAU@machin.com', '$2y$10$sr7kFLecwNzaaItZI0MWSu4oxVi.APy0hjaaXPL8zurGvAHaA5LnK', 0, 15),
(388, 'CHAMPAGNE', 'Cedric', 'Cedric.CHAMPAGNE@machin.com', '$2y$10$sr7kFLecwNzaaItZI0MWSu4oxVi.APy0hjaaXPL8zurGvAHaA5LnK', 0, 6),
(389, 'ROBLIN', 'Arnaud', 'Arnaud.ROBLIN@machin.com', '$2y$10$sr7kFLecwNzaaItZI0MWSu4oxVi.APy0hjaaXPL8zurGvAHaA5LnK', 0, 2),
(390, 'FATRE', 'Nicolas', 'Nicolas.FATRE@machin.com', '$2y$10$sr7kFLecwNzaaItZI0MWSu4oxVi.APy0hjaaXPL8zurGvAHaA5LnK', 0, 13),
(391, 'PODEUR', 'Geoffrey', 'Geoffrey.PODEUR@machin.com', '$2y$10$sr7kFLecwNzaaItZI0MWSu4oxVi.APy0hjaaXPL8zurGvAHaA5LnK', 0, 9),
(392, 'NANEIX', 'Jereme', 'Jereme.NANEIX@machin.com', '$2y$10$sr7kFLecwNzaaItZI0MWSu4oxVi.APy0hjaaXPL8zurGvAHaA5LnK', 0, 6),
(393, 'SALAUN', 'Valerie', 'Valerie.SALAUN@machin.com', '$2y$10$sr7kFLecwNzaaItZI0MWSu4oxVi.APy0hjaaXPL8zurGvAHaA5LnK', 0, 18);
INSERT INTO `LNM_etudiant` (`id_etudiant`, `nom`, `prenom`, `mail`, `password`, `password_updated`, `id_promo`) VALUES
(394, 'BOUTEMY', 'Francois', 'Francois.BOUTEMY@machin.com', '$2y$10$sr7kFLecwNzaaItZI0MWSu4oxVi.APy0hjaaXPL8zurGvAHaA5LnK', 0, 17),
(395, 'AUBRUN', 'Antony', 'Antony.AUBRUN@machin.com', '$2y$10$sr7kFLecwNzaaItZI0MWSu4oxVi.APy0hjaaXPL8zurGvAHaA5LnK', 0, 26),
(396, 'FROGERAIS', 'Serge', 'Serge.FROGERAIS@machin.com', '$2y$10$sr7kFLecwNzaaItZI0MWSu4oxVi.APy0hjaaXPL8zurGvAHaA5LnK', 0, 23),
(397, 'JIMENEZ', 'Jeremy', 'Jeremy.JIMENEZ@machin.com', '$2y$10$sr7kFLecwNzaaItZI0MWSu4oxVi.APy0hjaaXPL8zurGvAHaA5LnK', 0, 18),
(398, 'ROMDHANE', 'Rondhane', 'Rondhane.ROMDHANE@machin.com', '$2y$10$sr7kFLecwNzaaItZI0MWSu4oxVi.APy0hjaaXPL8zurGvAHaA5LnK', 0, 6),
(399, 'CARPENTIER', 'Yann', 'Yann.CARPENTIER@machin.com', '$2y$10$sr7kFLecwNzaaItZI0MWSu4oxVi.APy0hjaaXPL8zurGvAHaA5LnK', 0, 6),
(400, 'KHATRA', 'Hakim', 'Hakim.KHATRA@machin.com', '$2y$10$sr7kFLecwNzaaItZI0MWSu4oxVi.APy0hjaaXPL8zurGvAHaA5LnK', 0, 14),
(401, 'DAYAN', 'Gerald', 'Gerald.DAYAN@machin.com', '$2y$10$sr7kFLecwNzaaItZI0MWSu4oxVi.APy0hjaaXPL8zurGvAHaA5LnK', 0, 28),
(402, 'DUPUIS', 'Sylvain', 'Sylvain.DUPUIS@machin.com', '$2y$10$sr7kFLecwNzaaItZI0MWSu4oxVi.APy0hjaaXPL8zurGvAHaA5LnK', 0, 27),
(403, 'ABRAHAM', 'Robert', 'Robert.ABRAHAM@machin.com', '$2y$10$sr7kFLecwNzaaItZI0MWSu4oxVi.APy0hjaaXPL8zurGvAHaA5LnK', 0, 26),
(404, 'GOMEZ', 'Yann', 'Yann.GOMEZ@machin.com', '$2y$10$sr7kFLecwNzaaItZI0MWSu4oxVi.APy0hjaaXPL8zurGvAHaA5LnK', 0, 12),
(405, 'ULAN', 'Ludovic', 'Ludovic.ULAN@machin.com', '$2y$10$sr7kFLecwNzaaItZI0MWSu4oxVi.APy0hjaaXPL8zurGvAHaA5LnK', 0, 20),
(406, 'MARCHAND', 'Antoine', 'Antoine.MARCHAND@machin.com', '$2y$10$sr7kFLecwNzaaItZI0MWSu4oxVi.APy0hjaaXPL8zurGvAHaA5LnK', 0, 6),
(407, 'TATANGELO', 'Cedric', 'Cedric.TATANGELO@machin.com', '$2y$10$sr7kFLecwNzaaItZI0MWSu4oxVi.APy0hjaaXPL8zurGvAHaA5LnK', 0, 29),
(408, 'PERON', 'Xavier', 'Xavier.PERON@machin.com', '$2y$10$sr7kFLecwNzaaItZI0MWSu4oxVi.APy0hjaaXPL8zurGvAHaA5LnK', 0, 7),
(409, 'PASQUIER', 'Olivia', 'Olivia.PASQUIER@machin.com', '$2y$10$sr7kFLecwNzaaItZI0MWSu4oxVi.APy0hjaaXPL8zurGvAHaA5LnK', 0, 27),
(410, 'MONTMASSON', 'NICOLAS', 'NICOLAS.MONTMASSON@machin.com', '$2y$10$sr7kFLecwNzaaItZI0MWSu4oxVi.APy0hjaaXPL8zurGvAHaA5LnK', 0, 12),
(411, 'PILLET', 'Nelly', 'Nelly.PILLET@machin.com', '$2y$10$sr7kFLecwNzaaItZI0MWSu4oxVi.APy0hjaaXPL8zurGvAHaA5LnK', 0, 8),
(412, 'ABDOUMKADER', 'Bourhan', 'Bourhan.ABDOUMKADER@machin.com', '$2y$10$sr7kFLecwNzaaItZI0MWSu4oxVi.APy0hjaaXPL8zurGvAHaA5LnK', 0, 25),
(413, 'DORGLER', 'Steve', 'Steve.DORGLER@machin.com', '$2y$10$sr7kFLecwNzaaItZI0MWSu4oxVi.APy0hjaaXPL8zurGvAHaA5LnK', 0, 28),
(414, 'LATOURRE', 'Thomas', 'Thomas.LATOURRE@machin.com', '$2y$10$sr7kFLecwNzaaItZI0MWSu4oxVi.APy0hjaaXPL8zurGvAHaA5LnK', 0, 18),
(415, 'ALEZAIS', 'Remi', 'Remi.ALEZAIS@machin.com', '$2y$10$sr7kFLecwNzaaItZI0MWSu4oxVi.APy0hjaaXPL8zurGvAHaA5LnK', 0, 25),
(416, 'SORY', 'Abellatif', 'Abellatif.SORY@machin.com', '$2y$10$sr7kFLecwNzaaItZI0MWSu4oxVi.APy0hjaaXPL8zurGvAHaA5LnK', 0, 27),
(417, 'WILLER', 'Julien', 'Julien.WILLER@machin.com', '$2y$10$sr7kFLecwNzaaItZI0MWSu4oxVi.APy0hjaaXPL8zurGvAHaA5LnK', 0, 14),
(418, 'GARCIA', 'David', 'David.GARCIA@machin.com', '$2y$10$sr7kFLecwNzaaItZI0MWSu4oxVi.APy0hjaaXPL8zurGvAHaA5LnK', 0, 12),
(419, 'TCHILINGUIRIAN', 'Vreij', 'Vreij.TCHILINGUIRIAN@machin.com', '$2y$10$sr7kFLecwNzaaItZI0MWSu4oxVi.APy0hjaaXPL8zurGvAHaA5LnK', 0, 26),
(420, 'KARAA', 'Djamil', 'Djamil.KARAA@machin.com', '$2y$10$sr7kFLecwNzaaItZI0MWSu4oxVi.APy0hjaaXPL8zurGvAHaA5LnK', 0, 17),
(421, 'N\'DIKI', 'SEIDEL', 'SEIDEL.N\'DIKI@machin.com', '$2y$10$sr7kFLecwNzaaItZI0MWSu4oxVi.APy0hjaaXPL8zurGvAHaA5LnK', 0, 6),
(422, 'GOGUET', 'Francois', 'Francois.GOGUET@machin.com', '$2y$10$sr7kFLecwNzaaItZI0MWSu4oxVi.APy0hjaaXPL8zurGvAHaA5LnK', 0, 18),
(423, 'HAQUET', 'Cedric', 'Cedric.HAQUET@machin.com', '$2y$10$sr7kFLecwNzaaItZI0MWSu4oxVi.APy0hjaaXPL8zurGvAHaA5LnK', 0, 28),
(424, 'DEGRANGE', 'Raphael', 'Raphael.DEGRANGE@machin.com', '$2y$10$sr7kFLecwNzaaItZI0MWSu4oxVi.APy0hjaaXPL8zurGvAHaA5LnK', 0, 24),
(425, 'BOUCARD', 'Sylvain', 'Sylvain.BOUCARD@machin.com', '$2y$10$sr7kFLecwNzaaItZI0MWSu4oxVi.APy0hjaaXPL8zurGvAHaA5LnK', 0, 9),
(426, 'DAVID', 'Jereme', 'Jereme.DAVID@machin.com', '$2y$10$sr7kFLecwNzaaItZI0MWSu4oxVi.APy0hjaaXPL8zurGvAHaA5LnK', 0, 6),
(427, 'GEESEN', 'Mathieu', 'Mathieu.GEESEN@machin.com', '$2y$10$sr7kFLecwNzaaItZI0MWSu4oxVi.APy0hjaaXPL8zurGvAHaA5LnK', 0, 7),
(428, 'RASSENEUR', 'David', 'David.RASSENEUR@machin.com', '$2y$10$sr7kFLecwNzaaItZI0MWSu4oxVi.APy0hjaaXPL8zurGvAHaA5LnK', 0, 23),
(429, 'VIDAL', 'Cyril', 'Cyril.VIDAL@machin.com', '$2y$10$sr7kFLecwNzaaItZI0MWSu4oxVi.APy0hjaaXPL8zurGvAHaA5LnK', 0, 26),
(430, 'DE BAILLIENCOURT', 'Matthieu', 'Matthieu.DE BAILLIENCOURT@machin.com', '$2y$10$sr7kFLecwNzaaItZI0MWSu4oxVi.APy0hjaaXPL8zurGvAHaA5LnK', 0, 14),
(431, 'VAUJANY', 'Thomas', 'Thomas.VAUJANY@machin.com', '$2y$10$sr7kFLecwNzaaItZI0MWSu4oxVi.APy0hjaaXPL8zurGvAHaA5LnK', 0, 18),
(432, 'ROCHE', 'Mariannick', 'Mariannick.ROCHE@machin.com', '$2y$10$sr7kFLecwNzaaItZI0MWSu4oxVi.APy0hjaaXPL8zurGvAHaA5LnK', 0, 30),
(433, 'DOSSIN', 'Sylvain', 'Sylvain.DOSSIN@machin.com', '$2y$10$sr7kFLecwNzaaItZI0MWSu4oxVi.APy0hjaaXPL8zurGvAHaA5LnK', 0, 24),
(434, 'HENRY', 'Dominique', 'Dominique.HENRY@machin.com', '$2y$10$sr7kFLecwNzaaItZI0MWSu4oxVi.APy0hjaaXPL8zurGvAHaA5LnK', 0, 28),
(435, 'FENON', 'Pierre', 'Pierre.FENON@machin.com', '$2y$10$sr7kFLecwNzaaItZI0MWSu4oxVi.APy0hjaaXPL8zurGvAHaA5LnK', 0, 7),
(436, 'LACAND', 'Pierre', 'Pierre.LACAND@machin.com', '$2y$10$sr7kFLecwNzaaItZI0MWSu4oxVi.APy0hjaaXPL8zurGvAHaA5LnK', 0, 26),
(437, 'MAURICE', 'Xavier', 'Xavier.MAURICE@machin.com', '$2y$10$sr7kFLecwNzaaItZI0MWSu4oxVi.APy0hjaaXPL8zurGvAHaA5LnK', 0, 30),
(438, 'MARTEL', 'Jean-Mary', 'Jean-Mary.MARTEL@machin.com', '$2y$10$sr7kFLecwNzaaItZI0MWSu4oxVi.APy0hjaaXPL8zurGvAHaA5LnK', 0, 26),
(439, 'LEGLAND', 'Magalie', 'Magalie.LEGLAND@machin.com', '$2y$10$sr7kFLecwNzaaItZI0MWSu4oxVi.APy0hjaaXPL8zurGvAHaA5LnK', 0, 6),
(440, 'MACHEFERT', 'Bruno', 'Bruno.MACHEFERT@machin.com', '$2y$10$sr7kFLecwNzaaItZI0MWSu4oxVi.APy0hjaaXPL8zurGvAHaA5LnK', 0, 17),
(441, 'GANIER', 'Sebastien', 'Sebastien.GANIER@machin.com', '$2y$10$sr7kFLecwNzaaItZI0MWSu4oxVi.APy0hjaaXPL8zurGvAHaA5LnK', 0, 29),
(442, 'GIORDANO', 'Fabrice', 'Fabrice.GIORDANO@machin.com', '$2y$10$sr7kFLecwNzaaItZI0MWSu4oxVi.APy0hjaaXPL8zurGvAHaA5LnK', 0, 26),
(443, 'BRUCHET', 'Julien', 'Julien.BRUCHET@machin.com', '$2y$10$sr7kFLecwNzaaItZI0MWSu4oxVi.APy0hjaaXPL8zurGvAHaA5LnK', 0, 11),
(444, 'FOREST', 'Laurent', 'Laurent.FOREST@machin.com', '$2y$10$sr7kFLecwNzaaItZI0MWSu4oxVi.APy0hjaaXPL8zurGvAHaA5LnK', 0, 6),
(445, 'DUBOULOZ-MONNET', 'Fabrice', 'Fabrice.DUBOULOZ-MONNET@machin.com', '$2y$10$sr7kFLecwNzaaItZI0MWSu4oxVi.APy0hjaaXPL8zurGvAHaA5LnK', 0, 27),
(446, 'CHAGNY', 'Matthieu', 'Matthieu.CHAGNY@machin.com', '$2y$10$sr7kFLecwNzaaItZI0MWSu4oxVi.APy0hjaaXPL8zurGvAHaA5LnK', 0, 11),
(447, 'TAWIL', 'Daniel', 'Daniel.TAWIL@machin.com', '$2y$10$sr7kFLecwNzaaItZI0MWSu4oxVi.APy0hjaaXPL8zurGvAHaA5LnK', 0, 7),
(448, 'CUENCA', 'Remy', 'Remy.CUENCA@machin.com', '$2y$10$sr7kFLecwNzaaItZI0MWSu4oxVi.APy0hjaaXPL8zurGvAHaA5LnK', 0, 15),
(449, 'BROCHIER', 'Jacky', 'Jacky.BROCHIER@machin.com', '$2y$10$sr7kFLecwNzaaItZI0MWSu4oxVi.APy0hjaaXPL8zurGvAHaA5LnK', 0, 6),
(450, 'COLLET-BEILLON', 'Brice', 'Brice.COLLET-BEILLON@machin.com', '$2y$10$sr7kFLecwNzaaItZI0MWSu4oxVi.APy0hjaaXPL8zurGvAHaA5LnK', 0, 14),
(451, 'FONTFREYDE', 'Stephane', 'Stephane.FONTFREYDE@machin.com', '$2y$10$sr7kFLecwNzaaItZI0MWSu4oxVi.APy0hjaaXPL8zurGvAHaA5LnK', 0, 12),
(452, 'VINCENT', 'Julien', 'Julien.VINCENT@machin.com', '$2y$10$sr7kFLecwNzaaItZI0MWSu4oxVi.APy0hjaaXPL8zurGvAHaA5LnK', 0, 23),
(453, 'GARNIER', 'Mael', 'Mael.GARNIER@machin.com', '$2y$10$sr7kFLecwNzaaItZI0MWSu4oxVi.APy0hjaaXPL8zurGvAHaA5LnK', 0, 29),
(454, 'VELUT', 'Laurent', 'Laurent.VELUT@machin.com', '$2y$10$sr7kFLecwNzaaItZI0MWSu4oxVi.APy0hjaaXPL8zurGvAHaA5LnK', 0, 29),
(455, 'GODARD', 'laurent', 'laurent.GODARD@machin.com', '$2y$10$sr7kFLecwNzaaItZI0MWSu4oxVi.APy0hjaaXPL8zurGvAHaA5LnK', 0, 17),
(456, 'MEUNIER', 'Anthony', 'Anthony.MEUNIER@machin.com', '$2y$10$sr7kFLecwNzaaItZI0MWSu4oxVi.APy0hjaaXPL8zurGvAHaA5LnK', 0, 14),
(457, 'DOY', 'Guillaume', 'Guillaume.DOY@machin.com', '$2y$10$sr7kFLecwNzaaItZI0MWSu4oxVi.APy0hjaaXPL8zurGvAHaA5LnK', 0, 20),
(458, 'DELALOT', 'Regis', 'Regis.DELALOT@machin.com', '$2y$10$sr7kFLecwNzaaItZI0MWSu4oxVi.APy0hjaaXPL8zurGvAHaA5LnK', 0, 9),
(459, 'BRULE', 'Stephane', 'Stephane.BRULE@machin.com', '$2y$10$sr7kFLecwNzaaItZI0MWSu4oxVi.APy0hjaaXPL8zurGvAHaA5LnK', 0, 7),
(460, 'ALPHONSINE', 'Terry', 'Terry.ALPHONSINE@machin.com', '$2y$10$sr7kFLecwNzaaItZI0MWSu4oxVi.APy0hjaaXPL8zurGvAHaA5LnK', 0, 28),
(461, 'CHARTIER', 'Laurent', 'Laurent.CHARTIER@machin.com', '$2y$10$sr7kFLecwNzaaItZI0MWSu4oxVi.APy0hjaaXPL8zurGvAHaA5LnK', 0, 26),
(462, 'EFFANTIN', 'Gregory', 'Gregory.EFFANTIN@machin.com', '$2y$10$sr7kFLecwNzaaItZI0MWSu4oxVi.APy0hjaaXPL8zurGvAHaA5LnK', 0, 18),
(463, 'BOLOMEY', 'Stephan', 'Stephan.BOLOMEY@machin.com', '$2y$10$sr7kFLecwNzaaItZI0MWSu4oxVi.APy0hjaaXPL8zurGvAHaA5LnK', 0, 17),
(464, 'DAUTIN', 'Celine', 'Celine.DAUTIN@machin.com', '$2y$10$sr7kFLecwNzaaItZI0MWSu4oxVi.APy0hjaaXPL8zurGvAHaA5LnK', 0, 25),
(465, 'ROUCHON', 'Vincent', 'Vincent.ROUCHON@machin.com', '$2y$10$sr7kFLecwNzaaItZI0MWSu4oxVi.APy0hjaaXPL8zurGvAHaA5LnK', 0, 6),
(466, 'METAYER', 'Cyrille', 'Cyrille.METAYER@machin.com', '$2y$10$sr7kFLecwNzaaItZI0MWSu4oxVi.APy0hjaaXPL8zurGvAHaA5LnK', 0, 18),
(467, 'LAGRIPPE', 'Laetitia', 'Laetitia.LAGRIPPE@machin.com', '$2y$10$sr7kFLecwNzaaItZI0MWSu4oxVi.APy0hjaaXPL8zurGvAHaA5LnK', 0, 6),
(468, 'DUHAMEL', 'Antoine', 'Antoine.DUHAMEL@machin.com', '$2y$10$sr7kFLecwNzaaItZI0MWSu4oxVi.APy0hjaaXPL8zurGvAHaA5LnK', 0, 19),
(469, 'DEVILLERS', 'Damien', 'Damien.DEVILLERS@machin.com', '$2y$10$sr7kFLecwNzaaItZI0MWSu4oxVi.APy0hjaaXPL8zurGvAHaA5LnK', 0, 27),
(470, 'CHARRAS', 'Nathalie', 'Nathalie.CHARRAS@machin.com', '$2y$10$sr7kFLecwNzaaItZI0MWSu4oxVi.APy0hjaaXPL8zurGvAHaA5LnK', 0, 20),
(471, 'GIANDALIA', 'David', 'David.GIANDALIA@machin.com', '$2y$10$sr7kFLecwNzaaItZI0MWSu4oxVi.APy0hjaaXPL8zurGvAHaA5LnK', 0, 16),
(472, 'BORGES', 'Carine', 'Carine.BORGES@machin.com', '$2y$10$sr7kFLecwNzaaItZI0MWSu4oxVi.APy0hjaaXPL8zurGvAHaA5LnK', 0, 29),
(473, 'DEVIDAL', 'Franck', 'Franck.DEVIDAL@machin.com', '$2y$10$sr7kFLecwNzaaItZI0MWSu4oxVi.APy0hjaaXPL8zurGvAHaA5LnK', 0, 14),
(474, 'BRISSAUD', 'Bertrand', 'Bertrand.BRISSAUD@machin.com', '$2y$10$sr7kFLecwNzaaItZI0MWSu4oxVi.APy0hjaaXPL8zurGvAHaA5LnK', 0, 5),
(475, 'COUGOULAT', 'Glenn', 'Glenn.COUGOULAT@machin.com', '$2y$10$sr7kFLecwNzaaItZI0MWSu4oxVi.APy0hjaaXPL8zurGvAHaA5LnK', 0, 28),
(476, 'VIVET', 'Alexandra', 'Alexandra.VIVET@machin.com', '$2y$10$sr7kFLecwNzaaItZI0MWSu4oxVi.APy0hjaaXPL8zurGvAHaA5LnK', 0, 7),
(477, 'FILLOT', 'Frederic', 'Frederic.FILLOT@machin.com', '$2y$10$sr7kFLecwNzaaItZI0MWSu4oxVi.APy0hjaaXPL8zurGvAHaA5LnK', 0, 27),
(478, 'JIGUET', 'Sebastien', 'Sebastien.JIGUET@machin.com', '$2y$10$sr7kFLecwNzaaItZI0MWSu4oxVi.APy0hjaaXPL8zurGvAHaA5LnK', 0, 27),
(479, 'GUERGUY', 'Laurent', 'Laurent.GUERGUY@machin.com', '$2y$10$sr7kFLecwNzaaItZI0MWSu4oxVi.APy0hjaaXPL8zurGvAHaA5LnK', 0, 24),
(480, 'TREBUCHAIRE', 'Laetitia', 'Laetitia.TREBUCHAIRE@machin.com', '$2y$10$sr7kFLecwNzaaItZI0MWSu4oxVi.APy0hjaaXPL8zurGvAHaA5LnK', 0, 30),
(481, 'CHENU', 'Celine', 'Celine.CHENU@machin.com', '$2y$10$sr7kFLecwNzaaItZI0MWSu4oxVi.APy0hjaaXPL8zurGvAHaA5LnK', 0, 12),
(482, 'DERBEZ', 'Olivier', 'Olivier.DERBEZ@machin.com', '$2y$10$sr7kFLecwNzaaItZI0MWSu4oxVi.APy0hjaaXPL8zurGvAHaA5LnK', 0, 24),
(483, 'SIMEON', 'Julie', 'Julie.SIMEON@machin.com', '$2y$10$sr7kFLecwNzaaItZI0MWSu4oxVi.APy0hjaaXPL8zurGvAHaA5LnK', 0, 29),
(484, 'MENTELE', 'Stephane', 'Stephane.MENTELE@machin.com', '$2y$10$sr7kFLecwNzaaItZI0MWSu4oxVi.APy0hjaaXPL8zurGvAHaA5LnK', 0, 29),
(485, 'TODESCHINI', 'Jereme', 'Jereme.TODESCHINI@machin.com', '$2y$10$sr7kFLecwNzaaItZI0MWSu4oxVi.APy0hjaaXPL8zurGvAHaA5LnK', 0, 10),
(486, 'ZERBIB', 'Rene-Charles', 'Rene-Charles.ZERBIB@machin.com', '$2y$10$sr7kFLecwNzaaItZI0MWSu4oxVi.APy0hjaaXPL8zurGvAHaA5LnK', 0, 6),
(487, 'POULET', 'Manuel', 'Manuel.POULET@machin.com', '$2y$10$sr7kFLecwNzaaItZI0MWSu4oxVi.APy0hjaaXPL8zurGvAHaA5LnK', 0, 15),
(488, 'RIVA', 'Arnaud', 'Arnaud.RIVA@machin.com', '$2y$10$sr7kFLecwNzaaItZI0MWSu4oxVi.APy0hjaaXPL8zurGvAHaA5LnK', 0, 20),
(489, 'LAZARDEUX', 'Joel', 'Joel.LAZARDEUX@machin.com', '$2y$10$sr7kFLecwNzaaItZI0MWSu4oxVi.APy0hjaaXPL8zurGvAHaA5LnK', 0, 7),
(490, 'ZITO', 'Raphael', 'Raphael.ZITO@machin.com', '$2y$10$sr7kFLecwNzaaItZI0MWSu4oxVi.APy0hjaaXPL8zurGvAHaA5LnK', 0, 5),
(491, 'VAUX', 'Jeremy', 'Jeremy.VAUX@machin.com', '$2y$10$sr7kFLecwNzaaItZI0MWSu4oxVi.APy0hjaaXPL8zurGvAHaA5LnK', 0, 8),
(492, 'ANGELERI', 'Jereme', 'Jereme.ANGELERI@machin.com', '$2y$10$sr7kFLecwNzaaItZI0MWSu4oxVi.APy0hjaaXPL8zurGvAHaA5LnK', 0, 16),
(493, 'BILGEM', 'Halim', 'Halim.BILGEM@machin.com', '$2y$10$sr7kFLecwNzaaItZI0MWSu4oxVi.APy0hjaaXPL8zurGvAHaA5LnK', 0, 5),
(494, 'REPELLIN', 'Alexis', 'Alexis.REPELLIN@machin.com', '$2y$10$sr7kFLecwNzaaItZI0MWSu4oxVi.APy0hjaaXPL8zurGvAHaA5LnK', 0, 20),
(495, 'CHAMBART', 'Claire', 'Claire.CHAMBART@machin.com', '$2y$10$sr7kFLecwNzaaItZI0MWSu4oxVi.APy0hjaaXPL8zurGvAHaA5LnK', 0, 13),
(496, 'DESBIOLLES', 'Laurent', 'Laurent.DESBIOLLES@machin.com', '$2y$10$sr7kFLecwNzaaItZI0MWSu4oxVi.APy0hjaaXPL8zurGvAHaA5LnK', 0, 5),
(497, 'CARLUE', 'Etienne', 'Etienne.CARLUE@machin.com', '$2y$10$sr7kFLecwNzaaItZI0MWSu4oxVi.APy0hjaaXPL8zurGvAHaA5LnK', 0, 23),
(498, 'MIBORD', 'Sophie', 'Sophie.MIBORD@machin.com', '$2y$10$sr7kFLecwNzaaItZI0MWSu4oxVi.APy0hjaaXPL8zurGvAHaA5LnK', 0, 15),
(499, 'MARTIN', 'Stephane', 'Stephane.MARTIN@machin.com', '$2y$10$sr7kFLecwNzaaItZI0MWSu4oxVi.APy0hjaaXPL8zurGvAHaA5LnK', 0, 29),
(500, 'BUSNEL', 'Frederic', 'Frederic.BUSNEL@machin.com', '$2y$10$sr7kFLecwNzaaItZI0MWSu4oxVi.APy0hjaaXPL8zurGvAHaA5LnK', 0, 17),
(501, 'BOURRIEAU', 'Julien', 'Julien.BOURRIEAU@machin.com', '$2y$10$sr7kFLecwNzaaItZI0MWSu4oxVi.APy0hjaaXPL8zurGvAHaA5LnK', 0, 11),
(502, 'PRADELLE', 'Guillaume', 'Guillaume.PRADELLE@machin.com', '$2y$10$sr7kFLecwNzaaItZI0MWSu4oxVi.APy0hjaaXPL8zurGvAHaA5LnK', 0, 26),
(503, 'FRANCOIS', 'Capucine', 'Capucine.FRANCOIS@machin.com', '$2y$10$sr7kFLecwNzaaItZI0MWSu4oxVi.APy0hjaaXPL8zurGvAHaA5LnK', 0, 25),
(504, 'BESSON', 'David', 'David.BESSON@machin.com', '$2y$10$sr7kFLecwNzaaItZI0MWSu4oxVi.APy0hjaaXPL8zurGvAHaA5LnK', 0, 20),
(505, 'CHASTEL', 'Francoise', 'Francoise.CHASTEL@machin.com', '$2y$10$sr7kFLecwNzaaItZI0MWSu4oxVi.APy0hjaaXPL8zurGvAHaA5LnK', 0, 17),
(506, 'TISSIER', 'Olivier', 'Olivier.TISSIER@machin.com', '$2y$10$sr7kFLecwNzaaItZI0MWSu4oxVi.APy0hjaaXPL8zurGvAHaA5LnK', 0, 25),
(507, 'MASTEFA', 'M\'Hammed', 'M\'Hammed.MASTEFA@machin.com', '$2y$10$sr7kFLecwNzaaItZI0MWSu4oxVi.APy0hjaaXPL8zurGvAHaA5LnK', 0, 15),
(508, 'PASSIEUX', 'Benjamin', 'Benjamin.PASSIEUX@machin.com', '$2y$10$sr7kFLecwNzaaItZI0MWSu4oxVi.APy0hjaaXPL8zurGvAHaA5LnK', 0, 29),
(509, 'CHEDAL-ANGLAY', 'Mathieu', 'Mathieu.CHEDAL-ANGLAY@machin.com', '$2y$10$sr7kFLecwNzaaItZI0MWSu4oxVi.APy0hjaaXPL8zurGvAHaA5LnK', 0, 2),
(510, 'RAUWEL', 'Erwan', 'Erwan.RAUWEL@machin.com', '$2y$10$sr7kFLecwNzaaItZI0MWSu4oxVi.APy0hjaaXPL8zurGvAHaA5LnK', 0, 2),
(511, 'NAIBO', 'Laurence', 'Laurence.NAIBO@machin.com', '$2y$10$sr7kFLecwNzaaItZI0MWSu4oxVi.APy0hjaaXPL8zurGvAHaA5LnK', 0, 17),
(512, 'BOUDER', 'Nawfel', 'Nawfel.BOUDER@machin.com', '$2y$10$sr7kFLecwNzaaItZI0MWSu4oxVi.APy0hjaaXPL8zurGvAHaA5LnK', 0, 26),
(513, 'MASSART', 'Nicolas', 'Nicolas.MASSART@machin.com', '$2y$10$sr7kFLecwNzaaItZI0MWSu4oxVi.APy0hjaaXPL8zurGvAHaA5LnK', 0, 7),
(514, 'BUHSING', 'Celine', 'Celine.BUHSING@machin.com', '$2y$10$sr7kFLecwNzaaItZI0MWSu4oxVi.APy0hjaaXPL8zurGvAHaA5LnK', 0, 15),
(515, 'THIEFFRY', 'Stephane', 'Stephane.THIEFFRY@machin.com', '$2y$10$sr7kFLecwNzaaItZI0MWSu4oxVi.APy0hjaaXPL8zurGvAHaA5LnK', 0, 8),
(516, 'VEROLLET', 'Matthieu', 'Matthieu.VEROLLET@machin.com', '$2y$10$sr7kFLecwNzaaItZI0MWSu4oxVi.APy0hjaaXPL8zurGvAHaA5LnK', 0, 24),
(517, 'SIMONIN', 'Florent', 'Florent.SIMONIN@machin.com', '$2y$10$sr7kFLecwNzaaItZI0MWSu4oxVi.APy0hjaaXPL8zurGvAHaA5LnK', 0, 23),
(518, 'PONT', 'Sylvain', 'Sylvain.PONT@machin.com', '$2y$10$sr7kFLecwNzaaItZI0MWSu4oxVi.APy0hjaaXPL8zurGvAHaA5LnK', 0, 28),
(519, 'PICHAT', 'Emmanuel', 'Emmanuel.PICHAT@machin.com', '$2y$10$sr7kFLecwNzaaItZI0MWSu4oxVi.APy0hjaaXPL8zurGvAHaA5LnK', 0, 14),
(520, 'BERGER', 'Guillaume', 'Guillaume.BERGER@machin.com', '$2y$10$sr7kFLecwNzaaItZI0MWSu4oxVi.APy0hjaaXPL8zurGvAHaA5LnK', 0, 29),
(521, 'COTTAZ-CORDIER', 'Matthieu', 'Matthieu.COTTAZ-CORDIER@machin.com', '$2y$10$sr7kFLecwNzaaItZI0MWSu4oxVi.APy0hjaaXPL8zurGvAHaA5LnK', 0, 28),
(522, 'NOULHIANNE', 'Michael', 'Michael.NOULHIANNE@machin.com', '$2y$10$sr7kFLecwNzaaItZI0MWSu4oxVi.APy0hjaaXPL8zurGvAHaA5LnK', 0, 9),
(523, 'SAMOEL', 'Yann', 'Yann.SAMOEL@machin.com', '$2y$10$sr7kFLecwNzaaItZI0MWSu4oxVi.APy0hjaaXPL8zurGvAHaA5LnK', 0, 11),
(524, 'SANTSCHI', 'Nicolas', 'Nicolas.SANTSCHI@machin.com', '$2y$10$sr7kFLecwNzaaItZI0MWSu4oxVi.APy0hjaaXPL8zurGvAHaA5LnK', 0, 26),
(525, 'PACAUD', 'Jean-Christophe', 'Jean-Christophe.PACAUD@machin.com', '$2y$10$sr7kFLecwNzaaItZI0MWSu4oxVi.APy0hjaaXPL8zurGvAHaA5LnK', 0, 19),
(526, 'TAXY', 'Mathieu', 'Mathieu.TAXY@machin.com', '$2y$10$sr7kFLecwNzaaItZI0MWSu4oxVi.APy0hjaaXPL8zurGvAHaA5LnK', 0, 23),
(527, 'CHOULET', 'Aurelie', 'Aurelie.CHOULET@machin.com', '$2y$10$sr7kFLecwNzaaItZI0MWSu4oxVi.APy0hjaaXPL8zurGvAHaA5LnK', 0, 26),
(528, 'MARTINET', 'Pierre-Emmanuel', 'Pierre-Emmanuel.MARTINET@machin.com', '$2y$10$sr7kFLecwNzaaItZI0MWSu4oxVi.APy0hjaaXPL8zurGvAHaA5LnK', 0, 17),
(529, 'BRENDLEN', 'David', 'David.BRENDLEN@machin.com', '$2y$10$sr7kFLecwNzaaItZI0MWSu4oxVi.APy0hjaaXPL8zurGvAHaA5LnK', 0, 5),
(530, 'DURAND', 'Lionel', 'Lionel.DURAND@machin.com', '$2y$10$sr7kFLecwNzaaItZI0MWSu4oxVi.APy0hjaaXPL8zurGvAHaA5LnK', 0, 11),
(531, 'TAT', 'Kappa', 'Kappa.TAT@machin.com', '$2y$10$sr7kFLecwNzaaItZI0MWSu4oxVi.APy0hjaaXPL8zurGvAHaA5LnK', 0, 19),
(532, 'ROURE', 'Manuel', 'Manuel.ROURE@machin.com', '$2y$10$sr7kFLecwNzaaItZI0MWSu4oxVi.APy0hjaaXPL8zurGvAHaA5LnK', 0, 9),
(533, 'BOUCHEX', 'Olivier', 'Olivier.BOUCHEX@machin.com', '$2y$10$sr7kFLecwNzaaItZI0MWSu4oxVi.APy0hjaaXPL8zurGvAHaA5LnK', 0, 18),
(534, 'DIVOUX', 'Laurent', 'Laurent.DIVOUX@machin.com', '$2y$10$sr7kFLecwNzaaItZI0MWSu4oxVi.APy0hjaaXPL8zurGvAHaA5LnK', 0, 19),
(535, 'DOURET', 'Gordon', 'Gordon.DOURET@machin.com', '$2y$10$sr7kFLecwNzaaItZI0MWSu4oxVi.APy0hjaaXPL8zurGvAHaA5LnK', 0, 6),
(536, 'HUTIN', 'Olivier', 'Olivier.HUTIN@machin.com', '$2y$10$sr7kFLecwNzaaItZI0MWSu4oxVi.APy0hjaaXPL8zurGvAHaA5LnK', 0, 30),
(537, 'EHANNO', 'Thierry', 'Thierry.EHANNO@machin.com', '$2y$10$sr7kFLecwNzaaItZI0MWSu4oxVi.APy0hjaaXPL8zurGvAHaA5LnK', 0, 28),
(538, 'DESCOURVIERES', 'Jean-Baptise', 'Jean-Baptise.DESCOURVIERES@machin.com', '$2y$10$sr7kFLecwNzaaItZI0MWSu4oxVi.APy0hjaaXPL8zurGvAHaA5LnK', 0, 6),
(539, 'PARARD', 'Melanie', 'Melanie.PARARD@machin.com', '$2y$10$sr7kFLecwNzaaItZI0MWSu4oxVi.APy0hjaaXPL8zurGvAHaA5LnK', 0, 2);

--
-- Déchargement des données de la table `LNM_etudiant_as_groupe`
--

INSERT INTO `LNM_etudiant_as_groupe` (`id_etudiant`, `id_groupe`) VALUES
(3, 7),
(5, 7),
(17, 7),
(52, 7),
(60, 7),
(68, 7),
(76, 7),
(189, 7),
(226, 7),
(329, 7),
(333, 7),
(346, 7),
(352, 7),
(354, 7),
(364, 7),
(367, 7),
(397, 7),
(406, 7),
(471, 7),
(508, 7),
(95, 8),
(98, 8),
(147, 8),
(154, 8),
(166, 8),
(198, 8),
(207, 8),
(219, 8),
(239, 8),
(409, 8),
(468, 8),
(495, 8),
(43, 9),
(51, 9),
(174, 9),
(181, 9),
(191, 9),
(193, 9),
(235, 9),
(240, 9),
(281, 9),
(290, 9),
(331, 9),
(358, 9),
(377, 9),
(388, 9),
(429, 9),
(431, 9),
(465, 9),
(466, 9),
(522, 9),
(523, 9),
(16, 10),
(31, 10),
(48, 10),
(70, 10),
(89, 10),
(136, 10),
(140, 10),
(177, 10),
(179, 10),
(299, 10),
(300, 10),
(359, 10),
(416, 10),
(427, 10),
(446, 10),
(55, 11),
(86, 11),
(114, 11),
(127, 11),
(138, 11),
(153, 11),
(161, 11),
(261, 11),
(411, 11),
(437, 11),
(477, 11),
(479, 11),
(484, 11),
(496, 11),
(26, 14),
(118, 14),
(164, 14),
(190, 14),
(210, 14),
(243, 14),
(253, 14),
(273, 14),
(305, 14),
(339, 14),
(357, 14),
(361, 14),
(373, 14),
(454, 14),
(457, 14),
(480, 14),
(532, 14),
(64, 19),
(143, 19),
(213, 19),
(214, 19),
(227, 19),
(255, 19),
(260, 19),
(295, 19),
(313, 19),
(343, 19),
(405, 19),
(459, 19),
(8, 20),
(39, 20),
(92, 20),
(110, 20),
(122, 20),
(134, 20),
(233, 20),
(279, 20),
(284, 20),
(396, 20),
(412, 20),
(417, 20),
(425, 20),
(452, 20),
(483, 20),
(494, 20),
(499, 20),
(79, 21),
(104, 21),
(200, 21),
(224, 21),
(264, 21),
(294, 21),
(311, 21),
(312, 21),
(324, 21),
(370, 21),
(18, 22),
(23, 22),
(41, 22),
(65, 22),
(112, 22),
(269, 22),
(287, 22),
(303, 22),
(320, 22),
(342, 22),
(374, 22),
(419, 22),
(432, 22),
(433, 22),
(467, 22),
(2, 23),
(14, 23),
(24, 23),
(36, 23),
(54, 23),
(88, 23),
(102, 23),
(223, 23),
(258, 23),
(263, 23),
(271, 23),
(282, 23),
(308, 23),
(325, 23),
(376, 23),
(382, 23),
(390, 23),
(535, 23),
(537, 23),
(44, 24),
(59, 24),
(156, 24),
(248, 24),
(256, 24),
(262, 24),
(272, 24),
(381, 24),
(389, 24),
(392, 24),
(404, 24),
(453, 24),
(470, 24),
(81, 27),
(186, 27),
(187, 27),
(222, 27),
(236, 27),
(238, 27),
(268, 27),
(326, 27),
(344, 27),
(368, 27),
(383, 27),
(391, 27),
(399, 27),
(469, 27),
(502, 27),
(510, 27),
(518, 27),
(129, 28),
(142, 28),
(145, 28),
(199, 28),
(201, 28),
(202, 28),
(217, 28),
(265, 28),
(270, 28),
(317, 28),
(351, 28),
(385, 28),
(476, 28),
(57, 31),
(80, 31),
(173, 31),
(230, 31),
(237, 31),
(244, 31),
(266, 31),
(267, 31),
(274, 31),
(286, 31),
(347, 31),
(380, 31),
(408, 31),
(460, 31),
(500, 31),
(501, 31),
(538, 31),
(85, 35),
(123, 35),
(188, 35),
(205, 35),
(208, 35),
(251, 35),
(336, 35),
(435, 35),
(440, 35),
(455, 35),
(474, 35),
(492, 35),
(519, 35),
(520, 35),
(6, 36),
(25, 36),
(33, 36),
(106, 36),
(131, 36),
(163, 36),
(220, 36),
(283, 36),
(291, 36),
(403, 36),
(445, 36),
(450, 36),
(458, 36),
(463, 36),
(475, 36),
(478, 36),
(504, 36),
(534, 36),
(20, 37),
(35, 37),
(105, 37),
(117, 37),
(126, 37),
(132, 37),
(176, 37),
(182, 37),
(249, 37),
(327, 37),
(394, 37),
(422, 37),
(438, 37),
(473, 37),
(482, 37),
(488, 37),
(526, 37),
(29, 38),
(53, 38),
(61, 38),
(71, 38),
(101, 38),
(108, 38),
(133, 38),
(139, 38),
(159, 38),
(170, 38),
(306, 38),
(338, 38),
(395, 38),
(407, 38),
(441, 38),
(464, 38),
(505, 38),
(13, 42),
(56, 42),
(66, 42),
(94, 42),
(157, 42),
(165, 42),
(211, 42),
(212, 42),
(242, 42),
(250, 42),
(252, 42),
(259, 42),
(278, 42),
(296, 42),
(307, 42),
(430, 42),
(533, 42),
(21, 43),
(124, 43),
(178, 43),
(184, 43),
(245, 43),
(246, 43),
(297, 43),
(318, 43),
(341, 43),
(369, 43),
(372, 43),
(34, 44),
(69, 44),
(84, 44),
(150, 44),
(288, 44),
(321, 44),
(444, 44),
(449, 44),
(462, 44),
(511, 44),
(103, 45),
(168, 45),
(254, 45),
(275, 45),
(319, 45),
(334, 45),
(379, 45),
(424, 45),
(503, 45),
(506, 45),
(517, 45),
(528, 45),
(539, 45),
(42, 50),
(49, 50),
(62, 50),
(67, 50),
(83, 50),
(90, 50),
(96, 50),
(115, 50),
(203, 50),
(231, 50),
(247, 50),
(276, 50),
(289, 50),
(298, 50),
(413, 50),
(525, 50),
(536, 50),
(1, 51),
(12, 51),
(28, 51),
(32, 51),
(47, 51),
(58, 51),
(72, 51),
(97, 51),
(128, 51),
(130, 51),
(180, 51),
(194, 51),
(197, 51),
(280, 51),
(302, 51),
(332, 51),
(378, 51),
(442, 51),
(472, 51),
(490, 51),
(507, 51),
(515, 51),
(46, 52),
(99, 52),
(107, 52),
(109, 52),
(120, 52),
(149, 52),
(152, 52),
(209, 52),
(241, 52),
(277, 52),
(293, 52),
(316, 52),
(349, 52),
(448, 52),
(456, 52),
(486, 52),
(497, 52),
(513, 52),
(530, 52),
(7, 53),
(10, 53),
(93, 53),
(148, 53),
(169, 53),
(225, 53),
(301, 53),
(418, 53),
(443, 53),
(485, 53),
(514, 53),
(11, 56),
(19, 56),
(40, 56),
(160, 56),
(171, 56),
(172, 56),
(183, 56),
(216, 56),
(229, 56),
(314, 56),
(315, 56),
(328, 56),
(330, 56),
(401, 56),
(420, 56),
(461, 56),
(491, 56),
(531, 56),
(63, 57),
(74, 57),
(77, 57),
(87, 57),
(111, 57),
(125, 57),
(144, 57),
(192, 57),
(292, 57),
(304, 57),
(310, 57),
(348, 57),
(363, 57),
(421, 57),
(447, 57),
(481, 57),
(487, 57),
(509, 57),
(15, 60),
(22, 60),
(38, 60),
(91, 60),
(119, 60),
(162, 60),
(195, 60),
(204, 60),
(228, 60),
(257, 60),
(340, 60),
(345, 60),
(423, 60),
(426, 60),
(45, 61),
(121, 61),
(137, 61),
(141, 61),
(206, 61),
(285, 61),
(322, 61),
(355, 61),
(384, 61),
(386, 61),
(402, 61),
(436, 61),
(439, 61),
(498, 61),
(516, 61),
(521, 61),
(527, 61),
(50, 65),
(82, 65),
(146, 65),
(155, 65),
(167, 65),
(185, 65),
(215, 65),
(232, 65),
(323, 65),
(375, 65),
(387, 65),
(415, 65),
(428, 65),
(493, 65),
(4, 66),
(9, 66),
(37, 66),
(73, 66),
(75, 66),
(78, 66),
(113, 66),
(158, 66),
(218, 66),
(309, 66),
(360, 66),
(371, 66),
(393, 66),
(410, 66),
(414, 66),
(489, 66),
(524, 66),
(27, 67),
(30, 67),
(100, 67),
(116, 67),
(135, 67),
(151, 67),
(175, 67),
(350, 67),
(353, 67),
(356, 67),
(362, 67),
(365, 67),
(366, 67),
(400, 67),
(451, 67),
(512, 67),
(529, 67),
(196, 68),
(221, 68),
(234, 68),
(335, 68),
(337, 68),
(398, 68),
(434, 68);

--
-- Déchargement des données de la table `LNM_evaluation_type`
--

INSERT INTO `LNM_evaluation_type` (`id_evaluation_type`, `evaluation_name`, `heighest_value`, `lowest_value`, `valudation_value`, `ordered_allowed_values`, `ordered_value_descriptions`) VALUES
(1, 'Notation / 20', '20', '0', '10', NULL, NULL),
(2, 'Notation / 10', '10', '0', '5', NULL, NULL),
(3, 'Notation / 5', '5', '0', '2.5', NULL, NULL),
(4, 'Échelle d’évaluation ECTS', 'A', 'F', 'E', '{F,Fx,E,D,C,C,B,A}', '{Un travail supplémentaire considérable est nécessaire; Un travail supplémentaire est nécessaire pour l\'octroi d\'un crédit; Les résultats satisfont aux critères minimaux; Travail honnête, mais comportant des lacunes importantes; Généralement bon, malgré un certain nombre d\'insuffisances notables; Résultats supérieurs à la moyenne, malgré un certain nombre d\'insuffisances; Résultats remarquables, avec seulement quelques insuffisances mineures}'),
(5, 'Echelle de notation ABCDE simple', 'A', 'E', 'C', '{E,D,C,B,A}', '{Non évaluable; N\'atteint pas le minimum requis; Minimum requis atteint avec des lacunes importantes ne remettant pas en cause la compréhension du sujet; Bonne maitrise du sujet avec des lacunes mineures à combler; Excellente maitrise du sujet, quelques lacunes négligeables nécessitant des approfondissements acceptables '),
(6, 'Echelle de notation ABCDE +- simple', 'A+', 'E-', 'C-', '{A+,A,A-,B+,B,B-,C+,C,C-,D+,D,D-,E+,E,E-}', NULL),
(7, 'Binaire', 'Validé', 'Non validé', 'Validé', '{Non validé, Validé}', NULL),
(8, 'Compétence 4 niveaux', 'A', 'D', 'B', '{A,B,C,D}', '{Audela des attentes, Objectif atteint, Objectif non atteint, Non évalué}');

--
-- Déchargement des données de la table `LNM_filiere`
--

INSERT INTO `LNM_filiere` (`id_filiere`, `nom_filiere`, `nom_long`, `id_responsable`) VALUES
(1, 'BTP', '  ', NULL),
(2, 'Eco', '  ', NULL),
(3, 'Info', 'Informatique', 18),
(4, 'Meca', 'Mécanique', NULL),
(5, 'MP', 'Mécanique Productique', NULL),
(6, 'MP-CM', '  ', NULL),
(7, 'MP-GI', '  ', NULL),
(8, 'Prepa', '  ', NULL),
(9, 'POLYTECH', 'Tronc commun Polytech', NULL),
(10, 'Syst', 'Ingénierie System', 19),
(11, 'MecaTro', 'Master Mécatronique', NULL);

--
-- Déchargement des données de la table `LNM_groupe`
--

INSERT INTO `LNM_groupe` (`id_groupe`, `nom_groupe`, `id_promo`, `id_groupe_type`) VALUES
(1, 'IDU3', 5, 1),
(2, 'IDU4', 15, 1),
(3, 'IDU5', 16, 1),
(4, 'IDU3_TD1', 5, 2),
(5, 'IDU4_TD1', 15, 2),
(6, 'IDU5_TD1', 16, 2),
(7, 'IDU3_TP11', 5, 3),
(8, 'IDU3_TP12', 5, 3),
(9, 'IDU4_TP11', 15, 3),
(10, 'IDU4_TP12', 15, 3),
(11, 'IDU5_TP11', 16, 3),
(12, 'SNI3', 2, 1),
(13, 'SNI3_TD1', 2, 2),
(14, 'SNI3_TP1', 2, 3),
(15, 'MM3', 6, 1),
(16, 'MM3_TD1', 6, 2),
(17, 'MM3_TD2', 6, 2),
(18, 'MM3_TD3', 6, 2),
(19, 'MM3_TP11', 6, 3),
(20, 'MM3_TP12', 6, 3),
(21, 'MM3_TP21', 6, 3),
(22, 'MM3_TP22', 6, 3),
(23, 'MM3_TP31', 6, 3),
(24, 'MM3_TP32', 6, 3),
(25, 'SNI4', 13, 1),
(26, 'SNI4_TD1', 13, 2),
(27, 'SNI4_TP1', 13, 3),
(28, 'SNI4_TP2', 13, 3),
(29, 'SNI5', 14, 1),
(30, 'SNI5_TD1', 14, 2),
(31, 'SNI5_TP1', 14, 3),
(32, 'PEIP_A1', 12, 1),
(33, 'PEIP_A1_TD1', 12, 2),
(34, 'PEIP_A1_TD2', 12, 2),
(35, 'PEIP_A1_TP11', 12, 3),
(36, 'PEIP_A1_TP12', 12, 3),
(37, 'PEIP_A1_TP21', 12, 3),
(38, 'PEIP_A1_TP22', 12, 3),
(39, 'PEIP_A2', 18, 1),
(40, 'PEIP_A2_TD1', 18, 2),
(41, 'PEIP_A2_TD2', 18, 2),
(42, 'PEIP_A2_TP11', 18, 3),
(43, 'PEIP_A2_TP12', 18, 3),
(44, 'PEIP_A2_TP21', 18, 3),
(45, 'PEIP_A2_TP22', 18, 3),
(46, 'AM_INFO', 30, 3),
(47, 'MMT4', 17, 1),
(48, 'MMT4-TD1', 17, 2),
(49, 'MMT4-TD2', 17, 2),
(50, 'MMT4-TP11', 17, 3),
(51, 'MMT4-TP12', 17, 3),
(52, 'MMT4-TP21', 17, 3),
(53, 'MMT4-TP22', 17, 3),
(54, 'CM4', 11, 1),
(55, 'CM4-TD1', 11, 2),
(56, 'CM4-TP11', 11, 3),
(57, 'CM4-TP12', 11, 3),
(58, 'EIT3', 7, 1),
(59, 'EIT3_TD1', 7, 2),
(60, 'EIT3_TP11', 7, 3),
(61, 'EIT3_TP12', 7, 3),
(62, 'BAT', 8, 1),
(63, 'BAT_TD1', 8, 2),
(64, 'BAT_TD2', 8, 2),
(65, 'BAT_TP11', 8, 3),
(66, 'BAT_TP12', 8, 3),
(67, 'BAT_TP21', 8, 3),
(68, 'BAT_TP22', 8, 3);

--
-- Déchargement des données de la table `LNM_groupe_type`
--

INSERT INTO `LNM_groupe_type` (`id_groupe_type`, `groupe_type`, `commentaire`) VALUES
(1, 'PROMO', 'toute la promo'),
(2, 'TD', 'groupe de TD'),
(3, 'TP', 'groupe de TP');

--
-- Déchargement des données de la table `LNM_promo`
--

INSERT INTO `LNM_promo` (`id_promo`, `id_filiere`, `id_statut`, `annee`, `parcour`, `site`, `nbGroupeCM`, `nbGroupeTD`, `nbGroupeTP`, `modifiable`, `id_responsable`) VALUES
(2, 10, 1, 3, NULL, 'Annecy', 1, 1, 2, 0, 19),
(5, 3, 1, 3, NULL, 'Annecy', 1, 1, 2, 0, NULL),
(6, 4, 1, 3, NULL, 'Annecy', 1, 3, 6, 0, NULL),
(7, 2, 1, 3, NULL, 'Bourget', 1, 1, 2, 0, NULL),
(8, 1, 1, 3, NULL, 'Bourget', 1, 2, 4, 0, NULL),
(9, 1, 2, 3, NULL, 'Bourget', 1, 1, 2, 0, NULL),
(10, 7, 1, 0, NULL, 'Annecy', 1, 0, 0, 0, NULL),
(11, 6, 1, 4, NULL, 'Annecy', 1, 1, 2, 0, NULL),
(12, 8, 1, 1, NULL, 'Annecy', 1, 2, 4, 0, NULL),
(13, 10, 1, 4, NULL, 'Annecy', 1, 2, 3, 0, 19),
(14, 10, 1, 5, NULL, 'Annecy', 1, 1, 1, 0, 19),
(15, 3, 1, 4, NULL, 'Annecy', 1, 1, 2, 0, NULL),
(16, 3, 1, 5, NULL, 'Annecy', 1, 1, 2, 0, NULL),
(17, 4, 1, 4, NULL, 'Annecy', 1, 2, 4, 0, NULL),
(18, 8, 1, 2, NULL, 'Annecy', 1, 2, 4, 0, NULL),
(19, 8, 1, 1, NULL, 'Bourget', 1, 2, 4, 0, NULL),
(20, 8, 1, 2, NULL, 'Bourget', 1, 2, 4, 0, NULL),
(23, 8, 1, 2, 'SPI-Info', 'Annecy', 1, 1, 2, 0, NULL),
(24, 3, 3, 3, NULL, 'Annecy', 1, 1, 2, 1, 18),
(25, 3, 3, 4, NULL, 'Annecy', 1, 1, 2, 1, 18),
(26, 3, 3, 5, NULL, 'Annecy', 1, 1, 2, 1, 18),
(27, 10, 3, 3, NULL, 'Annecy', 1, 1, 2, 1, 12),
(28, 10, 3, 4, NULL, 'Annecy', 1, 1, 2, 1, 12),
(29, 10, 3, 5, NULL, 'Annecy', 1, 1, 2, 1, 12),
(30, 11, 1, 1, NULL, 'Annecy', 1, 1, 1, 0, NULL);

--
-- Déchargement des données de la table `LNM_seanceType`
--

INSERT INTO `LNM_seanceType` (`id_seance_type`, `type`, `commentaire`) VALUES
(1, 'CM', 'cours magistral'),
(2, 'TD', 'travaux dirigés'),
(3, 'TP', 'travaux pratique'),
(4, 'Exam', 'Examen'),
(5, 'PROJ', 'en autonomie');

--
-- Déchargement des données de la table `LNM_semestre`
--

INSERT INTO `LNM_semestre` (`id_semestre`, `semestre`) VALUES
(1, 'S1'),
(10, 'S10'),
(2, 'S2'),
(3, 'S3'),
(4, 'S4'),
(5, 'S5'),
(6, 'S6'),
(7, 'S7'),
(8, 'S8'),
(9, 'S9');

--
-- Déchargement des données de la table `LNM_statut`
--

INSERT INTO `LNM_statut` (`id_statut`, `nom_statut`, `Description`) VALUES
(1, 'FISE', 'Formation initiale sous statut étudiant'),
(2, 'FISA', 'Formation initiale sous statut apprenti'),
(3, 'FISEA', 'Formation initiale sous statut étudiant puis apprenti'),
(4, 'FISECP', 'Formation initiale sous statut étudiant puis en contrat pro');

--
-- Déchargement des données de la table `LNM_universite`
--

INSERT INTO `LNM_universite` (`id_universite`, `nom`, `nom_court`, `ville`, `pays`) VALUES
(1, 'Fachhochschule Aachen', 'Fachhochschule Aachen', 'Aachen', 'Allemagne'),
(2, 'Hochschule Heilbronn', 'Hochschule Heilbronn', 'Heilbronn', 'Allemagne'),
(3, 'Hochschule Kaiserslautern', 'Hochschule Kaiserslautern', 'Kaiserslautern', 'Allemagne'),
(4, 'TU Bergakademie Freiberg', 'TU Bergakademie Freiberg', 'Freiberg', 'Allemagne'),
(5, 'Hochschule Magdeburg', 'Hochschule Magdeburg', 'Magdebourg', 'Allemagne'),
(6, 'TU Braunschweig Carolo Wilhelmina', 'TU Braunschweig Carolo Wilhelmina', 'Braunschweig', 'Allemagne'),
(7, 'Universität Stuttgart', 'Universität Stuttgart', 'Stuttgart', 'Allemagne'),
(8, 'Universidad Nacional de La Plata (UNLP)', 'Universidad Nacional de La Plata (UNLP)', 'La Plata', 'Argentine'),
(9, 'Universidad Nacional de Cuyo', 'Universidad Nacional de Cuyo', 'Mendoza', 'Argentine'),
(10, 'Fachhochschule Technikum Wien', 'Fachhochschule Technikum Wien', 'Vienne', 'Autriche'),
(11, 'Université de Liège', 'Université de Liège', 'Liège', 'Belgique'),
(12, 'Haute Ecole de la Communauté Française en Hainaut', 'Haute Ecole de la Communauté Française en Hainaut', 'Mons', 'Belgique'),
(13, 'Haute Ecole de la Province de Liège', 'Haute Ecole de la Province de Liège', 'Liège', 'Belgique'),
(14, 'Universidade Federal de Viçosa', 'Universidade Federal de Viçosa', 'Viçosa', 'Brésil'),
(15, 'Ecole de Technologie Supérieure (ETS)', 'Ecole de Technologie Supérieure (ETS)', 'Montréal', 'Canada'),
(16, 'Escuela Tecnica Superior de Ingeneria Informatica/Universidad de Sevilla', 'ETSII/Universidad de Sevilla', 'Sevilla', 'Espagne'),
(17, 'Universidad Zaragoza', 'Universidad Zaragoza', 'Saragosse', 'Espagne'),
(18, 'Escuela Tecnica Superior de Ingenieria de Sistemas Informaticos / Universidad Politecnica Madrid', 'ETSISI / Universidad Politecnica Madrid', 'Madrid', 'Espagne'),
(19, 'University of Hyogo', 'University of Hyogo', 'Hyogo', 'Japon'),
(20, 'Norges Teknisk-Naturvitenskaplige Universitet (NTNU)', 'NTNU', 'Trondheim', 'Norvège'),
(21, 'Universitatea de Vest din Timisoara', 'Universitatea de Vest din Timisoara', 'Timisoara', 'Roumanie'),
(22, 'BFH Bern University of Applied Sciences', 'BFH Bern University of Applied Sciences', 'Bern', 'Suisse');

--
-- Déchargement des données de la table `MAQUETTE_dependance_sequence`
--

INSERT INTO `MAQUETTE_dependance_sequence` (`id_sequence_prev`, `id_sequence_next`, `id_responsable`, `modifiable`) VALUES
(1, 2, 18, 0),
(2, 4, 18, 0),
(3, 5, 18, 0),
(4, 3, 18, 0),
(5, 6, 18, 0),
(6, 7, 18, 0),
(7, 8, 18, 0),
(8, 9, 18, 0),
(9, 571, 18, 0),
(10, 11, 18, 0),
(11, 12, 18, 0),
(12, 13, 18, 0),
(13, 14, 18, 0),
(14, 15, 18, 0),
(15, 16, 18, 0),
(16, 17, 18, 0),
(17, 18, 18, 0),
(18, 19, 18, 0),
(19, 20, 18, 0),
(20, 21, 18, 0),
(21, 22, 18, 0),
(22, 23, 18, 0),
(23, 24, 18, 0),
(24, 25, 18, 0),
(25, 26, 18, 0),
(26, 27, 18, 0),
(27, 28, 18, 0),
(28, 574, 18, 0),
(29, 37, 18, 0),
(30, 39, 18, 0),
(31, 41, 18, 0),
(32, 42, 18, 0),
(33, 44, 18, 0),
(34, 45, 18, 0),
(35, 36, 18, 0),
(37, 38, 18, 0),
(38, 30, 18, 0),
(39, 40, 18, 0),
(40, 46, 18, 0),
(41, 47, 18, 0),
(42, 48, 18, 0),
(44, 34, 18, 0),
(45, 49, 18, 0),
(46, 31, 18, 0),
(47, 32, 18, 0),
(48, 33, 18, 0),
(49, 35, 18, 0),
(49, 50, 18, 1),
(49, 70, 18, 1),
(50, 51, 18, 0),
(51, 52, 18, 0),
(52, 53, 18, 0),
(53, 54, 18, 0),
(54, 50, 18, 0),
(55, 56, 18, 0),
(56, 57, 18, 0),
(57, 58, 18, 0),
(58, 59, 18, 0),
(59, 60, 18, 0),
(60, 61, 18, 0),
(62, 63, 18, 0),
(63, 64, 18, 0),
(64, 65, 18, 0),
(66, 67, 18, 0),
(67, 68, 18, 0),
(68, 69, 18, 0),
(70, 71, 18, 0),
(71, 77, 18, 0),
(72, 73, 18, 0),
(73, 79, 18, 0),
(74, 75, 18, 0),
(75, 81, 18, 0),
(77, 78, 18, 0),
(78, 72, 18, 0),
(79, 80, 18, 0),
(80, 74, 18, 0),
(81, 86, 18, 0),
(82, 83, 18, 0),
(83, 76, 18, 0),
(86, 87, 18, 0),
(87, 88, 18, 0),
(88, 89, 18, 0),
(89, 90, 18, 0),
(90, 82, 18, 0),
(91, 218, 18, 0),
(92, 218, 18, 0),
(93, 218, 18, 0),
(94, 218, 18, 0),
(95, 218, 18, 0),
(96, 218, 18, 0),
(97, 218, 18, 0),
(98, 218, 18, 0),
(99, 100, 18, 0),
(100, 101, 18, 0),
(101, 102, 18, 0),
(102, 103, 18, 0),
(103, 104, 18, 0),
(104, 105, 18, 0),
(105, 106, 18, 0),
(106, 107, 18, 0),
(107, 108, 18, 0),
(108, 274, 18, 0),
(109, 122, 14, 1),
(131, 29, 18, 1),
(159, 164, 15, 0),
(160, 165, 15, 0),
(161, 166, 15, 0),
(164, 160, 15, 0),
(165, 161, 15, 0),
(166, 573, 15, 0),
(167, 185, 10, 0),
(185, 186, 10, 0),
(186, 187, 10, 0),
(187, 188, 10, 0),
(188, 189, 10, 0),
(189, 190, 10, 0),
(190, 191, 10, 0),
(191, 192, 10, 0),
(192, 193, 10, 0),
(193, 194, 10, 0),
(194, 195, 10, 0),
(195, 196, 10, 0),
(196, 197, 10, 0),
(197, 198, 10, 0),
(198, 198, 10, 0),
(199, 200, 10, 0),
(200, 201, 10, 0),
(202, 203, 24, 0),
(203, 204, 24, 0),
(204, 205, 24, 0),
(205, 206, 24, 0),
(206, 207, 24, 0),
(207, 208, 24, 0),
(208, 209, 24, 0),
(209, 210, 24, 0),
(210, 211, 24, 0),
(211, 212, 24, 0),
(212, 213, 24, 0),
(213, 214, 24, 0),
(214, 215, 24, 0),
(215, 216, 24, 0),
(216, 217, 24, 0),
(219, 245, 15, 0),
(239, 247, 15, 0),
(240, 241, 15, 0),
(241, 248, 15, 0),
(242, 249, 15, 0),
(243, 250, 15, 0),
(244, 251, 15, 0),
(245, 246, 15, 0),
(246, 239, 15, 0),
(247, 240, 15, 0),
(248, 242, 15, 0),
(249, 243, 15, 0),
(250, 244, 15, 0),
(251, 252, 15, 0),
(252, 253, 15, 0),
(253, 254, 15, 0),
(254, 255, 15, 0),
(255, 256, 15, 0),
(256, 257, 15, 0),
(258, 259, 6, 0),
(259, 260, 6, 0),
(260, 261, 6, 0),
(261, 262, 6, 0),
(262, 263, 6, 0),
(263, 264, 6, 0),
(264, 265, 6, 0),
(265, 266, 6, 0),
(266, 267, 6, 0),
(267, 268, 6, 0),
(268, 269, 6, 0),
(269, 270, 6, 0),
(270, 271, 6, 0),
(271, 272, 6, 0),
(272, 273, 6, 0),
(275, 276, 15, 0),
(276, 277, 15, 0),
(277, 278, 15, 0),
(278, 279, 15, 0),
(279, 280, 15, 0),
(280, 281, 15, 0),
(281, 282, 15, 0),
(282, 283, 15, 0),
(283, 284, 15, 0),
(284, 285, 15, 0),
(285, 286, 15, 0),
(286, 287, 15, 0),
(287, 288, 15, 0),
(288, 289, 15, 0),
(289, 290, 15, 0),
(290, 291, 15, 0),
(291, 292, 15, 0),
(292, 293, 15, 0),
(293, 294, 15, 0),
(295, 296, 15, 0),
(296, 297, 15, 0),
(297, 298, 15, 0),
(298, 299, 15, 0),
(299, 300, 15, 0),
(300, 301, 15, 0),
(301, 302, 15, 0),
(302, 303, 15, 0),
(303, 304, 15, 0),
(304, 305, 15, 0),
(305, 306, 15, 0),
(306, 307, 15, 0),
(307, 308, 15, 0),
(308, 309, 15, 0),
(309, 310, 15, 0),
(311, 312, 10, 0),
(312, 313, 10, 0),
(313, 314, 10, 0),
(314, 315, 10, 0),
(315, 316, 10, 0),
(316, 317, 10, 0),
(317, 318, 10, 0),
(318, 319, 10, 0),
(319, 320, 10, 0),
(320, 321, 10, 0),
(321, 322, 10, 0),
(322, 323, 10, 0),
(323, 324, 10, 0),
(324, 325, 10, 0),
(325, 326, 10, 0),
(326, 327, 10, 0),
(327, 328, 10, 0),
(328, 329, 10, 0),
(329, 330, 10, 0),
(331, 332, 10, 0),
(332, 333, 10, 0),
(333, 334, 10, 0),
(334, 335, 10, 0),
(335, 336, 10, 0),
(336, 337, 10, 0),
(337, 338, 10, 0),
(338, 339, 10, 0),
(339, 340, 10, 0),
(340, 341, 10, 0),
(341, 342, 10, 0),
(342, 343, 10, 0),
(343, 344, 10, 0),
(344, 345, 10, 0),
(345, 346, 10, 0),
(346, 347, 10, 0),
(348, 349, 15, 0),
(349, 350, 15, 0),
(350, 351, 15, 0),
(351, 352, 15, 0),
(352, 353, 15, 0),
(353, 354, 15, 0),
(354, 355, 15, 0),
(355, 356, 15, 0),
(356, 357, 15, 0),
(357, 358, 15, 0),
(359, 360, 24, 0),
(360, 361, 24, 0),
(361, 362, 24, 0),
(362, 363, 24, 0),
(363, 364, 24, 0),
(364, 365, 24, 0),
(365, 366, 24, 0),
(366, 367, 24, 0),
(367, 368, 24, 0),
(368, 369, 24, 0),
(369, 370, 24, 0),
(370, 371, 24, 0),
(371, 372, 24, 0),
(413, 414, 16, 0),
(414, 415, 16, 0),
(415, 416, 16, 0),
(416, 417, 16, 0),
(417, 418, 16, 0),
(418, 419, 16, 0),
(419, 420, 16, 0),
(420, 421, 16, 0),
(421, 422, 16, 0),
(422, 423, 16, 0),
(423, 424, 16, 0),
(424, 425, 16, 0),
(425, 426, 16, 0),
(426, 427, 16, 0),
(427, 428, 16, 0),
(428, 429, 16, 0),
(429, 430, 16, 0),
(430, 431, 16, 0),
(431, 432, 16, 0),
(433, 434, 8, 0),
(434, 435, 8, 0),
(435, 436, 8, 0),
(436, 437, 8, 0),
(437, 438, 8, 0),
(438, 439, 8, 0),
(439, 440, 8, 0),
(440, 441, 8, 0),
(441, 442, 8, 0),
(442, 443, 8, 0),
(443, 444, 8, 0),
(444, 445, 8, 0),
(445, 446, 8, 0),
(446, 447, 8, 0),
(448, 449, 15, 0),
(449, 450, 15, 0),
(450, 451, 15, 0),
(451, 452, 15, 0),
(452, 453, 15, 0),
(453, 454, 15, 0),
(456, 457, 8, 0),
(457, 458, 8, 0),
(458, 459, 8, 0),
(459, 460, 8, 0),
(460, 461, 8, 0),
(461, 462, 8, 0),
(462, 463, 8, 0),
(463, 464, 8, 0),
(464, 465, 8, 0),
(465, 466, 8, 0),
(466, 467, 8, 0),
(467, 468, 8, 0),
(468, 469, 8, 0),
(469, 470, 8, 0),
(470, 471, 8, 0),
(471, 472, 8, 0),
(473, 474, 53, 0),
(474, 475, 53, 0),
(475, 476, 53, 0),
(476, 477, 53, 0),
(477, 478, 53, 0),
(478, 479, 53, 0),
(479, 480, 53, 0),
(480, 481, 53, 0),
(481, 482, 53, 0),
(482, 483, 53, 0),
(483, 484, 53, 0),
(484, 485, 53, 0),
(485, 486, 53, 0),
(487, 488, 16, 0),
(488, 489, 16, 0),
(489, 490, 16, 0),
(490, 491, 16, 0),
(491, 492, 16, 0),
(492, 493, 16, 0),
(493, 494, 16, 0),
(494, 495, 16, 0),
(495, 496, 16, 0),
(496, 497, 16, 0),
(497, 498, 16, 0),
(498, 499, 16, 0),
(499, 500, 16, 0),
(500, 501, 16, 0),
(501, 502, 16, 0),
(502, 503, 16, 0),
(503, 504, 16, 0),
(504, 505, 16, 0),
(505, 506, 16, 0),
(507, 508, 15, 0),
(508, 509, 15, 0),
(509, 510, 15, 0),
(510, 511, 15, 0),
(511, 512, 15, 0),
(512, 513, 15, 0),
(513, 514, 15, 0),
(514, 515, 15, 0),
(515, 516, 15, 0),
(516, 517, 15, 0),
(517, 518, 15, 0),
(518, 519, 15, 0),
(519, 520, 15, 0),
(520, 521, 15, 0),
(521, 522, 15, 0),
(522, 523, 15, 0),
(523, 524, 15, 0),
(524, 525, 15, 0),
(525, 526, 15, 0),
(549, 550, 16, 0),
(550, 551, 16, 0),
(551, 552, 16, 0),
(552, 553, 16, 0),
(553, 554, 16, 0),
(554, 555, 16, 0),
(555, 556, 16, 0),
(556, 557, 16, 0),
(557, 558, 16, 0),
(558, 559, 16, 0),
(559, 560, 16, 0),
(560, 561, 16, 0),
(561, 562, 16, 0),
(562, 563, 16, 0),
(563, 564, 16, 0),
(564, 565, 16, 0),
(565, 566, 16, 0),
(566, 567, 16, 0),
(567, 568, 16, 0),
(568, 569, 16, 0),
(569, 570, 16, 0),
(572, 159, 15, 0),
(688, 50, 18, 1),
(690, 50, 18, 1);

--
-- Déchargement des données de la table `MAQUETTE_discipline`
--

INSERT INTO `MAQUETTE_discipline` (`id_discipline`, `nom`) VALUES
(5, 'Automatique'),
(8, 'Elec.'),
(1, 'Informatique'),
(6, 'Langue'),
(2, 'Mathématiques'),
(4, 'PACI'),
(9, 'Projet'),
(7, 'SHES'),
(3, 'Traitement du signal');

--
-- Déchargement des données de la table `MAQUETTE_learning_unit`
--

INSERT INTO `MAQUETTE_learning_unit` (`id_learning_unit`, `learning_unit_code`, `learning_unit_name`, `id_promo`) VALUES
(1, 'UE501', 'Passerelle vers le parcours professionnel', 5),
(2, 'UE503', 'Sciences de l\'ingénieur IDU1', 5),
(3, 'UE502', 'Sciences et outils de l\'ingénieur', 5),
(4, 'UE601', 'Passerelle vers le parcours professionnel', 5),
(5, 'UE602', 'Mathématiques et algorithmique', 5),
(6, 'UE603', 'Informatique et Conception', 5),
(7, 'UE604', 'Environnement et Applications', 5),
(8, 'UE701', 'Passerelle vers le parcours professionnel', 15),
(9, 'UE702', 'Mathématiques et Données ', 15),
(10, 'UE703', ' Informatique et Conception ', 15),
(11, 'UE704', 'Visualisation et Gouvernance', 15),
(12, 'UE801', 'Passerelle vers le parcours professionnel', 15),
(13, 'UE802', 'Stage', 15),
(14, 'UE803', 'Données et aide à la décision', 15),
(15, 'UE804', ' Informatique et Conception', 15),
(16, 'UE901', 'Passerelle vers le parcours professionnel', 16),
(17, 'UE902', 'Optimisation et HPC', 16),
(18, 'UE903', 'Données et Aide la décision', 16),
(22, 'UE531', 'Passerelle vers le parcours professionnel', 24),
(23, 'UE532', 'Informatique', 24),
(24, 'UE533', 'Entreprise', 24),
(25, 'UE631', 'Passerelle vers le parcours professionnel', 24),
(26, 'UE632', 'Informatique', 24),
(27, 'UE633', 'Entreprise', 24),
(28, 'UE731', 'Passerelle vers le parcours professionnel', 25),
(29, 'UE732', 'Informatique', 25),
(30, 'UE733', 'Entreprise', 25),
(31, 'UE831', 'Passerelle vers le parcours professionnel', 25),
(32, 'UE832', 'Informatique', 25),
(33, 'UE833', 'Entreprise', 25),
(34, 'UE931', 'Passerelle vers le parcours professionnel', 26),
(35, 'UE932', 'Informatique', 26),
(36, 'UE933', 'Entreprise', 26),
(37, 'UAF103', 'Sciences pour l\'ingénieur ', 12),
(38, 'UAF203', 'Informatique', 12),
(39, 'UAF304', 'Sciences pour l\'ingénieur ', 18),
(40, 'UAF402', 'Couches matérielles', 18),
(41, 'UAF403', 'Electronique embarquée et gestion de données', 18),
(42, 'UAF404', 'Informatique', 18),
(43, 'UE501', 'Passerelle vers le parcours professionnel', 2),
(44, 'UE501', 'Passerelle vers le parcours professionnel', 6),
(45, 'UE501', 'Passerelle vers le parcours professionnel', 8),
(46, 'UE501', 'Passerelle vers le parcours professionnel', 7),
(47, 'UE502', 'Sciences et outils de l\'ingénieur', 2),
(48, 'UE502', 'Sciences et outils de l\'ingénieur', 6),
(49, 'UE502', 'Sciences et outils de l\'ingénieur', 7),
(50, 'UE502', 'Sciences et outils de l\'ingénieur', 8),
(51, 'UE703', 'Individual project and openness courses', 30),
(52, 'UE503', 'UE503 Sciences de l\'Ingénieur', 2),
(53, 'UE802', 'Conception mécanique, mécatronique et composite 2', 17),
(54, 'UE802', 'Méthodologie de l\'ingénieur', 11),
(55, 'UE903', 'Data science et objets communicants', 14);

--
-- Déchargement des données de la table `MAQUETTE_module`
--

INSERT INTO `MAQUETTE_module` (`id_module`, `code_module`, `nom`, `ECTS`, `id_discipline`, `id_semestre`, `hCM`, `hTD`, `hTP`, `hTPTD`, `hPROJ`, `hPersonnelle`, `id_responsable`, `id_etat_module`, `commentaire`, `modifiable`) VALUES
(1, 'INFO101', 'Introduction à l\'algorithmique', 3.0, 1, 1, 6, 9, 12, NULL, NULL, NULL, 14, 1, NULL, 0),
(2, 'INFO202', 'Programmation et algorithmique', 3.0, 1, 2, 6, 9, 12, NULL, NULL, NULL, 19, 1, NULL, 0),
(3, 'INFO201', 'Système d\'exploitation', 3.0, 1, 2, 6, 6, 15, NULL, NULL, NULL, 15, 1, NULL, 0),
(12, 'INFO501', 'Numération et Algorithmique', 3.0, 1, 5, 10.5, 10.5, NULL, 16, NULL, NULL, 14, 1, '- Est-il envisageable de programmer des séances de td (au moins 2) sur machine ?\r\n(ces séances se passeraient en salle de TP, avec 2 étudiants par machine)\r\n\r\n- Est-il possible de grouper les séances de TP n°2, 3 et 4 soit toutes les 3 avant Noël, soit toutes les 3 après Noël.\r\nEn effet, ces séances correspondent à un seul sujet de tp, et quand il y a la coupure de Noël, cela ne facilite pas les choses.\r\n\r\n* Enchainement C/TD/TP :\r\n\r\nC1\r\nC2\r\nC3\r\n    TD1\r\nC4\r\n    TD2\r\nC5\r\n    TD3\r\nC6\r\n    TD4\r\nC7\r\n    TD5, TD6\r\n        TP1\r\n    TD7\r\n        TP2, TP3, TP4\r\n\r\nLe CC est à placer après la fin complète du module.', 0),
(13, 'INFO502', 'Initiation aux BD', 1.5, 1, 5, 6, 4.5, 12, NULL, NULL, NULL, 18, 1, 'CM en amphi TD en salles de TD TP en salles machines Exam pas forcément en parallèle sur les 2 sites Si possible placer tous les CM, TD et TP entre la rentrée et Toussaint et placer l\'exam après la Toussaint Regrouper, si possible, la même 1/2 journée les TD des enseignants qui ont 2 groupes. Ordre des cours : CM1 -> CM2 -> TD1 -> CM3 -> TD2 -> TD3 -> TP1 -> TP2 -> TP3 -> Exam', 0),
(14, 'INFO641', 'Conception et Programmation Orienté Objet', 2.5, 1, 6, 9, 9, 8, 12, NULL, NULL, 8, 1, NULL, 0),
(15, 'INFO642', 'Base de Données et Technologies Web', NULL, 1, 6, 8.5, 7.5, 20, NULL, NULL, NULL, 17, 1, NULL, 0),
(16, 'INFO743', 'Réseaux et Systèmes répartis', 2.5, 1, 7, 18, 16, 4, NULL, NULL, NULL, 16, 1, NULL, 0),
(17, 'INFO741', 'Systèmes embarqués et systèmes d\'exploitation', NULL, 1, 7, 9, 3, 24, NULL, NULL, NULL, 12, 1, NULL, 0),
(18, 'INFO742', 'Méthodes de développement logiciel et qualité', NULL, 1, 7, 12.5, 7.5, NULL, 16, NULL, NULL, 6, 1, NULL, 0),
(19, 'INFO790', 'Informatique', NULL, 1, 7, NULL, NULL, NULL, NULL, NULL, NULL, 10, 1, NULL, 0),
(20, 'INFO851_MMT', 'Système embarqué 1', NULL, 1, 8, 7.5, 9, 20, NULL, NULL, NULL, 19, 1, NULL, 0),
(21, 'INFO890', 'Algorithmique et Base de Données', NULL, 1, 8, NULL, NULL, NULL, NULL, NULL, NULL, 10, 1, NULL, 0),
(22, 'EASI890_CM', 'Système embarqué', NULL, 1, 8, 8, NULL, 32, NULL, NULL, NULL, 9, 1, NULL, 0),
(23, 'INFO951', 'Système embarqué 2', NULL, 1, 9, 9, 3, 24, NULL, NULL, NULL, 12, 1, 'Les CM est l\'exam sont communs avec INFO941', 0),
(24, 'INFO941', 'Système embarqué 2', NULL, 1, 9, 9, 3, NULL, 24, NULL, NULL, 12, 1, NULL, 0),
(25, 'INFO942', 'Apprentissage automatique et fouille de données', NULL, 1, 9, 12, NULL, 24, NULL, NULL, NULL, 24, 1, NULL, 0),
(26, 'INFO943_SNI', 'Internet des objets', NULL, 1, 9, 3, 9, 24, NULL, NULL, NULL, 16, 1, '1 seul groupe de TP dans 2 salles TP : Projet', 0),
(27, 'PROJ942', 'Reconnaissance de visages', NULL, 1, 9, NULL, NULL, 36, NULL, NULL, NULL, 19, 1, NULL, 0),
(32, 'PROJ641', 'APP', NULL, 1, 6, NULL, NULL, 24, NULL, NULL, NULL, 9, 1, NULL, 0),
(33, 'PROJ741', 'APP', NULL, 1, 7, NULL, NULL, 24, NULL, NULL, NULL, 9, 1, NULL, 0),
(34, 'PROJ841', 'APP', NULL, 1, 8, NULL, NULL, 40, NULL, NULL, NULL, 9, 1, NULL, 0),
(35, 'PROJ943', 'APP', NULL, 1, 9, NULL, NULL, 24, NULL, NULL, NULL, 9, 1, NULL, 0),
(36, 'INFO305', 'Programmation objet I', 3.0, 1, 3, 6, 9, 12, NULL, NULL, NULL, 17, 1, NULL, 0),
(39, 'INFO402', 'Programmation orientée objet II', 3.0, 1, 4, 6, 9, 12, NULL, NULL, NULL, 17, 1, NULL, 0),
(41, 'INFO404', 'Bases de données', 3.0, 1, 4, 6, 9, 12, NULL, NULL, NULL, 10, 1, NULL, 0),
(42, 'ISOC531_IDU', 'Sociétés numériques', 3.0, 1, 5, 13.5, NULL, 4, 22.5, NULL, NULL, 16, 1, NULL, 0),
(43, 'PROJ531', 'Gestion de projets', 3.0, 1, 5, 6, 6, 28, NULL, NULL, NULL, 6, 1, NULL, 0),
(44, 'INFO631', 'Logique et Programmation', 3.0, 1, 6, 10.5, 10.5, 20, NULL, NULL, NULL, 18, 1, NULL, 0),
(45, 'MATH531', 'Graphes et Langages', 3.0, 1, 5, 12, 12, 16, NULL, NULL, NULL, 18, 1, NULL, 0),
(46, 'INFO632', 'Systèmes d’exploitation et Virtualisation', 3.0, 1, 6, 10.5, 13.5, 16, NULL, NULL, NULL, 15, 1, NULL, 0),
(47, 'ISOC631', 'Plateformes collaboratives', 3.0, 1, 6, 13.5, 15, 12, NULL, NULL, NULL, 16, 1, NULL, 0),
(48, 'PROJ632', 'Projet Data Science', 3.0, 1, 6, NULL, NULL, NULL, 30, NULL, NULL, 18, 1, NULL, 0),
(49, 'PROJ631', 'Projet Algorithmique', 4.0, 1, 6, NULL, NULL, NULL, 42, NULL, NULL, 18, 1, NULL, 0),
(50, 'DATA731', 'Modélisation Stochastique', 3.0, 1, 7, 12, NULL, 24, NULL, NULL, NULL, 24, 1, NULL, 0),
(51, 'INFO731_IDU', 'Sécurité et Cryptographie', 3.0, 1, 7, 13.5, 10.5, 4, 12, NULL, NULL, 16, 1, NULL, 0),
(52, 'INFO732', 'Comportement et Modélisation Dynamique', 2.5, 1, 7, 7.5, 6, 24, NULL, NULL, NULL, 8, 1, NULL, 0),
(53, 'PROJ731', 'Analyse et visualisation de données', 2.0, 1, 7, NULL, NULL, NULL, 20, NULL, NULL, 8, 1, NULL, 0),
(54, 'DATA732', 'Analyse et visualisation de données', 3.0, 1, 7, 12, 7.5, NULL, 16, NULL, NULL, 8, 1, NULL, 0),
(55, 'INFO734', 'Développement Full Stack', 3.0, 1, 7, 12, NULL, NULL, 24, NULL, NULL, 14, 1, NULL, 0),
(56, 'ISOC731', 'Économie et gouvernance de la donnée', 3.0, 1, 7, 15, 9, 4, 12, NULL, NULL, 16, 1, NULL, 0),
(57, 'DATA831', 'Big Data', 1.0, 1, 8, 7.5, NULL, 12, NULL, NULL, NULL, 15, 1, NULL, 0),
(58, 'DATA832', 'Machine Learning 1', 2.5, 1, 8, 9, 9, 12, NULL, NULL, NULL, 10, 1, NULL, 0),
(59, 'INFO831', 'Informatique décisionnelle', 2.5, 1, 8, 9, 9, 12, NULL, NULL, NULL, 24, 1, NULL, 0),
(60, 'ISOC831', 'Dimension métiers', 1.5, 1, 8, 30, NULL, NULL, NULL, NULL, NULL, 18, 1, NULL, 0),
(61, 'INFO832', 'Qualité et tests logiciel', 2.5, 1, 8, 12, 12, 16, NULL, NULL, NULL, 18, 1, NULL, 0),
(62, 'INFO833', 'Systèmes distribués à large échelle', 2.5, 1, 8, 12, 13.5, 15, NULL, NULL, NULL, 15, 1, NULL, 0),
(63, 'INFO834', 'Bases de données distribuées', 2.5, 1, 8, 7.5, 7.5, 24, NULL, NULL, NULL, 6, 1, NULL, 0),
(64, 'PROJ831', 'Projet Informatique Données et Usages', 1.5, 1, 8, NULL, NULL, NULL, 20, NULL, NULL, 18, 1, NULL, 0),
(65, 'INFO931', 'Optimisation et aide à la décision multicritère', 3.0, 1, 9, 12, 12, 16, NULL, NULL, NULL, 15, 1, NULL, 0),
(66, 'INFO932', 'Calcul haute performance et Cloud Computing', 3.0, 1, 9, 7.5, 7.5, 24, NULL, NULL, NULL, 15, 1, NULL, 0),
(67, 'PROJ931', 'Projet Usages', 4.0, 1, 9, NULL, NULL, 40, NULL, NULL, NULL, 15, 1, NULL, 0),
(68, 'DATA931', 'Machine Learning', 3.0, 1, 9, 12, 12, 16, NULL, NULL, NULL, 10, 1, NULL, 0),
(69, 'ISOC931', 'Innovation et Recherche', 3.0, 1, 9, 6, 12, 20, NULL, NULL, NULL, 10, 1, NULL, 0),
(70, 'PROJ932', 'Projet Data Science', 4.0, 1, 9, NULL, NULL, 40, NULL, NULL, NULL, 15, 1, NULL, 0),
(72, 'INFO850', 'Informatique - Computer science', NULL, 1, 8, NULL, NULL, NULL, NULL, NULL, NULL, 29, 1, NULL, 0),
(73, 'INFO841', 'Sécurité des systèmes cyber-physiques', NULL, 1, 8, 7.5, 4.5, 12, NULL, NULL, NULL, 16, 1, NULL, 0),
(74, 'INFO633', 'APP - Bases de données et technologies web', 2.5, 1, 6, 8.5, 7.5, 20, NULL, NULL, NULL, 17, 1, NULL, 0),
(75, 'INFO405', 'Projet de programmation', 3.0, 1, 4, NULL, 6, 15, NULL, NULL, NULL, 17, 1, NULL, 0),
(76, 'LANG501', 'Anglais', 4.0, 6, 5, NULL, 40.5, NULL, NULL, NULL, NULL, NULL, 1, NULL, 0),
(77, 'SHES501', 'Sport', 1.0, 7, 5, NULL, 21, NULL, NULL, NULL, NULL, NULL, 1, NULL, 0),
(78, 'SHES505', 'Simulation de gestion d\'entreprise', 1.0, 7, 5, NULL, 19.5, NULL, NULL, NULL, NULL, NULL, 1, NULL, 0),
(79, 'LANG500', 'Soutien anglais', 0.0, 6, 5, NULL, 12, NULL, NULL, NULL, NULL, NULL, 1, NULL, 0),
(80, 'DDRS501', 'Développement Durable', 1.5, 7, 5, 12, 9, NULL, NULL, NULL, NULL, NULL, 1, NULL, 0),
(81, 'EASI501', 'Electricité', 3.0, 8, 5, 13.5, 15, 12, NULL, NULL, NULL, NULL, 1, NULL, 0),
(82, 'MATH500', 'Soutien en Mathématiques ', 0.0, 2, 5, NULL, 21, NULL, NULL, NULL, NULL, NULL, 1, NULL, 0),
(83, 'MATH501', 'Mathématiques', 3.0, 2, 5, 21, 19.5, NULL, NULL, NULL, NULL, NULL, 1, NULL, 0),
(84, 'EASI541', 'Automatisation', 3.0, 5, 5, 6, 13.5, 20, NULL, NULL, NULL, NULL, 1, NULL, 0),
(85, 'LANG600', 'Soutien Anglais ', 0.0, 6, 6, NULL, 12, NULL, NULL, NULL, NULL, NULL, 1, NULL, 0),
(86, 'LANG601', 'Anglais', 4.0, 6, 6, NULL, 40.5, NULL, NULL, NULL, NULL, NULL, 1, NULL, 0),
(87, 'PROJ601', 'Stage découverte du milieu professionnel', 0.0, 9, 6, NULL, NULL, NULL, NULL, NULL, NULL, NULL, 1, NULL, 0),
(88, 'SHES601', 'Gestion financière', 1.0, 7, 6, 10.5, 9, NULL, NULL, NULL, NULL, NULL, 1, NULL, 0),
(89, 'SHES602', 'Initiation au droit', 1.0, 7, 6, 15, 4.5, NULL, NULL, NULL, NULL, NULL, 1, NULL, 0),
(90, 'PROJ600', 'Stage facultatif', 0.0, 9, 6, NULL, NULL, NULL, NULL, NULL, NULL, NULL, 1, NULL, 0),
(91, 'MATH641', 'Mathématiques', 3.0, 2, 6, 18, 18, NULL, NULL, NULL, NULL, NULL, 1, NULL, 0),
(93, 'LANG700', 'Soutien Anglais', 0.0, 6, 7, NULL, 6, NULL, NULL, NULL, NULL, NULL, 1, NULL, 0),
(94, 'SHES703', 'Visualisation et Gouvernance', 1.5, 7, 7, NULL, 15, 4, NULL, NULL, NULL, NULL, 1, NULL, 0),
(95, 'SHES704', 'Créativité et management de l\'innovation', 1.5, 7, 7, NULL, 25.5, NULL, NULL, NULL, NULL, NULL, 1, NULL, 0),
(96, 'LANG701', 'Anglais', 3.0, 6, 7, NULL, 40.5, NULL, NULL, NULL, NULL, NULL, 1, NULL, 0),
(97, 'LANG702', 'Anglais + LV2', 3.0, 6, 7, NULL, 35, NULL, NULL, NULL, NULL, NULL, 1, NULL, 0),
(98, 'MATH741', 'Probabilités ‐ Statistique', 2.0, 2, 7, 18, 18, NULL, NULL, NULL, NULL, NULL, 1, NULL, 0),
(100, 'LANG800', 'Soutien Anglais', 0.0, 6, 8, NULL, 6, NULL, NULL, NULL, NULL, NULL, 1, NULL, 0),
(101, 'SHES802', 'Système de Management Intégré QSE (Qualité Sécurité Environnement)', 1.5, 7, 8, 9, 10.5, NULL, NULL, NULL, NULL, NULL, 1, NULL, 0),
(102, 'SHES803', 'Théorie des organisations', 1.5, 7, 8, 9, 9, NULL, NULL, NULL, NULL, NULL, 1, NULL, 0),
(103, 'LANG801', 'Anglais (Niveau TOEIC non atteint)', 3.0, 6, 8, NULL, 40.5, NULL, NULL, NULL, NULL, NULL, 1, NULL, 0),
(104, 'LANG802', 'Langues vivantes (Niveau TOEIC atteint)', 3.0, 6, 8, NULL, 35, NULL, NULL, NULL, NULL, NULL, 1, NULL, 0),
(105, 'PROJ801', 'Stage assistant ingénieur', 6.0, 9, 8, NULL, NULL, NULL, NULL, NULL, NULL, NULL, 1, NULL, 0),
(112, 'LANG901', 'Anglais (Niveau TOEIC non atteint)', 2.5, 6, 9, NULL, 40.5, NULL, NULL, NULL, NULL, NULL, 1, NULL, 0),
(113, 'LANG902', 'Langues vivantes (Niveau TOEIC atteint)', 2.5, 6, 9, NULL, 35, NULL, NULL, NULL, NULL, NULL, 1, NULL, 0),
(114, 'SHES901', 'Techniques de management', 1.5, 7, 9, 15, 7.5, NULL, NULL, NULL, NULL, NULL, 1, NULL, 0),
(115, 'PROJ901', 'Projet Recherche et Développement ', 6.0, 9, 9, NULL, NULL, 40, NULL, NULL, NULL, NULL, 1, NULL, 0),
(121, 'PACI641', 'Matériaux actifs et intelligents pour l\'instrumentation', NULL, 4, 6, 21, 15, NULL, NULL, NULL, NULL, NULL, 1, NULL, 0),
(122, 'PACI642', 'Optique appliquée et transmission optique', NULL, 4, 6, 14.5, 15.5, 8, NULL, NULL, NULL, NULL, 1, NULL, 0),
(123, 'EASI641', 'Signaux et systèmes', NULL, 3, 6, 12, 12, 12, NULL, NULL, NULL, NULL, 1, NULL, 0),
(124, 'EASI642', 'Signal et image : opérateurs de base', NULL, 3, 6, 13.5, 13.5, 9, NULL, NULL, NULL, 19, 1, NULL, 0),
(125, 'MATH642', 'Mathématiques spécialisées', NULL, 2, 6, 18, 18, NULL, NULL, NULL, NULL, 24, 1, NULL, 0),
(130, 'EASI744', 'Automatique - Stabilité et commande de systèmes', NULL, 5, 7, 10, 10.5, 16, NULL, NULL, NULL, NULL, 1, NULL, 0),
(131, 'PACI741', 'Electronique d\'instrumentation : notions essentielles pour l\'ingénieur', NULL, 4, 7, 12, 12, 12, NULL, NULL, NULL, NULL, 1, NULL, 0),
(132, 'PACI742', 'Systèmes d\'acquisition de données ', NULL, 4, 7, 4.5, NULL, 32, NULL, NULL, NULL, NULL, 1, NULL, 0),
(133, 'EASI741', 'Signaux aléatoires', NULL, 3, 7, 12, 12, 12, NULL, NULL, NULL, 12, 1, NULL, 0),
(134, 'EASI843', 'Automatisation décentralisée', NULL, 5, 8, NULL, NULL, 24, NULL, NULL, NULL, NULL, 1, NULL, 0),
(135, 'PACI841', 'Physique expérimentale, mesures, capteurs et instrumentation', NULL, 4, 8, 15, 13.5, 64, NULL, NULL, NULL, NULL, 1, NULL, 0),
(136, 'EASI842', 'Analyse d\'image et vision par ordinateur', NULL, 3, 8, 15, 13.5, 12, NULL, NULL, NULL, 19, 1, NULL, 0),
(137, 'EASI844', 'Modèles des systèmes à évènements discrets et applications', NULL, 5, 8, 9, 19.5, 12, NULL, NULL, NULL, 24, 1, NULL, 0),
(141, 'EASI943', 'Approche d\'état en automatique : représentation, commande et observation', NULL, 5, 9, 25.5, 25.5, 20, NULL, NULL, NULL, NULL, 1, NULL, 0),
(142, 'EASI941', 'Systèmes communicants, capteurs communicants', NULL, 8, 9, NULL, NULL, 36, NULL, NULL, NULL, NULL, 1, NULL, 0),
(143, 'EASI942', 'Imagerie 3D : acquisition, reconstruction, applications', NULL, 3, 9, 13.5, 10.5, 12, NULL, NULL, NULL, NULL, 1, NULL, 0),
(144, 'LANG502_ALT', 'Anglais Alternants', 3.0, 6, 5, NULL, 36, NULL, NULL, NULL, NULL, NULL, 2, NULL, 0),
(145, 'SHES532_ALT', 'Ressources et dynamique personnelle et professionnelle', 2.0, 7, 5, 12, 12, NULL, NULL, NULL, NULL, NULL, 2, NULL, 0),
(146, 'LANG602_ALT', 'Anglais Alternants', 3.0, 6, 6, NULL, 36, NULL, NULL, NULL, NULL, NULL, 2, NULL, 0),
(147, 'ENTR531_ALT', 'Mission en entreprise', 2.0, 1, 5, NULL, NULL, NULL, NULL, NULL, NULL, 18, 2, NULL, 0),
(148, 'ENTR532_ALT', 'Immersion en entreprise', 6.0, 7, 5, NULL, NULL, NULL, NULL, NULL, NULL, 18, 2, NULL, 0),
(149, 'ENTR631_ALT', 'Mission en entreprise', 2.0, 1, 6, NULL, NULL, NULL, NULL, NULL, NULL, 18, 2, NULL, 0),
(150, 'ENTR632_ALT', 'Gestion de projet informatique', 6.0, 7, 6, NULL, NULL, NULL, NULL, NULL, NULL, 18, 2, NULL, 0),
(151, 'DDRS631_ALT', 'Numérique Durable', 1.0, 7, 6, 0, 15, NULL, NULL, NULL, NULL, 18, 2, NULL, 0),
(152, 'ENTR731_ALT', 'Mission en entreprise', 2.0, 1, 7, NULL, NULL, NULL, NULL, NULL, NULL, 18, 2, NULL, 0),
(153, 'ENTR732_ALT', 'Projet Technique', 6.0, 7, 7, NULL, NULL, NULL, NULL, NULL, NULL, 18, 2, NULL, 0),
(154, 'ENTR831_ALT', 'Mission en entreprise', 2.0, 1, 8, NULL, NULL, NULL, NULL, NULL, NULL, 18, 2, NULL, 0),
(155, 'ENTR832_ALT', 'Projet Data', 6.0, 1, 8, NULL, NULL, NULL, NULL, NULL, NULL, 18, 2, NULL, 0),
(156, 'ENTR931_ALT', 'Mission en entreprise', 2.0, 1, 9, NULL, NULL, NULL, NULL, NULL, NULL, 18, 2, NULL, 0),
(157, 'ENTR932_ALT', 'Projet IDU', 6.0, 1, 9, NULL, NULL, NULL, NULL, NULL, NULL, 18, 2, 'Projet Usages + Data Science', 0),
(159, 'LANG702_ALT', 'Anglais Alternant (Niveau TOEIC non atteint) ', 2.0, 6, 7, NULL, 36, NULL, NULL, NULL, NULL, NULL, 2, NULL, 0),
(160, 'LANG701_ALT', 'Anglais Alternant (Niveau TOEIC atteint) ', 2.0, 6, 7, NULL, 32, NULL, NULL, NULL, NULL, NULL, NULL, NULL, 0),
(161, 'LANG802_ALT', 'Anglais (Niveau TOEIC non atteint)', 2.0, 6, 8, NULL, 36, NULL, NULL, NULL, NULL, NULL, NULL, NULL, 0),
(162, 'LANG801_ALT', 'Anglais (Niveau TOEIC atteint)', 2.0, 6, 8, NULL, 32, NULL, NULL, NULL, NULL, NULL, NULL, NULL, 0),
(163, 'LANG902_ALT', 'Anglais (Niveau TOEIC non atteint)', 2.0, 6, 9, NULL, 36, NULL, NULL, NULL, NULL, NULL, NULL, NULL, 0),
(164, 'LANG901_ALT', 'Anglais (Niveau TOEIC atteint)', 2.0, 6, 9, NULL, 32, NULL, NULL, NULL, NULL, NULL, NULL, NULL, 0),
(165, 'INFO531_ALT', 'BD et algorithmique', 3.0, 1, 5, NULL, 40, NULL, NULL, NULL, NULL, 18, 2, 'Répartition des heures à faire', 0),
(166, 'MATH532_ALT', 'Mise à niveau maths discrètes générales', 3.0, 2, 5, NULL, 40, NULL, NULL, NULL, NULL, 18, 2, 'Répartition des heures à faire', 0),
(167, 'SHES631_ALT', 'management de projets informatiques', 1.5, 7, 6, 10.5, 10.5, NULL, NULL, NULL, NULL, NULL, 2, NULL, 0),
(168, 'MATH631_ALT', 'Proba Stat', 2.5, 2, 6, 15, 15, NULL, NULL, NULL, NULL, NULL, 2, NULL, 0),
(169, 'SHES731_ALT', 'Ouverture SHES', 1.0, 7, 7, NULL, 14, NULL, NULL, NULL, NULL, NULL, 2, 'géopolitique, biais de la donnée, discrimination, numérique et environnement...\r\n6 séances de 3,5h TD', 0),
(170, 'MATH731_ALT', 'Maths discrètes avancées', 1.5, 2, 7, 10.5, 10.5, NULL, NULL, NULL, NULL, NULL, 2, NULL, 0),
(171, 'SHES831_ALT', 'Environnement légal et protection de la donnée personnelle ', 2.0, 7, 8, NULL, 24, NULL, NULL, NULL, NULL, NULL, 2, NULL, 0),
(172, 'MATH831_ALT', 'Représentation géométrique de la donnée', 3.0, 2, 8, 18, 18, NULL, NULL, NULL, NULL, NULL, 2, NULL, 0),
(173, 'SHES931_ALT', 'Ouverture SHES', 3.0, 7, 9, NULL, 35, NULL, NULL, NULL, NULL, NULL, 2, 'géopolitique, biais de la donnée, discrimination, numérique et environnement...\r\n6 séances de 3,5h TD', 0),
(174, 'MATH931_ALT', 'Maths pour le deep', 3.0, 2, 9, 18, 18, NULL, NULL, NULL, NULL, NULL, 2, NULL, 0),
(175, 'PROJ931_ALT', 'Projet R&D', 2.0, 1, 9, NULL, 28, NULL, NULL, NULL, NULL, NULL, 2, NULL, 0),
(176, 'INFO530_ALT', 'Evaluation Compétences Info', 1.0, 1, 5, NULL, NULL, NULL, 12, NULL, NULL, NULL, NULL, 'Évaluation des compétences et remise à niveau en informatique', 0),
(177, 'INFO403', 'Programmation C', 3.0, 1, 4, 6, 9, 12, NULL, NULL, NULL, NULL, NULL, NULL, 0),
(178, 'INFO701_AM', 'Development and deployment frameworks ', 1.0, 1, 7, NULL, NULL, 12, NULL, NULL, NULL, 65, 1, NULL, 0),
(179, 'PROJ541_SNI', 'Découverte expérimentale de la spécialité SNI', 3.0, 1, 5, NULL, NULL, 16, NULL, NULL, NULL, 18, 1, NULL, 0),
(180, 'PROJ832_IDU', 'Flux de Données et Accès Concurrents', 1.5, 1, 8, 4, NULL, NULL, 16, NULL, NULL, 15, 1, NULL, 0);

--
-- Déchargement des données de la table `MAQUETTE_module_as_learning_unit`
--

INSERT INTO `MAQUETTE_module_as_learning_unit` (`id_module`, `id_learning_unit`, `modifiable`, `id_responsable`) VALUES
(1, 37, 0, NULL),
(2, 38, 0, NULL),
(3, 38, 0, NULL),
(12, 3, 0, NULL),
(12, 47, 0, NULL),
(12, 48, 0, NULL),
(12, 49, 0, NULL),
(12, 50, 0, NULL),
(13, 3, 0, NULL),
(13, 47, 0, NULL),
(13, 48, 0, NULL),
(13, 49, 0, NULL),
(13, 50, 0, NULL),
(14, 6, 0, NULL),
(14, 26, 0, NULL),
(16, 10, 0, NULL),
(20, 53, 0, NULL),
(22, 54, 0, NULL),
(26, 55, 0, NULL),
(36, 39, 0, NULL),
(39, 42, 0, NULL),
(41, 41, 0, NULL),
(42, 2, 0, NULL),
(42, 22, 0, NULL),
(43, 2, 0, NULL),
(43, 23, 0, NULL),
(44, 5, 0, NULL),
(44, 26, 0, NULL),
(45, 2, 0, NULL),
(45, 23, 0, NULL),
(46, 7, 0, NULL),
(46, 26, 0, NULL),
(47, 7, 0, NULL),
(47, 25, 0, NULL),
(48, 7, 0, NULL),
(49, 5, 0, NULL),
(50, 9, 0, NULL),
(50, 29, 0, NULL),
(51, 9, 0, NULL),
(51, 29, 0, NULL),
(52, 10, 0, NULL),
(52, 29, 0, NULL),
(53, 10, 0, NULL),
(54, 11, 0, NULL),
(54, 29, 0, NULL),
(55, 11, 0, NULL),
(55, 29, 0, NULL),
(56, 11, 0, NULL),
(56, 28, 0, NULL),
(57, 14, 0, NULL),
(57, 32, 0, NULL),
(58, 14, 0, NULL),
(58, 32, 0, NULL),
(59, 14, 0, NULL),
(59, 32, 0, NULL),
(60, 15, 0, NULL),
(60, 31, 0, NULL),
(61, 15, 0, NULL),
(61, 32, 0, NULL),
(62, 15, 0, NULL),
(62, 32, 0, NULL),
(63, 15, 0, NULL),
(63, 32, 0, NULL),
(64, 14, 0, NULL),
(65, 17, 0, NULL),
(65, 35, 0, NULL),
(66, 17, 0, NULL),
(66, 35, 0, NULL),
(67, 17, 0, NULL),
(68, 18, 0, NULL),
(68, 35, 0, NULL),
(69, 18, 0, NULL),
(69, 34, 0, NULL),
(70, 18, 0, NULL),
(74, 6, 0, NULL),
(74, 26, 0, NULL),
(75, 42, 0, NULL),
(76, 1, 0, NULL),
(77, 1, 0, NULL),
(78, 1, 0, NULL),
(78, 22, 0, NULL),
(79, 1, 0, NULL),
(80, 3, 0, NULL),
(81, 3, 0, NULL),
(82, 3, 0, NULL),
(83, 3, 0, NULL),
(84, 3, 0, NULL),
(85, 4, 0, NULL),
(86, 4, 0, NULL),
(87, 4, 0, NULL),
(88, 4, 0, NULL),
(89, 4, 0, NULL),
(90, 4, 0, NULL),
(91, 5, 0, NULL),
(93, 8, 0, NULL),
(94, 8, 0, NULL),
(95, 8, 0, NULL),
(96, 8, 0, NULL),
(97, 8, 0, NULL),
(98, 9, 0, NULL),
(100, 12, 0, NULL),
(101, 12, 0, NULL),
(102, 12, 0, NULL),
(103, 12, 0, NULL),
(104, 12, 0, NULL),
(105, 13, 0, NULL),
(112, 16, 0, NULL),
(113, 16, 0, NULL),
(114, 16, 0, NULL),
(115, 16, 0, NULL),
(144, 22, 0, NULL),
(145, 22, 0, NULL),
(146, 25, 0, NULL),
(147, 24, 0, NULL),
(148, 24, 0, NULL),
(149, 27, 0, NULL),
(150, 27, 0, NULL),
(151, 25, 0, NULL),
(152, 30, 0, NULL),
(153, 30, 0, NULL),
(154, 33, 0, NULL),
(155, 33, 0, NULL),
(156, 36, 0, NULL),
(157, 36, 0, NULL),
(159, 28, 0, NULL),
(160, 28, 0, NULL),
(161, 31, 0, NULL),
(162, 31, 0, NULL),
(163, 34, 0, NULL),
(164, 34, 0, NULL),
(165, 23, 0, NULL),
(166, 23, 0, NULL),
(167, 25, 0, NULL),
(168, 26, 0, NULL),
(169, 28, 0, NULL),
(170, 29, 0, NULL),
(171, 31, 0, NULL),
(172, 32, 0, NULL),
(173, 34, 0, NULL),
(174, 35, 0, NULL),
(175, 36, 0, NULL),
(176, 23, 0, NULL),
(177, 40, 0, NULL),
(178, 51, 0, NULL),
(179, 52, 0, NULL);

--
-- Déchargement des données de la table `MAQUETTE_module_sequencage`
--

INSERT INTO `MAQUETTE_module_sequencage` (`id_module_sequencage`, `id_module`, `nombre`, `id_seance_type`, `id_groupe_type`, `duree_h`, `intervenant_principal`, `id_responsable`, `modifiable`) VALUES
(1, 13, 3, 1, 1, 1.5, NULL, 18, 0),
(2, 13, 3, 2, 2, 1.5, NULL, 18, 0),
(3, 13, 3, 3, 3, 4.0, NULL, 18, 0),
(4, 61, 7, 1, 1, 1.5, NULL, 18, 0),
(5, 61, 8, 2, 2, 1.5, NULL, 18, 0),
(6, 61, 2, 3, 3, 4.0, NULL, 18, 0),
(7, 61, 2, 3, 2, 4.0, NULL, 18, 0),
(8, 45, 8, 1, 1, 1.5, NULL, 18, 0),
(9, 45, 8, 2, 2, 1.5, NULL, 18, 0),
(10, 45, 4, 3, 3, 4.0, NULL, 18, 0),
(11, 49, 8, 3, 2, 4.0, NULL, 18, 0),
(12, 49, 2, 3, 2, 3.0, NULL, 18, 0),
(13, 49, 2, 3, 2, 2.0, NULL, 18, 0),
(14, 48, 7, 3, 2, 4.0, NULL, 18, 0),
(15, 48, 1, 3, 2, 2.0, NULL, 18, 0),
(16, 44, 7, 1, 1, 1.5, NULL, 18, 0),
(17, 44, 7, 2, 2, 1.5, NULL, 18, 0),
(18, 44, 5, 3, 3, 4.0, NULL, 18, 0),
(19, 60, 8, 1, 1, 3.5, NULL, 18, 0),
(20, 64, 1, 1, 1, 1.5, NULL, 18, 0),
(21, 64, 9, 3, 2, 4.0, NULL, 18, 0),
(22, 12, 8, 1, 1, 1.5, NULL, 14, 0),
(23, 12, 7, 2, 2, 1.5, NULL, 14, 0),
(24, 12, 4, 3, 2, 4.0, NULL, 14, 0),
(25, 42, 9, 1, 1, 1.5, NULL, 16, 0),
(26, 42, 15, 2, 2, 1.5, NULL, 16, 0),
(27, 42, 1, 3, 3, 4.0, NULL, 16, 0),
(28, 57, 5, 1, 1, 1.5, NULL, 15, 0),
(29, 57, 3, 3, 3, 4.0, NULL, 15, 0),
(30, 58, 5, 1, 1, 1.5, NULL, 10, 0),
(31, 58, 4, 2, 2, 1.5, NULL, 10, 0),
(32, 58, 4, 3, 2, 2.0, NULL, 10, 0),
(33, 58, 4, 5, 2, 2.0, NULL, 10, 0),
(34, 58, 1, 4, 1, 1.5, NULL, 10, 0),
(35, 59, 6, 1, 1, 1.5, NULL, 24, 0),
(36, 59, 6, 2, 2, 1.5, NULL, 24, 0),
(37, 59, 3, 3, 3, 4.0, NULL, 24, 0),
(38, 59, 1, 4, 1, 1.5, NULL, 24, 0),
(39, 60, 1, 1, 1, 2.0, NULL, 18, 0),
(40, 62, 7, 1, 1, 1.5, NULL, 15, 0),
(41, 62, 9, 2, 2, 1.5, NULL, 15, 0),
(42, 62, 3, 3, 3, 4.0, NULL, 15, 0),
(43, 62, 1, 4, 1, 1.5, NULL, 15, 0),
(44, 63, 5, 1, 1, 1.5, NULL, 6, 0),
(45, 63, 5, 2, 2, 1.5, NULL, 6, 0),
(46, 63, 6, 3, 3, 4.0, NULL, 6, 0),
(47, 64, 1, 1, 1, 3.0, NULL, 18, 0),
(48, 65, 8, 1, 1, 1.5, NULL, 15, 0),
(49, 65, 8, 2, 2, 1.5, NULL, 15, 0),
(50, 65, 4, 3, 2, 4.0, NULL, 15, 0),
(51, 66, 5, 1, 1, 1.5, NULL, 15, 0),
(52, 66, 6, 3, 2, 4.0, NULL, 15, 0),
(53, 66, 5, 2, 2, 1.5, NULL, 15, 0),
(54, 68, 8, 1, 1, 1.5, NULL, 10, 0),
(55, 68, 8, 2, 2, 1.5, NULL, 10, 0),
(56, 68, 4, 3, 3, 4.0, NULL, 10, 0),
(57, 69, 4, 1, 1, 1.5, NULL, 10, 0),
(58, 69, 8, 2, 2, 1.5, NULL, 10, 0),
(59, 69, 5, 3, 3, 4.0, NULL, 10, 0),
(60, 70, 2, 3, 3, 2.0, NULL, 15, 0),
(61, 70, 9, 3, 3, 4.0, NULL, 15, 0),
(62, 50, 8, 1, 1, 1.5, NULL, 24, 0),
(63, 50, 6, 3, 3, 4.0, NULL, 24, 0),
(64, 51, 9, 1, 1, 1.5, NULL, 16, 0),
(65, 51, 7, 2, 2, 1.5, NULL, 16, 0),
(66, 51, 3, 3, 2, 4.0, NULL, 16, 0),
(67, 51, 1, 3, 3, 4.0, NULL, 16, 0),
(68, 52, 4, 1, 1, 1.5, NULL, 8, 0),
(69, 52, 4, 2, 2, 1.5, NULL, 8, 0),
(70, 52, 6, 3, 3, 4.0, NULL, 8, 0),
(71, 52, 1, 4, 1, 1.5, NULL, 8, 0),
(72, 53, 2, 1, 1, 2.0, NULL, 15, 0),
(73, 53, 2, 2, 2, 2.0, NULL, 15, 0),
(74, 53, 3, 3, 2, 4.0, NULL, 15, 0),
(75, 54, 8, 1, 1, 1.5, NULL, 8, 0),
(76, 54, 5, 2, 2, 1.5, NULL, 8, 0),
(77, 54, 4, 3, 2, 4.0, NULL, 8, 0),
(78, 55, 8, 1, 1, 1.5, NULL, 14, 0),
(79, 55, 6, 3, 2, 4.0, NULL, 14, 0),
(80, 56, 10, 1, 1, 1.5, NULL, 16, 0),
(81, 56, 6, 2, 2, 1.5, NULL, 16, 0),
(82, 56, 3, 3, 2, 4.0, NULL, 16, 0),
(83, 56, 1, 3, 3, 4.0, NULL, 16, 0),
(84, 46, 7, 1, 1, 1.5, NULL, 15, 0),
(85, 46, 9, 2, 2, 1.5, NULL, 15, 0),
(86, 46, 4, 3, 3, 4.0, NULL, 15, 0),
(87, 47, 9, 1, 1, 1.5, NULL, 16, 0),
(88, 47, 10, 2, 2, 1.5, NULL, 16, 0),
(89, 47, 3, 3, 3, 4.0, NULL, 16, 0),
(90, 13, 1, 4, 1, 1.5, NULL, 18, 0),
(91, 61, 1, 4, 1, 1.5, NULL, 18, 0),
(92, 1, 4, 1, 1, 1.5, 14, 14, 0),
(93, 1, 6, 2, 2, 1.5, 14, 14, 0),
(94, 36, 4, 1, 1, 1.5, 17, 17, 1),
(95, 36, 6, 2, 2, 1.5, 17, 17, 1),
(96, 36, 4, 3, 3, 3.0, 17, 17, 1),
(97, 1, 6, 3, 3, 2.0, 14, 14, 1),
(98, 1, 2, 4, 1, 1.5, 14, 14, 0),
(99, 43, 4, 1, 1, 1.5, 6, 43, 1),
(100, 43, 4, 2, 2, 1.5, 6, 6, 1),
(101, 43, 7, 3, 3, 4.0, 6, 6, 1),
(102, 178, 3, 3, 3, 4.0, 65, 65, 1),
(103, 179, 4, 3, 3, 4.0, NULL, 18, 1),
(104, 20, 6, 2, 2, 1.5, NULL, 19, 1),
(105, 20, 5, 3, 3, 4.0, NULL, 19, 1),
(106, 20, 5, 1, 1, 1.5, NULL, 19, 1),
(109, 22, 4, 1, 1, 2.0, NULL, 18, 1),
(110, 22, 8, 3, 3, 4.0, NULL, 18, 1),
(111, 26, 2, 1, 1, 1.5, NULL, 16, 1),
(112, 26, 6, 2, 2, 1.5, NULL, 16, 1),
(113, 26, 6, 3, 3, 4.0, NULL, 16, 1);

--
-- Déchargement des données de la table `MAQUETTE_module_sequence`
--

INSERT INTO `MAQUETTE_module_sequence` (`id_module_sequence`, `id_module_sequencage`, `numero_ordre`, `commentaire`) VALUES
(1, 1, 1, 'Modèle E/A'),
(2, 1, 2, 'Modèle Relationnel ; du modèle E/A au modèle Relationnel'),
(3, 1, 3, 'Algèbre Relationnelle'),
(4, 2, 1, 'Modèle E/A ; du modèle E/A au modèle Relationnel ; modèle Relationnel'),
(5, 2, 2, 'Modèle Relationnel ; Algèbre Relationnelle'),
(6, 2, 3, 'Modèle Relationnel ; du Modèle Relationnel au modèle E/A ; Algèbre Relationnelle étendue'),
(7, 3, 1, 'TP DVD'),
(8, 3, 2, 'TP Modif DVD'),
(9, 3, 3, 'Exam TP'),
(10, 4, 1, 'Qualité de la donnée'),
(11, 4, 2, 'Qualité de la donnée'),
(12, 5, 1, 'Qualité de la donnée'),
(13, 5, 2, 'Qualité de la donnée'),
(14, 6, 1, 'Qualité de la donnée'),
(15, 4, 3, 'Introduction à la qualité logicielle'),
(16, 4, 4, 'Introduction au test'),
(17, 5, 3, 'Introduction au test'),
(18, 5, 4, 'Introduction au test'),
(19, 5, 5, 'Introduction au test (Salle Info)'),
(20, 6, 2, 'Introduction au test (Salle Info)'),
(21, 4, 5, 'Smell code et refactoring'),
(22, 5, 6, 'Smell code et refactoring'),
(23, 4, 6, 'Intégration continue Projet'),
(24, 4, 7, 'Intégration continue Projet (Salle Info)'),
(25, 5, 7, 'Intégration continue Projet (Salle Info)'),
(26, 5, 8, 'Intégration continue Projet (Salle Info)'),
(27, 7, 3, 'Intégration continue Projet (Salle Info)'),
(28, 7, 4, 'Intégration continue Projet (Salle Info)'),
(29, 8, 1, 'Théorie et représentation des graphes et arborescences'),
(30, 8, 2, 'Primitives et parcours des arborescences'),
(31, 8, 3, 'Arbres N-aires et parcours, ABR, construction et recherche'),
(32, 8, 4, 'Algorithmes de graphes'),
(33, 8, 5, 'Langage, lexique et automates à états finis'),
(34, 8, 6, 'Grammaires, interprétation et compilation'),
(35, 8, 7, 'Surprise'),
(36, 8, 8, 'Exam'),
(37, 9, 1, 'Terminologie des graphes, arbres et arborescences'),
(38, 9, 2, 'Représentation des graphes arbres et arborescences'),
(39, 9, 3, 'Primitives d’arborescences'),
(40, 9, 4, 'Parcours des arborescences'),
(41, 9, 5, 'Arbres N-aires et parcours, ABR, construction et recherche'),
(42, 9, 6, 'Algorithmes de graphes'),
(44, 9, 7, 'Langage, lexique et automates à états finis'),
(45, 9, 8, 'Grammaires, interprétation et compilation'),
(46, 10, 1, 'Arborescences génériques'),
(47, 10, 2, 'ABR'),
(48, 10, 3, 'Ordonnancement de tâches : Graphes orientés acycliques (DAG)'),
(49, 10, 4, 'Parler l\'Idule (langue des IDU) : conception d\'un langage'),
(50, 11, 1, ''),
(51, 11, 2, NULL),
(52, 11, 3, NULL),
(53, 12, 4, NULL),
(54, 11, 5, NULL),
(55, 11, 6, NULL),
(56, 11, 7, NULL),
(57, 12, 8, NULL),
(58, 11, 9, NULL),
(59, 13, 10, NULL),
(60, 13, 11, NULL),
(61, 11, 12, NULL),
(62, 14, 1, NULL),
(63, 14, 2, NULL),
(64, 14, 3, NULL),
(65, 14, 4, NULL),
(66, 14, 5, NULL),
(67, 14, 6, NULL),
(68, 14, 7, NULL),
(69, 15, 8, NULL),
(70, 16, 1, 'Logique des propositions'),
(71, 16, 2, 'Logique des propositions'),
(72, 16, 3, 'Logique des prédicats'),
(73, 16, 4, 'Logique des prédicats'),
(74, 16, 5, 'De la logique à Prolog'),
(75, 16, 6, 'De la logique à Prolog'),
(76, 16, 7, 'Exam'),
(77, 17, 1, 'Logique des propositions'),
(78, 17, 2, 'Logique des propositions'),
(79, 17, 3, 'Logique des prédicats'),
(80, 17, 4, 'Logique des prédicats'),
(81, 17, 5, 'De la logique à Prolog'),
(82, 17, 6, 'Surprise'),
(83, 17, 7, 'Surprise'),
(86, 18, 1, NULL),
(87, 18, 2, NULL),
(88, 18, 3, NULL),
(89, 18, 4, NULL),
(90, 18, 5, NULL),
(91, 19, 1, NULL),
(92, 19, 2, NULL),
(93, 19, 3, NULL),
(94, 19, 4, NULL),
(95, 19, 5, NULL),
(96, 19, 6, NULL),
(97, 19, 7, NULL),
(98, 19, 8, NULL),
(99, 20, 1, NULL),
(100, 21, 2, NULL),
(101, 21, 3, NULL),
(102, 21, 4, NULL),
(103, 21, 5, NULL),
(104, 21, 6, NULL),
(105, 21, 7, NULL),
(106, 21, 8, NULL),
(107, 21, 9, NULL),
(108, 21, 10, NULL),
(109, 22, 1, NULL),
(110, 22, 2, NULL),
(111, 22, 3, NULL),
(112, 22, 4, NULL),
(113, 22, 5, NULL),
(114, 22, 6, NULL),
(115, 22, 7, NULL),
(122, 23, 1, NULL),
(123, 23, 2, NULL),
(124, 23, 3, NULL),
(125, 23, 4, NULL),
(126, 23, 5, NULL),
(127, 23, 6, NULL),
(128, 24, 1, NULL),
(129, 24, 2, NULL),
(130, 24, 3, NULL),
(131, 24, 4, NULL),
(132, 25, 1, NULL),
(133, 25, 2, NULL),
(134, 25, 3, NULL),
(135, 25, 4, NULL),
(136, 25, 5, NULL),
(137, 25, 6, NULL),
(138, 25, 7, NULL),
(139, 25, 8, NULL),
(140, 25, 9, NULL),
(141, 26, 1, NULL),
(142, 26, 2, NULL),
(143, 26, 3, NULL),
(144, 26, 4, NULL),
(145, 26, 5, NULL),
(146, 26, 6, NULL),
(147, 26, 7, NULL),
(148, 26, 8, NULL),
(149, 26, 9, NULL),
(150, 26, 10, NULL),
(151, 26, 11, NULL),
(152, 26, 12, NULL),
(153, 26, 13, NULL),
(154, 26, 14, NULL),
(155, 26, 15, NULL),
(156, 27, 1, NULL),
(159, 28, 1, 'Hadoop'),
(160, 28, 2, 'Sparq'),
(161, 28, 3, 'Asure fonction'),
(164, 29, 1, 'Hadoop'),
(165, 29, 2, 'Sparq'),
(166, 29, 3, 'Asure fonction'),
(167, 30, 1, NULL),
(185, 30, 2, NULL),
(186, 31, 1, NULL),
(187, 30, 3, NULL),
(188, 31, 2, NULL),
(189, 32, 1, NULL),
(190, 33, 1, NULL),
(191, 33, 2, NULL),
(192, 32, 2, NULL),
(193, 30, 4, NULL),
(194, 31, 3, NULL),
(195, 30, 5, NULL),
(196, 31, 4, NULL),
(197, 32, 3, NULL),
(198, 33, 3, NULL),
(199, 33, 4, NULL),
(200, 32, 4, NULL),
(201, 34, 1, NULL),
(202, 35, 1, NULL),
(203, 36, 1, NULL),
(204, 35, 2, NULL),
(205, 36, 2, NULL),
(206, 37, 1, NULL),
(207, 35, 3, NULL),
(208, 36, 3, NULL),
(209, 35, 4, NULL),
(210, 36, 4, NULL),
(211, 37, 2, NULL),
(212, 36, 5, NULL),
(213, 35, 5, NULL),
(214, 35, 6, NULL),
(215, 36, 6, NULL),
(216, 37, 3, NULL),
(217, 38, 2, NULL),
(218, 39, 9, NULL),
(219, 40, 1, NULL),
(239, 40, 2, NULL),
(240, 40, 3, NULL),
(241, 40, 4, NULL),
(242, 40, 5, NULL),
(243, 40, 6, NULL),
(244, 40, 7, NULL),
(245, 41, 1, NULL),
(246, 41, 2, NULL),
(247, 41, 3, NULL),
(248, 41, 4, NULL),
(249, 41, 5, NULL),
(250, 41, 6, NULL),
(251, 41, 7, NULL),
(252, 41, 8, NULL),
(253, 41, 9, NULL),
(254, 42, 1, NULL),
(255, 42, 2, NULL),
(256, 42, 3, NULL),
(257, 43, 1, NULL),
(258, 44, 1, NULL),
(259, 44, 2, NULL),
(260, 45, 1, NULL),
(261, 45, 2, NULL),
(262, 46, 1, NULL),
(263, 46, 2, NULL),
(264, 44, 3, NULL),
(265, 44, 4, NULL),
(266, 45, 3, NULL),
(267, 45, 4, NULL),
(268, 46, 3, NULL),
(269, 44, 5, NULL),
(270, 45, 5, NULL),
(271, 46, 4, NULL),
(272, 46, 5, NULL),
(273, 46, 6, NULL),
(274, 47, 2, NULL),
(275, 48, 1, NULL),
(276, 48, 2, NULL),
(277, 49, 1, NULL),
(278, 49, 2, NULL),
(279, 50, 1, NULL),
(280, 48, 3, NULL),
(281, 48, 4, NULL),
(282, 49, 3, NULL),
(283, 49, 4, NULL),
(284, 50, 2, NULL),
(285, 48, 5, NULL),
(286, 48, 6, NULL),
(287, 49, 5, NULL),
(288, 49, 6, NULL),
(289, 50, 3, NULL),
(290, 48, 7, NULL),
(291, 48, 8, NULL),
(292, 49, 7, NULL),
(293, 49, 8, NULL),
(294, 50, 4, NULL),
(295, 51, 1, NULL),
(296, 52, 1, NULL),
(297, 51, 2, NULL),
(298, 53, 1, NULL),
(299, 51, 3, NULL),
(300, 52, 2, NULL),
(301, 51, 4, NULL),
(302, 53, 2, NULL),
(303, 52, 3, NULL),
(304, 52, 4, NULL),
(305, 53, 3, NULL),
(306, 53, 4, NULL),
(307, 52, 5, NULL),
(308, 51, 5, NULL),
(309, 53, 5, NULL),
(310, 52, 6, NULL),
(311, 54, 1, NULL),
(312, 55, 1, NULL),
(313, 54, 2, NULL),
(314, 55, 2, NULL),
(315, 56, 1, NULL),
(316, 54, 3, NULL),
(317, 55, 3, NULL),
(318, 54, 4, NULL),
(319, 55, 4, NULL),
(320, 56, 2, NULL),
(321, 54, 5, NULL),
(322, 55, 5, NULL),
(323, 54, 6, NULL),
(324, 55, 6, NULL),
(325, 56, 3, NULL),
(326, 54, 7, NULL),
(327, 55, 7, NULL),
(328, 54, 8, NULL),
(329, 55, 8, NULL),
(330, 56, 4, NULL),
(331, 57, 1, NULL),
(332, 58, 1, NULL),
(333, 57, 2, NULL),
(334, 58, 2, NULL),
(335, 58, 3, NULL),
(336, 59, 1, NULL),
(337, 58, 4, NULL),
(338, 59, 2, NULL),
(339, 58, 5, NULL),
(340, 58, 6, NULL),
(341, 59, 3, NULL),
(342, 57, 3, NULL),
(343, 58, 7, NULL),
(344, 57, 4, NULL),
(345, 58, 8, NULL),
(346, 59, 4, NULL),
(347, 59, 5, NULL),
(348, 60, 1, NULL),
(349, 61, 2, NULL),
(350, 61, 3, NULL),
(351, 61, 4, NULL),
(352, 61, 5, NULL),
(353, 61, 6, NULL),
(354, 61, 7, NULL),
(355, 61, 8, NULL),
(356, 61, 9, NULL),
(357, 61, 10, NULL),
(358, 60, 11, NULL),
(359, 62, 1, NULL),
(360, 62, 2, NULL),
(361, 62, 3, NULL),
(362, 63, 1, NULL),
(363, 63, 2, NULL),
(364, 62, 4, NULL),
(365, 62, 5, NULL),
(366, 62, 6, NULL),
(367, 63, 3, NULL),
(368, 63, 4, NULL),
(369, 63, 5, NULL),
(370, 62, 7, NULL),
(371, 63, 6, NULL),
(372, 62, 8, NULL),
(413, 64, 1, NULL),
(414, 64, 2, NULL),
(415, 65, 1, NULL),
(416, 64, 3, NULL),
(417, 64, 4, NULL),
(418, 65, 2, NULL),
(419, 64, 5, NULL),
(420, 65, 3, NULL),
(421, 64, 6, NULL),
(422, 65, 4, NULL),
(423, 65, 5, NULL),
(424, 64, 7, NULL),
(425, 65, 6, NULL),
(426, 64, 8, NULL),
(427, 65, 7, NULL),
(428, 66, 1, NULL),
(429, 66, 2, NULL),
(430, 67, 3, NULL),
(431, 64, 9, NULL),
(432, 66, 4, NULL),
(433, 68, 1, NULL),
(434, 69, 1, NULL),
(435, 68, 2, NULL),
(436, 69, 2, NULL),
(437, 68, 3, NULL),
(438, 69, 3, NULL),
(439, 68, 4, NULL),
(440, 69, 4, NULL),
(441, 70, 1, NULL),
(442, 70, 2, NULL),
(443, 70, 3, NULL),
(444, 70, 4, NULL),
(445, 70, 5, NULL),
(446, 70, 6, NULL),
(447, 71, 1, NULL),
(448, 72, 1, NULL),
(449, 72, 2, NULL),
(450, 73, 1, NULL),
(451, 73, 2, NULL),
(452, 74, 1, NULL),
(453, 74, 2, NULL),
(454, 74, 3, NULL),
(456, 75, 1, NULL),
(457, 75, 2, NULL),
(458, 76, 1, NULL),
(459, 75, 3, NULL),
(460, 76, 2, NULL),
(461, 75, 4, NULL),
(462, 76, 3, NULL),
(463, 75, 5, NULL),
(464, 76, 4, NULL),
(465, 75, 6, NULL),
(466, 76, 5, NULL),
(467, 77, 1, NULL),
(468, 77, 2, NULL),
(469, 77, 3, NULL),
(470, 77, 4, NULL),
(471, 75, 7, NULL),
(472, 75, 8, NULL),
(473, 78, 1, NULL),
(474, 78, 2, NULL),
(475, 79, 1, NULL),
(476, 78, 3, NULL),
(477, 78, 4, NULL),
(478, 78, 5, NULL),
(479, 78, 6, NULL),
(480, 79, 2, NULL),
(481, 79, 3, NULL),
(482, 79, 4, NULL),
(483, 79, 5, NULL),
(484, 79, 6, NULL),
(485, 78, 7, NULL),
(486, 78, 8, NULL),
(487, 80, 1, NULL),
(488, 80, 2, NULL),
(489, 81, 1, NULL),
(490, 80, 3, NULL),
(491, 80, 4, NULL),
(492, 81, 2, NULL),
(493, 80, 5, NULL),
(494, 80, 6, NULL),
(495, 81, 3, NULL),
(496, 80, 7, NULL),
(497, 80, 8, NULL),
(498, 81, 4, NULL),
(499, 80, 9, NULL),
(500, 80, 10, NULL),
(501, 81, 5, NULL),
(502, 81, 6, NULL),
(503, 82, 1, NULL),
(504, 82, 2, NULL),
(505, 82, 3, NULL),
(506, 83, 4, NULL),
(507, 84, 1, NULL),
(508, 85, 1, NULL),
(509, 84, 2, NULL),
(510, 85, 2, NULL),
(511, 84, 3, NULL),
(512, 85, 3, NULL),
(513, 86, 1, NULL),
(514, 84, 4, NULL),
(515, 85, 4, NULL),
(516, 84, 5, NULL),
(517, 85, 5, NULL),
(518, 84, 6, NULL),
(519, 85, 6, NULL),
(520, 84, 7, NULL),
(521, 85, 7, NULL),
(522, 86, 2, NULL),
(523, 86, 3, NULL),
(524, 85, 8, NULL),
(525, 86, 4, NULL),
(526, 85, 9, NULL),
(549, 87, 1, NULL),
(550, 88, 1, NULL),
(551, 87, 2, NULL),
(552, 88, 2, NULL),
(553, 87, 3, NULL),
(554, 88, 3, NULL),
(555, 87, 4, NULL),
(556, 88, 4, NULL),
(557, 89, 1, NULL),
(558, 87, 5, NULL),
(559, 88, 5, NULL),
(560, 87, 6, NULL),
(561, 88, 6, NULL),
(562, 87, 7, NULL),
(563, 87, 8, NULL),
(564, 88, 7, NULL),
(565, 88, 8, NULL),
(566, 87, 9, NULL),
(567, 88, 9, NULL),
(568, 88, 10, NULL),
(569, 89, 2, NULL),
(570, 89, 3, NULL),
(571, 90, 1, ''),
(572, 28, 4, NULL),
(573, 28, 5, NULL),
(574, 91, 1, NULL),
(578, 92, 1, 'Test double'),
(579, 93, 1, 'aa'),
(580, 7, 2, NULL),
(581, 7, 1, NULL),
(582, 11, 8, NULL),
(583, 11, 4, NULL),
(584, 12, 2, NULL),
(585, 12, 1, NULL),
(586, 13, 2, NULL),
(587, 13, 1, NULL),
(588, 15, 1, NULL),
(589, 21, 1, NULL),
(590, 38, 1, NULL),
(591, 39, 1, NULL),
(592, 47, 1, NULL),
(593, 60, 2, NULL),
(594, 61, 1, NULL),
(595, 66, 3, NULL),
(596, 67, 1, NULL),
(597, 83, 1, NULL),
(598, 94, 4, NULL),
(599, 94, 3, NULL),
(600, 94, 2, NULL),
(601, 94, 1, NULL),
(602, 95, 6, NULL),
(603, 95, 5, NULL),
(604, 95, 4, NULL),
(605, 95, 3, NULL),
(606, 95, 2, NULL),
(607, 95, 1, NULL),
(608, 96, 4, NULL),
(609, 96, 3, NULL),
(610, 96, 2, NULL),
(611, 96, 1, NULL),
(643, 92, 4, NULL),
(644, 92, 3, NULL),
(645, 92, 2, NULL),
(646, 93, 6, NULL),
(647, 93, 5, NULL),
(648, 93, 4, NULL),
(649, 93, 3, NULL),
(650, 93, 2, NULL),
(651, 97, 6, NULL),
(652, 97, 5, NULL),
(653, 97, 4, NULL),
(654, 97, 3, NULL),
(655, 97, 2, NULL),
(656, 97, 1, NULL),
(657, 98, 2, NULL),
(658, 98, 1, NULL),
(674, 99, 4, NULL),
(675, 99, 3, NULL),
(676, 99, 2, NULL),
(677, 99, 1, NULL),
(678, 100, 4, NULL),
(679, 100, 3, NULL),
(680, 100, 2, NULL),
(681, 100, 1, NULL),
(682, 101, 7, NULL),
(683, 101, 6, NULL),
(684, 101, 5, NULL),
(685, 101, 4, NULL),
(686, 101, 3, NULL),
(687, 101, 2, NULL),
(688, 101, 1, NULL),
(689, 22, 8, NULL),
(690, 23, 7, NULL),
(692, 102, 1, NULL),
(693, 102, 2, NULL),
(694, 102, 3, NULL),
(695, 103, 1, NULL),
(696, 103, 2, NULL),
(697, 103, 3, NULL),
(698, 103, 4, NULL),
(704, 104, 6, NULL),
(705, 104, 5, NULL),
(706, 104, 4, NULL),
(707, 104, 3, NULL),
(708, 104, 2, NULL),
(709, 104, 1, NULL),
(711, 105, 5, NULL),
(712, 105, 4, NULL),
(713, 105, 3, NULL),
(714, 105, 2, NULL),
(715, 105, 1, NULL),
(718, 106, 5, NULL),
(719, 106, 4, NULL),
(720, 106, 3, NULL),
(721, 106, 2, NULL),
(722, 106, 1, NULL),
(733, 109, 4, NULL),
(734, 109, 3, NULL),
(735, 109, 2, NULL),
(736, 109, 1, NULL),
(740, 110, 8, NULL),
(741, 110, 7, NULL),
(742, 110, 6, NULL),
(743, 110, 5, NULL),
(744, 110, 4, NULL),
(745, 110, 3, NULL),
(746, 110, 2, NULL),
(747, 110, 1, NULL),
(756, 111, 2, NULL),
(757, 111, 1, NULL),
(759, 112, 6, NULL),
(760, 112, 5, NULL),
(761, 112, 4, NULL),
(762, 112, 3, NULL),
(763, 112, 2, NULL),
(764, 112, 1, NULL),
(766, 113, 6, NULL),
(767, 113, 5, NULL),
(768, 113, 4, NULL),
(769, 113, 3, NULL),
(770, 113, 2, NULL),
(771, 113, 1, NULL);

--
-- Déchargement des données de la table `VIEW_check`
--

INSERT INTO `VIEW_check` (`id_view`, `sortIndex`, `name`, `group_of_views`, `request`) VALUES
(12, 6, 'Erreur de séquencage', 'Check', 'SELECT \r\n    `MAQUETTE_module`.`code_module`, \r\n    IFNULL(`hCM`,0) + IFNULL(`hTD`,0) + IFNULL(`hTP`,0) + IFNULL(`hTPTD`,0) + IFNULL(`hPROJ`,0) AS `hMCCC`, \r\n    `hCequenced`, \r\n    IFNULL(`hCM`,0) + IFNULL(`hTD`,0) + IFNULL(`hTP`,0) + IFNULL(`hTPTD`,0) + IFNULL(`hPROJ`,0) - `hCequenced` AS `Reste à planifier`\r\nFROM `MAQUETTE_module`\r\nJOIN `LNM_semestre` ON `LNM_semestre`.`id_semestre` = `MAQUETTE_module`.`id_semestre`\r\n  JOIN `learnagement`.`MAQUETE_module_as_learning_unit` ON `learnagement`.`MAQUETTE_module_as_learning_unit`.`id_module` = `learnagement`.`MAQUETTE_module`.`id_module`\r\n  JOIN `learnagement`.`MAQUETTE_learning_unit` ON `learnagement`.`MAQUETTE_learning_unit`.`id_learning_unit` = `learnagement`.`MAQUETTE_module_as_learning_unit`.`id_learning_unit`\r\n  JOIN `learnagement`.`LNM_promo` ON `learnagement`.`MAQUETTE_learning_unit`.`id_promo` = `learnagement`.`LNM_promo`.`id_promo`\r\n  JOIN `learnagement`.`LNM_statut` ON `learnagement`.`LNM_statut`.`id_statut` = `learnagement`.`LNM_promo`.`id_statut`\r\n  JOIN `learnagement`.`LNM_filiere` \r\n       ON `learnagement`.`LNM_filiere`.`id_filiere` = `learnagement`.`LNM_promo`.`id_filiere`\r\n  JOIN `learnagement`.`MAQUETTE_discipline`\r\n       ON `learnagement`.`MAQUETTE_discipline`.`id_discipline` = `learnagement`.`MAQUETTE_module`.`id_discipline`\r\nJOIN (\r\n    SELECT `code_module`, SUM(`duree_h`) as hCequenced\r\n    FROM `MAQUETTE_module_sequencage` \r\n    JOIN `MAQUETTE_module_sequence` ON `MAQUETTE_module_sequence`.id_module_sequencage = `MAQUETTE_module_sequencage`.id_module_sequencage\r\n    JOIN `MAQUETTE_module` ON `MAQUETTE_module`.`id_module` = `MAQUETTE_module_sequencage`.`id_module`\r\n    GROUP BY `code_module`) sequenced ON  sequenced.`code_module` = `MAQUETTE_module`.`code_module`\r\nWHERE 1;'),
(14, 6, 'Surcharge IDU FISEA', 'Check', 'SELECT MAQUETTE_discipline.nom, sum(Module_Supp_IDU_FISEA_FISE.hCM) as hCM, sum(Module_Supp_IDU_FISEA_FISE.hTD) as hTD, 2 * sum(Module_Supp_IDU_FISEA_FISE.hTP) as hTP, sum(Module_Supp_IDU_FISEA_FISE.hTPTD) as hTPTD, ifnull(sum(Module_Supp_IDU_FISEA_FISE.hCM),0)+ifnull(sum(Module_Supp_IDU_FISEA_FISE.hTD),0)+2 * ifnull(sum(Module_Supp_IDU_FISEA_FISE.hTP),0)+ifnull(sum(Module_Supp_IDU_FISEA_FISE.hTPTD),0) as hSup\r\nfrom Module_Supp_IDU_FISEA_FISE \r\nJOIN `learnagement`.`LNM_semestre` ON `learnagement`.`LNM_semestre`.`id_semestre` = Module_Supp_IDU_FISEA_FISE.`id_semestre` \r\nJOIN `learnagement`.`MAQUETTE_discipline` ON `learnagement`.`MAQUETTE_discipline`.`id_discipline` = Module_Supp_IDU_FISEA_FISE.`id_discipline` \r\nJOIN `learnagement`.`MAQUETTE_module_as_learning_unit` ON Module_Supp_IDU_FISEA_FISE.`id_module` = `learnagement`.`MAQUETTE_module_as_learning_unit`.`id_module`\r\nJoin `learnagement`.`MAQUETTE_module` ON `learnagement`.`MAQUETTE_module`.`id_module` = `learnagement`.`MAQUETTE_module_as_learning_unit`.`id_module`\r\nJOIN `learnagement`.`MAQUETTE_learning_unit` ON `learnagement`.`MAQUETTE_module_as_learning_unit`.`id_learning_unit` = `learnagement`.`MAQUETTE_learning_unit`.`id_learning_unit` \r\nJOIN `learnagement`.`LNM_promo` ON `learnagement`.`MAQUETTE_learning_unit`.`id_promo` = `learnagement`.`LNM_promo`.`id_promo` \r\nJOIN `learnagement`.`LNM_filiere` ON `learnagement`.`LNM_filiere`.`id_filiere` = `learnagement`.`LNM_promo`.`id_filiere` \r\nJOIN `LNM_statut` ON `LNM_statut`.`id_statut` = `LNM_promo`.`id_statut` \r\nLEFT OUTER JOIN `learnagement`.`LNM_enseignant` ON Module_Supp_IDU_FISEA_FISE.`id_responsable` = `learnagement`.`LNM_enseignant`.`id_enseignant` \r\nWHERE `learnagement`.`LNM_filiere`.`nom_filiere` = \"IDU\" and `LNM_statut`.nom_statut =\"FISEA\" and 1\r\nGROUP BY MAQUETTE_discipline.nom;');

--
-- Déchargement des données de la table `VIEW_display`
--

INSERT INTO `VIEW_display` (`id_view`, `sortIndex`, `name`, `group_of_views`, `request`) VALUES
(3, 40, 'resposabilite', 'Module', 'SELECT \r\n  CONCAT(`LNM_enseignant`.`prenom`,\' \',`LNM_enseignant`.`nom`) AS `responsable`,\r\n  COUNT(`MAQUETTE_module`.`id_module`) AS `responsabilite`,\r\n  GROUP_CONCAT(distinct `MAQUETTE_module`.`code_module` separator \', \') AS `modules` \r\nFROM \r\n  `LNM_enseignant` \r\n  JOIN `MAQUETTE_module` \r\n       ON `MAQUETTE_module`.`id_responsable` = `LNM_enseignant`.`id_enseignant` \r\n  \r\n  JOIN `MAQUETTE_module_as_learning_unit` ON `MAQUETTE_module_as_learning_unit`.`id_module` = `MAQUETTE_module`.`id_module`\r\n  JOIN `MAQUETTE_learning_unit` ON `MAQUETTE_learning_unit`.`id_learning_unit` = `MAQUETTE_module_as_learning_unit`.`id_learning_unit`\r\n  JOIN `LNM_promo` ON `MAQUETTE_learning_unit`.`id_promo` = `LNM_promo`.`id_promo`\r\n  JOIN `LNM_statut` ON `LNM_statut`.`id_statut` = `LNM_promo`.`id_statut`\r\n  JOIN `LNM_filiere` \r\n       ON `LNM_filiere`.`id_filiere` = `LNM_promo`.`id_filiere`\r\n  JOIN `LNM_semestre` \r\n       ON `LNM_semestre`.`id_semestre` = `MAQUETTE_module`.`id_semestre`\r\n  JOIN `MAQUETTE_discipline`\r\n       ON `MAQUETTE_discipline`.`id_discipline` = `MAQUETTE_module`.`id_discipline`\r\nWHERE 1\r\nGROUP BY `LNM_enseignant`.`nom`, `LNM_enseignant`.`prenom`;'),
(4, 40, 'MCCC par module', 'Module', 'SELECT \r\n`MAQUETTE_module`.`code_module` AS `code_module`, \r\n`MAQUETTE_module`.`nom` AS `nom`, \r\n`MAQUETTE_module`.`ECTS` AS `ECTS`, \r\ngroup_concat(`MAQUETTE_learning_unit`.`learning_unit_code` separator \', \') AS `UE`, \r\ngroup_concat(`LNM_filiere`.`nom_filiere` separator \', \') AS `filieres`, \r\n`MAQUETTE_module`.`hCM` AS `hCM`, \r\n`MAQUETTE_module`.`hTD` AS `hTD`, \r\n`MAQUETTE_module`.`hTP` AS `hTP`, \r\n`MAQUETTE_module`.`hTPTD` AS `hTPTD`, \r\nifnull(`MAQUETTE_module`.`hCM`, 0) + ifnull(`MAQUETTE_module`.`hTD`, 0) + ifnull(`MAQUETTE_module`.`hTP`, 0) + ifnull(`MAQUETTE_module`.`hTPTD`, 0) AS `hTE`,\r\nround((ifnull(`MAQUETTE_module`.`hCM`, 0) + ifnull(`MAQUETTE_module`.`hTD`, 0) + ifnull(`MAQUETTE_module`.`hTP`, 0) + ifnull(`MAQUETTE_module`.`hTPTD`, 0)) / `ECTS`, 2) AS `hTE/ECTS`,\r\nround(`ECTS` / (ifnull(`MAQUETTE_module`.`hCM`, 0) + ifnull(`MAQUETTE_module`.`hTD`, 0) + ifnull(`MAQUETTE_module`.`hTP`, 0) + ifnull(`MAQUETTE_module`.`hTPTD`, 0)), 2) AS `ECTS/hTE`,\r\n`MAQUETTE_module`.`hPROJ` AS `hPROJ`, \r\n`MAQUETTE_module`.`hPersonnelle` AS `hPersonnelle`, \r\nconcat(`LNM_enseignant`.`prenom`,\' \',`LNM_enseignant`.`nom`) AS `responsable`, \r\n`MAQUETTE_module`.`commentaire` AS `commentaire` \r\nFROM `MAQUETTE_module` \r\nJOIN `LNM_semestre` ON `LNM_semestre`.`id_semestre` = `MAQUETTE_module`.`id_semestre` \r\nJOIN `MAQUETTE_discipline` ON `MAQUETTE_discipline`.`id_discipline` = `MAQUETTE_module`.`id_discipline` \r\nJOIN `MAQUETTE_module_as_learning_unit` ON `MAQUETTE_module`.`id_module` = `MAQUETTE_module_as_learning_unit`.`id_module` \r\nJOIN `MAQUETTE_learning_unit` ON `MAQUETTE_module_as_learning_unit`.`id_learning_unit` = `MAQUETTE_learning_unit`.`id_learning_unit` \r\nJOIN `LNM_promo` ON `MAQUETTE_learning_unit`.`id_promo` = `LNM_promo`.`id_promo` \r\nJOIN `LNM_filiere` ON `LNM_filiere`.`id_filiere` = `LNM_promo`.`id_filiere` \r\nJOIN `LNM_statut` ON `LNM_statut`.`id_statut` = `LNM_promo`.`id_statut` \r\nLEFT OUTER JOIN `LNM_enseignant` ON `MAQUETTE_module`.`id_responsable` = `LNM_enseignant`.`id_enseignant` \r\nWHERE 1\r\nGROUP BY `MAQUETTE_module`.`id_module`\r\nORDER BY UE, `MAQUETTE_module`.`code_module`;'),
(5, 30, 'répartition charge CM, TD...', 'Global', 'SELECT \r\n        SUM(`MAQUETTE_module`.`hCM`) AS `hCM`,\r\n        SUM(`MAQUETTE_module`.`hTD`) AS `hTD`,\r\n        SUM(`MAQUETTE_module`.`hTP`) AS `hTP`,\r\n        SUM(`MAQUETTE_module`.`hTPTD`) AS `hTPTD`,\r\n        SUM(`MAQUETTE_module`.`hPROJ`) AS `hPROJ`,\r\n        SUM(`MAQUETTE_module`.`hPersonnelle`) AS `hPersonnelle`,\r\n      (\r\n        SUM(`MAQUETTE_module`.`hCM`) + \r\n        SUM(`MAQUETTE_module`.`hTD`) + \r\n        SUM(`MAQUETTE_module`.`hTP`) + \r\n        SUM(`MAQUETTE_module`.`hTPTD`)\r\n      ) AS `heures filière`\r\n        \r\n    FROM `MAQUETTE_module` \r\nJOIN `LNM_semestre` ON `LNM_semestre`.`id_semestre` = `MAQUETTE_module`.`id_semestre` \r\nJOIN `MAQUETTE_discipline` ON `MAQUETTE_discipline`.`id_discipline` = `MAQUETTE_module`.`id_discipline` \r\nJOIN `MAQUETTE_module_as_learning_unit` ON `MAQUETTE_module`.`id_module` = `MAQUETTE_module_as_learning_unit`.`id_module` \r\nJOIN `MAQUETTE_learning_unit` ON `MAQUETTE_module_as_learning_unit`.`id_learning_unit` = `MAQUETTE_learning_unit`.`id_learning_unit` \r\nJOIN `LNM_promo` ON `MAQUETTE_learning_unit`.`id_promo` = `LNM_promo`.`id_promo` \r\nJOIN `LNM_filiere` ON `LNM_filiere`.`id_filiere` = `LNM_promo`.`id_filiere` \r\nJOIN `LNM_statut` ON `LNM_statut`.`id_statut` = `LNM_promo`.`id_statut` \r\nLEFT OUTER JOIN `LNM_enseignant` ON `MAQUETTE_module`.`id_responsable` = `LNM_enseignant`.`id_enseignant` \r\nWHERE 1;'),
(6, 30, 'Service disciplinaire', 'Global', 'SELECT SUM(`LNM_enseignant`.`service statutaire`) AS `service statutaire`,\r\n       SUM(`LNM_enseignant`.`service effectif`) AS `service avec décharge`\r\nFROM `LNM_enseignant`\r\nWHERE `LNM_enseignant`.`statut` = \'permanent\' \r\n    AND `LNM_enseignant`.`composante` = \'polytech\';'),
(7, 40, 'Charge en responsabilité', 'Module', 'SELECT\r\n  ( IFNULL(SUM((`MAQUETTE_module`.`hCM` * 1.5) * `LNM_promo`.`nbGroupeCM`), 0)\r\n    + IFNULL(SUM(`MAQUETTE_module`.`hTD` * `LNM_promo`.`nbGroupeTD`), 0)\r\n    + IFNULL(SUM(`MAQUETTE_module`.`hTP` * `LNM_promo`.`nbGroupeTP`), 0)\r\n    + IFNULL(SUM(`MAQUETTE_module`.`hTPTD` * `LNM_promo`.`nbGroupeTD`), 0)\r\n  ) AS `Heures enseignant`, \r\n  ( IFNULL(SUM(`MAQUETTE_module`.`hCM`), 0)\r\n    + IFNULL(SUM(`MAQUETTE_module`.`hTD`), 0)\r\n    + IFNULL(SUM(`MAQUETTE_module`.`hTP`), 0)\r\n    + IFNULL(SUM(`MAQUETTE_module`.`hTPTD`), 0)\r\n  ) AS `heures étudiant` \r\nFROM `MAQUETTE_module` \r\n  JOIN `LNM_semestre`                ON `LNM_semestre`.`id_semestre` = `MAQUETTE_module`.`id_semestre` \r\n  JOIN `MAQUETTE_discipline`              ON `MAQUETTE_discipline`.`id_discipline` = `MAQUETTE_module`.`id_discipline` \r\n  JOIN `MAQUETTE_module_as_learning_unit` ON `MAQUETTE_module`.`id_module` = `MAQUETTE_module_as_learning_unit`.`id_module` \r\n  JOIN `MAQUETTE_learning_unit`           ON `MAQUETTE_module_as_learning_unit`.`id_learning_unit` = `MAQUETTE_learning_unit`.`id_learning_unit` \r\n  JOIN `LNM_promo`                   ON `MAQUETTE_learning_unit`.`id_promo` = `LNM_promo`.`id_promo` \r\n  JOIN `LNM_filiere`                 ON `LNM_filiere`.`id_filiere` = `LNM_promo`.`id_filiere` \r\n  JOIN `LNM_statut`                  ON `LNM_statut`.`id_statut` = `LNM_promo`.`id_statut` \r\n  LEFT OUTER JOIN `LNM_enseignant`   ON `MAQUETTE_module`.`id_responsable` = `LNM_enseignant`.`id_enseignant` \r\nWHERE 1;'),
(8, 40, 'répartition seance', 'Module', 'SELECT `MAQUETTE_module`.`code_module`, \r\n       `LNM_enseignant`.`prenom`, \r\n       `LNM_seanceType`.`type`, \r\n       MAQUETTE_module_sequence.`numero_ordre`, \r\n       `LNM_groupe`.`nom_groupe`\r\nFROM `MAQUETTE_module`\r\nJOIN MAQUETTE_module_sequencage  ON MAQUETTE_module_sequencage.id_module = MAQUETTE_module.id_module\r\nJOIN MAQUETTE_module_sequence ON MAQUETTE_module_sequence.id_module_sequencage = MAQUETTE_module_sequencage.id_module_sequencage\r\nJOIN CLASS_session_to_be_affected ON CLASS_session_to_be_affected.id_module_sequence = MAQUETTE_module_sequence.id_module_sequence\r\nJOIN CLASS_session_to_be_affected_as_enseignant ON CLASS_session_to_be_affected.id_seance_to_be_affected = CLASS_session_to_be_affected_as_enseignant.id_seance_to_be_affected\r\nJOIN `LNM_enseignant` ON `CLASS_session_to_be_affected_as_enseignant`.`id_enseignant` = `LNM_enseignant`.`id_enseignant`\r\nJOIN `LNM_groupe` ON `CLASS_session_to_be_affected`.`id_groupe` = `LNM_groupe`.`id_groupe` \r\nJOIN `LNM_seanceType` ON `LNM_seanceType`.`id_seance_type` = MAQUETTE_module_sequencage.`id_seance_type`\r\nJOIN `MAQUETTE_module_as_learning_unit` ON `MAQUETTE_module_as_learning_unit`.`id_module` = `MAQUETTE_module`.`id_module`\r\nJOIN `MAQUETTE_learning_unit` ON `MAQUETTE_learning_unit`.`id_learning_unit` = `MAQUETTE_module_as_learning_unit`.`id_learning_unit`\r\nJOIN `LNM_promo` ON `MAQUETTE_learning_unit`.`id_promo` = `LNM_promo`.`id_promo`\r\nJOIN `LNM_statut` ON `LNM_statut`.`id_statut` = `LNM_promo`.`id_statut`\r\nJOIN `LNM_filiere` ON `LNM_filiere`.`id_filiere` = `LNM_promo`.`id_filiere`\r\nJOIN `LNM_semestre` ON `LNM_semestre`.`id_semestre` = `MAQUETTE_module`.`id_semestre`\r\nJOIN `MAQUETTE_discipline` ON `MAQUETTE_discipline`.`id_discipline` = `MAQUETTE_module`.`id_discipline`\r\nWHERE 1\r\nORDER BY `MAQUETTE_module`.`code_module`, \r\n         `LNM_seanceType`.`type`, \r\n         MAQUETTE_module_sequence.`numero_ordre`, \r\n         `LNM_groupe`.`nom_groupe`;'),
(9, 40, 'Dépendance de séances', 'Module', 'SELECT previousModule.`code_module` as \"module précédent\", \r\n       CONCAT(previousSeanceType.`type`, \r\n       previousSequences.`numero_ordre`) as \"séance précédente\",\r\n       nextModule.`code_module` as \"module suivant\", \r\n       CONCAT(nextSeanceType.`type`, \r\n       nextSequences.`numero_ordre`) as \"séance suivante\"\r\n\r\nFROM `MAQUETTE_dependance_sequence` \r\n\r\nJOIN `MAQUETTE_module_sequence` previousSequences \r\n    ON previousSequences.`id_module_sequence` = `MAQUETTE_dependance_sequence`.`id_sequence_prev` \r\nJOIN `MAQUETTE_module_sequencage` previousSequencages \r\n    ON previousSequencages.`id_module_sequencage` = previousSequences.`id_module_sequencage`\r\nJOIN `MAQUETTE_module` previousModule \r\n    ON previousModule.`id_module` = previousSequencages.`id_module` \r\nJOIN `LNM_seanceType` previousSeanceType\r\n    ON previousSeanceType.id_seance_type = previousSequencages.`id_seance_type`\r\n\r\nJOIN `MAQUETTE_module` \r\n    ON `MAQUETTE_module`.`id_module` = previousModule.`id_module`\r\nJOIN `LNM_semestre` \r\n    ON `LNM_semestre`.`id_semestre` = `MAQUETTE_module`.`id_semestre`\r\n\r\nJOIN `MAQUETTE_module_sequence` nextSequences \r\n    ON nextSequences.`id_module_sequence` = `MAQUETTE_dependance_sequence`.`id_sequence_next`  \r\nJOIN `MAQUETTE_module_sequencage` nextSequencages \r\n    ON nextSequencages.`id_module_sequencage` = nextSequences.`id_module_sequencage`\r\nJOIN `MAQUETTE_module` nextModule \r\n    ON nextModule.`id_module` = nextSequencages.`id_module` \r\nJOIN `LNM_seanceType` nextSeanceType\r\n    ON nextSeanceType.id_seance_type = nextSequencages.`id_seance_type`\r\n\r\nJOIN `MAQUETTE_module_as_learning_unit` ON `MAQUETTE_module_as_learning_unit`.`id_module` = `MAQUETTE_module`.`id_module`\r\n  JOIN `MAQUETTE_learning_unit` ON `MAQUETTE_learning_unit`.`id_learning_unit` = `MAQUETTE_module_as_learning_unit`.`id_learning_unit`\r\n  JOIN `LNM_promo` ON `MAQUETTE_learning_unit`.`id_promo` = `LNM_promo`.`id_promo`\r\n  JOIN `LNM_statut` ON `LNM_statut`.`id_statut` = `LNM_promo`.`id_statut`\r\n  JOIN `LNM_filiere` \r\n       ON `LNM_filiere`.`id_filiere` = `LNM_promo`.`id_filiere`\r\n  JOIN `MAQUETTE_discipline`\r\n       ON `MAQUETTE_discipline`.`id_discipline` = `MAQUETTE_module`.`id_discipline`\r\nWHERE 1;'),
(11, 30, 'resposabilités globales', 'Global', 'SELECT \r\n  CONCAT(enseignant.`prenom`,\' \',enseignant.`nom`) AS `responsable`,\r\n  COUNT(module.`id_module`) AS `responsabilite`,\r\n  GROUP_CONCAT(distinct module.`code_module` separator \', \') AS `modules` \r\nFROM \r\n  `LNM_enseignant` enseignant\r\n  JOIN `MAQUETTE_module` module ON module.`id_responsable` = enseignant.`id_enseignant` \r\nWHERE 1\r\nGROUP BY enseignant.`nom`, enseignant.`prenom`'),
(13, 50, 'MCCC par UE', 'UE', 'SELECT \r\nsum(`MAQUETTE_module`.`ECTS`) AS `ECTS`, \r\n`MAQUETTE_learning_unit`.`learning_unit_code` AS `UE`, \r\n`LNM_filiere`.`nom_filiere` AS `filieres`, \r\nsum(`MAQUETTE_module`.`hCM`) AS `hCM`, \r\nsum(`MAQUETTE_module`.`hTD`) AS `hTD`, \r\nsum(`MAQUETTE_module`.`hTP`) AS `hTP`, \r\nsum(`MAQUETTE_module`.`hTPTD`) AS `hTPTD`, \r\nsum(`MAQUETTE_module`.`hPROJ`) AS `hPROJ`, \r\nsum(`MAQUETTE_module`.`hPersonnelle`) AS `hPersonnelle`,\r\nifnull(sum(`MAQUETTE_module`.`hCM`), 0) + ifnull(sum(`MAQUETTE_module`.`hTD`), 0) + ifnull(sum(`MAQUETTE_module`.`hTP`), 0) + ifnull(sum(`MAQUETTE_module`.`hTPTD`), 0) AS `hTotale`\r\nFROM `MAQUETTE_module` \r\nJOIN `LNM_semestre` ON `LNM_semestre`.`id_semestre` = `MAQUETTE_module`.`id_semestre` \r\nJOIN `MAQUETTE_discipline` ON `MAQUETTE_discipline`.`id_discipline` = `MAQUETTE_module`.`id_discipline` \r\nJOIN `MAQUETTE_module_as_learning_unit` ON `MAQUETTE_module`.`id_module` = `MAQUETTE_module_as_learning_unit`.`id_module` \r\nJOIN `MAQUETTE_learning_unit` ON `MAQUETTE_module_as_learning_unit`.`id_learning_unit` = `MAQUETTE_learning_unit`.`id_learning_unit` \r\nJOIN `LNM_promo` ON `MAQUETTE_learning_unit`.`id_promo` = `LNM_promo`.`id_promo` \r\nJOIN `LNM_filiere` ON `LNM_filiere`.`id_filiere` = `LNM_promo`.`id_filiere` \r\nJOIN `LNM_statut` ON `LNM_statut`.`id_statut` = `LNM_promo`.`id_statut` \r\nLEFT OUTER JOIN `LNM_enseignant` ON `MAQUETTE_module`.`id_responsable` = `LNM_enseignant`.`id_enseignant` \r\nWHERE 1\r\nGROUP BY `MAQUETTE_learning_unit`.`learning_unit_code`, `LNM_filiere`.`nom_filiere`;'),
(15, 50, 'MCCC par Semestre', 'Semestre', 'SELECT \r\nsum(`MAQUETTE_module`.`ECTS`) AS `ECTS`, \r\n`LNM_semestre`.`id_semestre` AS `semestre`, \r\n`LNM_filiere`.`nom_filiere` AS `filiere`, \r\nsum(`MAQUETTE_module`.`hCM`) AS `hCM`, \r\nsum(`MAQUETTE_module`.`hTD`) AS `hTD`, \r\nsum(`MAQUETTE_module`.`hTP`) AS `hTP`, \r\nsum(`MAQUETTE_module`.`hTPTD`) AS `hTPTD`, \r\nsum(`MAQUETTE_module`.`hPROJ`) AS `hPROJ`, \r\nsum(`MAQUETTE_module`.`hPersonnelle`) AS `hPersonnelle`,\r\nifnull(sum(`MAQUETTE_module`.`hCM`), 0) + ifnull(sum(`MAQUETTE_module`.`hTD`), 0) + ifnull(sum(`MAQUETTE_module`.`hTP`), 0) + ifnull(sum(`MAQUETTE_module`.`hTPTD`), 0) AS `hTotale`\r\nFROM `MAQUETTE_module` \r\nJOIN `LNM_semestre` ON `LNM_semestre`.`id_semestre` = `MAQUETTE_module`.`id_semestre` \r\nJOIN `MAQUETTE_discipline` ON `MAQUETTE_discipline`.`id_discipline` = `MAQUETTE_module`.`id_discipline` \r\nJOIN `MAQUETTE_module_as_learning_unit` ON `MAQUETTE_module`.`id_module` = `MAQUETTE_module_as_learning_unit`.`id_module` \r\nJOIN `MAQUETTE_learning_unit` ON `MAQUETTE_module_as_learning_unit`.`id_learning_unit` = `MAQUETTE_learning_unit`.`id_learning_unit` \r\nJOIN `LNM_promo` ON `MAQUETTE_learning_unit`.`id_promo` = `LNM_promo`.`id_promo` \r\nJOIN `LNM_filiere` ON `LNM_filiere`.`id_filiere` = `LNM_promo`.`id_filiere` \r\nJOIN `LNM_statut` ON `LNM_statut`.`id_statut` = `LNM_promo`.`id_statut` \r\nLEFT OUTER JOIN `LNM_enseignant` ON `MAQUETTE_module`.`id_responsable` = `LNM_enseignant`.`id_enseignant` \r\nWHERE 1\r\nGROUP BY `LNM_semestre`.`id_semestre`, `LNM_filiere`.`nom_filiere`\r\nORDER BY `LNM_semestre`.`id_semestre`;'),
(16, 10, 'ECTS / h par module', 'Check', 'SELECT \r\n`MAQUETTE_module`.`code_module` AS `code_module`, \r\n`MAQUETTE_module`.`nom` AS `nom`, \r\n`MAQUETTE_module`.`ECTS` AS `ECTS`,\r\n`MAQUETTE_module`.`hCM` AS `hCM`, \r\n`MAQUETTE_module`.`hTD` AS `hTD`, \r\n`MAQUETTE_module`.`hTP` AS `hTP`, \r\n`MAQUETTE_module`.`hTPTD` AS `hTPTD`, \r\n`MAQUETTE_module`.`hPROJ` AS `hPROJ`, \r\n`MAQUETTE_module`.`hPersonnelle` AS `hPersonnelle`, \r\n`MAQUETTE_module`.`ECTS` / (ifnull(`MAQUETTE_module`.`hCM`, 0) + ifnull(`MAQUETTE_module`.`hTD`, 0) + ifnull(`MAQUETTE_module`.`hTP`, 0) + ifnull(`MAQUETTE_module`.`hTPTD`, 0)) AS `ECTS/h`\r\nFROM `MAQUETTE_module` \r\nJOIN `LNM_semestre` ON `LNM_semestre`.`id_semestre` = `MAQUETTE_module`.`id_semestre` \r\nJOIN `MAQUETTE_discipline` ON `MAQUETTE_discipline`.`id_discipline` = `MAQUETTE_module`.`id_discipline` \r\nJOIN `MAQUETTE_module_as_learning_unit` ON `MAQUETTE_module`.`id_module` = `MAQUETTE_module_as_learning_unit`.`id_module` \r\nJOIN `MAQUETTE_learning_unit` ON `MAQUETTE_module_as_learning_unit`.`id_learning_unit` = `MAQUETTE_learning_unit`.`id_learning_unit` \r\nJOIN `LNM_promo` ON `MAQUETTE_learning_unit`.`id_promo` = `LNM_promo`.`id_promo` \r\nJOIN `LNM_filiere` ON `LNM_filiere`.`id_filiere` = `LNM_promo`.`id_filiere` \r\nJOIN `LNM_statut` ON `LNM_statut`.`id_statut` = `LNM_promo`.`id_statut` \r\nLEFT OUTER JOIN `LNM_enseignant` ON `MAQUETTE_module`.`id_responsable` = `LNM_enseignant`.`id_enseignant` \r\nWHERE 1\r\nGROUP BY `MAQUETTE_module`.`id_module`\r\nORDER BY `MAQUETTE_module`.`code_module`;'),
(17, 10, 'Seances non affectées', 'Check', 'SELECT MAQUETTE_module.code_module, MAQUETTE_module.nom, concat(LNM_enseignant.prenom, \' \', LNM_enseignant.nom) as \"responsable\", COUNT(*) as \"nombre_de_seances\", LNM_seanceType.type, LNM_groupe.nom_groupe\r\nFROM \r\nMAQUETTE_module_sequencage\r\nJOIN MAQUETTE_module_sequence ON MAQUETTE_module_sequence.id_module_sequencage = MAQUETTE_module_sequencage.id_module_sequencage\r\nJOIN `CLASS_session_to_be_affected` ON CLASS_session_to_be_affected.id_module_sequence = MAQUETTE_module_sequence.id_module_sequence\r\nJOIN `CLASS_session_to_be_affected_as_enseignant` ON `CLASS_session_to_be_affected`.`id_seance_to_be_affected` = `CLASS_session_to_be_affected_as_enseignant`.`id_seance_to_be_affected`\r\nJOIN LNM_seanceType ON LNM_seanceType.id_seance_type = MAQUETTE_module_sequencage.id_seance_type\r\nJOIN LNM_groupe on LNM_groupe.id_groupe = CLASS_session_to_be_affected.id_groupe\r\nJOIN MAQUETTE_module ON MAQUETTE_module.id_module = MAQUETTE_module_sequencage.`id_module`\r\nJOIN LNM_enseignant ON LNM_enseignant.id_enseignant = MAQUETTE_module.id_responsable\r\nWHERE `CLASS_session_to_be_affected_as_enseignant`.`id_enseignant` IS NULL\r\nGROUP BY MAQUETTE_module.code_module, MAQUETTE_module.nom, LNM_enseignant.prenom, LNM_enseignant.nom, LNM_seanceType.type, LNM_groupe.nom_groupe\r\nORDER BY `MAQUETTE_module`.`code_module` ASC;'),
(18, 20, '2 Intervention par module', 'Enseignant', 'SELECT LNM_enseignant.prenom, LNM_enseignant.nom, MAQUETTE_module.code_module, \r\nSUM(case when LNM_seanceType.type = \"CM\" THEN MAQUETTE_module_sequencage.duree_h END) AS \"CM\",\r\nSUM(case when LNM_seanceType.type = \"TD\" THEN MAQUETTE_module_sequencage.duree_h END) AS \"TD\",\r\nSUM(case when LNM_seanceType.type = \"TP\" THEN MAQUETTE_module_sequencage.duree_h END) AS \"TP\"\r\nFROM `MAQUETTE_module` \r\nJOIN MAQUETTE_module_sequencage ON MAQUETTE_module_sequencage.id_module = MAQUETTE_module.id_module\r\nJOIN MAQUETTE_module_sequence ON MAQUETTE_module_sequence.id_module_sequencage = MAQUETTE_module_sequencage.id_module_sequencage\r\nJOIN CLASS_session_to_be_affected ON CLASS_session_to_be_affected.id_module_sequence = MAQUETTE_module_sequence.id_module_sequence\r\nJOIN LNM_groupe ON LNM_groupe.id_groupe = CLASS_session_to_be_affected.id_groupe\r\nJOIN CLASS_session_to_be_affected_as_enseignant ON CLASS_session_to_be_affected_as_enseignant.id_seance_to_be_affected = CLASS_session_to_be_affected.id_seance_to_be_affected\r\nJOIN LNM_enseignant ON LNM_enseignant.id_enseignant = CLASS_session_to_be_affected_as_enseignant.id_enseignant\r\nJOIN LNM_seanceType ON LNM_seanceType.id_seance_type = MAQUETTE_module_sequencage.id_seance_type\r\nWHERE 1\r\nGROUP BY LNM_enseignant.prenom, LNM_enseignant.nom, MAQUETTE_module.code_module \r\nORDER BY `LNM_enseignant`.`nom` DESC;'),
(19, 20, '3 Intervention par groupe', 'Enseignant', 'SELECT LNM_enseignant.prenom, LNM_enseignant.nom, MAQUETTE_module.code_module, LNM_groupe.nom_groupe,\r\nSUM(case when LNM_seanceType.type = \"CM\" THEN MAQUETTE_module_sequencage.duree_h END) AS \"CM\",\r\nSUM(case when LNM_seanceType.type = \"TD\" THEN MAQUETTE_module_sequencage.duree_h END) AS \"TD\",\r\nSUM(case when LNM_seanceType.type = \"TP\" THEN MAQUETTE_module_sequencage.duree_h END) AS \"TP\"\r\nFROM `MAQUETTE_module` \r\nJOIN MAQUETTE_module_sequencage ON MAQUETTE_module_sequencage.id_module = MAQUETTE_module.id_module\r\nJOIN MAQUETTE_module_sequence ON MAQUETTE_module_sequence.id_module_sequencage = MAQUETTE_module_sequencage.id_module_sequencage\r\nJOIN CLASS_session_to_be_affected ON CLASS_session_to_be_affected.id_module_sequence = MAQUETTE_module_sequence.id_module_sequence\r\nJOIN LNM_groupe ON LNM_groupe.id_groupe = CLASS_session_to_be_affected.id_groupe\r\nJOIN CLASS_session_to_be_affected_as_enseignant ON CLASS_session_to_be_affected_as_enseignant.id_seance_to_be_affected = CLASS_session_to_be_affected.id_seance_to_be_affected\r\nJOIN LNM_enseignant ON LNM_enseignant.id_enseignant = CLASS_session_to_be_affected_as_enseignant.id_enseignant\r\nJOIN LNM_seanceType ON LNM_seanceType.id_seance_type = MAQUETTE_module_sequencage.id_seance_type\r\nWHERE 1\r\nGROUP BY LNM_enseignant.prenom, LNM_enseignant.nom, MAQUETTE_module.code_module,  LNM_groupe.nom_groupe\r\nORDER BY LNM_groupe.nom_groupe, `LNM_enseignant`.`nom`;'),
(20, 10, 'Erreur de séquencage', 'Check', 'SELECT \r\n    `MAQUETTE_module`.`code_module`, \r\n    IFNULL(`hCM`,0) + IFNULL(`hTD`,0) + IFNULL(`hTP`,0) + IFNULL(`hTPTD`,0) + IFNULL(`hPROJ`,0) AS `hMCCC`, \r\n    `hCequenced`, \r\n    IFNULL(`hCM`,0) + IFNULL(`hTD`,0) + IFNULL(`hTP`,0) + IFNULL(`hTPTD`,0) + IFNULL(`hPROJ`,0) - `hCequenced` AS `Reste à planifier`\r\nFROM `MAQUETTE_module`\r\nJOIN `LNM_semestre` ON `LNM_semestre`.`id_semestre` = `MAQUETTE_module`.`id_semestre`\r\n  JOIN `MAQUETTE_module_as_learning_unit` ON `MAQUETTE_module_as_learning_unit`.`id_module` = `MAQUETTE_module`.`id_module`\r\n  JOIN `MAQUETTE_learning_unit` ON `MAQUETTE_learning_unit`.`id_learning_unit` = `MAQUETTE_module_as_learning_unit`.`id_learning_unit`\r\n  JOIN `LNM_promo` ON `MAQUETTE_learning_unit`.`id_promo` = `LNM_promo`.`id_promo`\r\n  JOIN `LNM_statut` ON `LNM_statut`.`id_statut` = `LNM_promo`.`id_statut`\r\n  JOIN `LNM_filiere` \r\n       ON `LNM_filiere`.`id_filiere` = `LNM_promo`.`id_filiere`\r\n  JOIN `MAQUETTE_discipline`\r\n       ON `MAQUETTE_discipline`.`id_discipline` = `MAQUETTE_module`.`id_discipline`\r\nJOIN (\r\n    SELECT `code_module`, SUM(`duree_h`) as hCequenced\r\n    FROM `MAQUETTE_module_sequencage` \r\n    JOIN `MAQUETTE_module_sequence` ON `MAQUETTE_module_sequence`.id_module_sequencage = `MAQUETTE_module_sequencage`.id_module_sequencage\r\n    JOIN `MAQUETTE_module` ON `MAQUETTE_module`.`id_module` = `MAQUETTE_module_sequencage`.`id_module`\r\n    GROUP BY `code_module`) sequenced ON  sequenced.`code_module` = `MAQUETTE_module`.`code_module`\r\nWHERE 1;'),
(21, 20, '1 Intervention par CMTDTP', 'Enseignant', 'SELECT LNM_enseignant.prenom, LNM_enseignant.nom, \r\nSUM(case when LNM_seanceType.type = \"CM\" THEN MAQUETTE_module_sequencage.duree_h END) AS \"CM\",\r\nSUM(case when LNM_seanceType.type = \"TD\" THEN MAQUETTE_module_sequencage.duree_h END) AS \"TD\",\r\nSUM(case when LNM_seanceType.type = \"TP\" THEN MAQUETTE_module_sequencage.duree_h END) AS \"TP\"\r\nFROM `MAQUETTE_module` \r\nJOIN MAQUETTE_module_sequencage ON MAQUETTE_module_sequencage.id_module = MAQUETTE_module.id_module\r\nJOIN MAQUETTE_module_sequence ON MAQUETTE_module_sequence.id_module_sequencage = MAQUETTE_module_sequencage.id_module_sequencage\r\nJOIN CLASS_session_to_be_affected ON CLASS_session_to_be_affected.id_module_sequence = MAQUETTE_module_sequence.id_module_sequence\r\nJOIN LNM_groupe ON LNM_groupe.id_groupe = CLASS_session_to_be_affected.id_groupe\r\nJOIN CLASS_session_to_be_affected_as_enseignant ON CLASS_session_to_be_affected_as_enseignant.id_seance_to_be_affected = CLASS_session_to_be_affected.id_seance_to_be_affected\r\nJOIN LNM_enseignant ON LNM_enseignant.id_enseignant = CLASS_session_to_be_affected_as_enseignant.id_enseignant\r\nJOIN LNM_seanceType ON LNM_seanceType.id_seance_type = MAQUETTE_module_sequencage.id_seance_type\r\nWHERE 1\r\nGROUP BY LNM_enseignant.prenom, LNM_enseignant.nom\r\nORDER BY `LNM_enseignant`.`nom` DESC;'),
(22, 20, '0 Intervention : Charge', 'Enseignant', 'SELECT LNM_enseignant.prenom, LNM_enseignant.nom, \r\nSUM(\r\nCASE \r\nWHEN LNM_seanceType.type = \"CM\" THEN MAQUETTE_module_sequencage.duree_h \r\nWHEN LNM_seanceType.type = \"TD\" THEN MAQUETTE_module_sequencage.duree_h\r\nWHEN LNM_seanceType.type = \"TP\" THEN MAQUETTE_module_sequencage.duree_h \r\nEND) AS \"Charge\"\r\nFROM `MAQUETTE_module` \r\nJOIN MAQUETTE_module_sequencage ON MAQUETTE_module_sequencage.id_module = MAQUETTE_module.id_module\r\nJOIN MAQUETTE_module_sequence ON MAQUETTE_module_sequence.id_module_sequencage = MAQUETTE_module_sequencage.id_module_sequencage\r\nJOIN CLASS_session_to_be_affected ON CLASS_session_to_be_affected.id_module_sequence = MAQUETTE_module_sequence.id_module_sequence\r\nJOIN LNM_groupe ON LNM_groupe.id_groupe = CLASS_session_to_be_affected.id_groupe\r\nJOIN CLASS_session_to_be_affected_as_enseignant ON CLASS_session_to_be_affected_as_enseignant.id_seance_to_be_affected = CLASS_session_to_be_affected.id_seance_to_be_affected\r\nJOIN LNM_enseignant ON LNM_enseignant.id_enseignant = CLASS_session_to_be_affected_as_enseignant.id_enseignant\r\nJOIN LNM_seanceType ON LNM_seanceType.id_seance_type = MAQUETTE_module_sequencage.id_seance_type\r\nWHERE 1\r\nGROUP BY LNM_enseignant.prenom, LNM_enseignant.nom\r\nORDER BY `LNM_enseignant`.`nom` DESC;'),
(23, 10, 'Enseignant sans cours', 'Check', 'SELECT `LNM_enseignant`.* \r\nFROM `LNM_enseignant` \r\nLEFT JOIN CLASS_session_to_be_affected_as_enseignant ON CLASS_session_to_be_affected_as_enseignant.id_enseignant = LNM_enseignant.id_enseignant\r\nWHERE CLASS_session_to_be_affected_as_enseignant.id_enseignant IS NUll;'),
(24, 10, 'Erreur de nombre de séquences', 'Check', 'SELECT MAQUETTE_module.code_module, LNM_seanceType.type, LNM_groupe_type.groupe_type, max(MAQUETTE_module_sequencage.nombre) - count(`MAQUETTE_module_sequence`.`numero_ordre`) \r\nFROM `MAQUETTE_module_sequence` \r\nJOIN MAQUETTE_module_sequencage ON MAQUETTE_module_sequencage.id_module_sequencage = MAQUETTE_module_sequence.id_module_sequencage\r\nJOIN MAQUETTE_module ON MAQUETTE_module.id_module = MAQUETTE_module_sequencage.id_module\r\nJOIN LNM_seanceType ON LNM_seanceType.id_seance_type = MAQUETTE_module_sequencage.id_seance_type\r\nJOIN LNM_groupe_type ON LNM_groupe_type.id_groupe_type = MAQUETTE_module_sequencage.id_groupe_type\r\nWHERE 1\r\nGROUP BY MAQUETTE_module.code_module, LNM_seanceType.type, LNM_groupe_type.groupe_type  \r\nHAVING max(MAQUETTE_module_sequencage.nombre) - count(`MAQUETTE_module_sequence`.`numero_ordre`) != 0;');

--
-- Déchargement des données de la table `VIEW_parameters_of_views`
--

INSERT INTO `VIEW_parameters_of_views` (`id_parameters_of_views`, `userId`, `sessionId`, `id_semestre`, `id_module`, `id_discipline`, `id_enseignant`, `id_filiere`, `id_statut`) VALUES
(1, NULL, 'e583ca905ac5bcc21b8f015172c71ed2', NULL, NULL, NULL, NULL, NULL, NULL),
(50, NULL, '7278073a646f5118a9d6e401d0cd967d', 5, NULL, 1, NULL, NULL, NULL),
(59, NULL, '0cab77029919bd30cc6d53187714a891', 5, NULL, NULL, NULL, NULL, NULL),
(64, 18, '99f769ebef3146fdf75accaaf16d73a5', NULL, NULL, NULL, NULL, NULL, NULL),
(65, 18, 'b9f2daf8346b6d2e933c368c4c5fc1bb', NULL, NULL, NULL, NULL, NULL, NULL),
(66, 18, 'ccb0e62cc099bf873e68a9f637263c2f', NULL, NULL, NULL, NULL, NULL, NULL),
(67, 18, '14db8a0e998b7d0a7f152a172acd21a0', NULL, NULL, NULL, NULL, NULL, NULL),
(68, 18, '371e6af6f1545e936a07598abe63dae3', NULL, NULL, NULL, NULL, NULL, NULL),
(69, 18, '2aa8482f0f8ba0f5c76533962dcc5c16', NULL, NULL, NULL, NULL, NULL, NULL),
(70, 18, '282606f031dd1e2c97b00a4b8e9a48e4', NULL, NULL, NULL, NULL, NULL, NULL),
(71, 18, '0ed917a1af350a1ebeb3f35815caa590', NULL, NULL, NULL, NULL, NULL, NULL),
(73, 18, '5d6fa60ca6a365aff075dfee678324bf', NULL, NULL, NULL, NULL, NULL, NULL),
(74, 18, '701deec9aaad0a761d38e249b93ae304', NULL, NULL, NULL, NULL, NULL, NULL),
(76, 18, '426f5eab59b010fd113a561cebc6d1d5', NULL, NULL, NULL, NULL, NULL, NULL),
(78, 18, 'c7fd9f7c3d66b92ca7576b41e4e333e1', NULL, NULL, NULL, NULL, NULL, NULL),
(80, NULL, '0e6886fe6560dd235b9f5e7bf232b24c', NULL, 13, NULL, NULL, NULL, NULL),
(83, 18, '683ffacb923ad1c7022b0526162268cf', NULL, NULL, NULL, NULL, NULL, NULL),
(84, 18, '7ea7667ad9bedcb53b58d4929890f889', NULL, NULL, NULL, NULL, NULL, NULL),
(85, 18, '7099bae9e1850ec5118c90cdbdaa7850', NULL, NULL, NULL, NULL, NULL, NULL),
(87, 18, '53c865f5c1e4da8fbc2eccb6d9d7b0e4', NULL, NULL, NULL, NULL, NULL, NULL),
(88, 18, 'e89c706646a580606e80ab8b6cd19a36', NULL, NULL, NULL, NULL, NULL, NULL),
(90, NULL, 'd4b266aea096a5bdb4dfd6c03908332b', 3, 36, NULL, NULL, NULL, NULL),
(91, NULL, 'f27d8ef738a055021070e3a520905884', NULL, NULL, NULL, NULL, NULL, NULL),
(92, NULL, 'a1974918bccf1c6c30de91f30ed72f01', NULL, NULL, NULL, NULL, NULL, NULL),
(93, NULL, 'f22d6f023637d39a7301d1dc510ed3cd', 7, 52, 1, 8, NULL, NULL),
(104, 18, 'f9a414ed304804aed956cdca57a6454f', NULL, NULL, NULL, NULL, NULL, NULL),
(106, NULL, 'd83ee67ffbcaf221e93d3545ac6a0c7d', 4, 75, 1, 6, NULL, NULL),
(110, 6, '6e1c85653f5df890c10003af1daa68ec', 5, 43, 1, 6, NULL, NULL),
(115, 18, '4a92104cd6f81165038309fdf9f53a21', NULL, 45, NULL, NULL, NULL, NULL),
(117, NULL, 'abd79d5b65bca7192654c7213de7c0b2', NULL, NULL, NULL, NULL, NULL, NULL),
(121, 18, '9c632f076b892f271e327da67b2e3e11', NULL, 44, NULL, NULL, NULL, NULL),
(123, NULL, 'fa7c77b078eb390a9cc20b6b8b8ada72', 6, 74, 1, 17, NULL, NULL),
(129, NULL, 'a39e82a91f7e890c07f85aff7ba6c30b', NULL, 13, NULL, NULL, NULL, NULL),
(130, 17, '0d26a3937be43a94fba4f7d8b46264f3', NULL, NULL, NULL, NULL, NULL, NULL),
(131, NULL, '11904daf49384aa94d223b15e6e13f4c', 6, NULL, 1, 15, NULL, NULL),
(135, 15, '024e9a2f96c3780f72fe0921c7ea8414', 6, 46, NULL, NULL, NULL, NULL),
(137, NULL, 'd0d0c83b25088dc264d59ddd8dd16bea', NULL, NULL, NULL, NULL, NULL, NULL),
(138, 15, '3eab1e3794dba24404e2a33f1bb1c58d', NULL, NULL, NULL, NULL, NULL, NULL),
(139, NULL, '721b5ad47529fbe79a587a08580cacc7', NULL, NULL, NULL, NULL, NULL, NULL),
(211, NULL, 'cbc0eaf907ab296857e9cb4cfbfea49d', 6, NULL, NULL, NULL, NULL, NULL),
(228, NULL, '9c77cd80084392d4f3a9cb16fa38dc10', NULL, NULL, NULL, NULL, NULL, NULL),
(229, NULL, 'af4ed4403c88f17b33959f5ea2d04244', NULL, NULL, NULL, NULL, NULL, NULL),
(230, 12, 'e50240ba41bd00b776a162fdf4312a96', NULL, NULL, NULL, 12, NULL, NULL),
(245, 12, 'c9ff5f29325d2017ed299c02d52ecde6', NULL, NULL, NULL, NULL, NULL, NULL),
(249, NULL, '619115a6a866f343aa42c9c4a9338975', 5, NULL, 1, NULL, NULL, NULL),
(277, 18, 'e50fa140800e62086224b36aee7c27c4', 5, NULL, 1, NULL, NULL, NULL),
(283, 18, '4fa32ce018c9175cadd5ba42e4418488', 5, NULL, NULL, NULL, NULL, NULL),
(288, NULL, '557b9d495b23d804a62c61617fab131d', NULL, NULL, NULL, NULL, NULL, NULL),
(289, 18, '93c36147101e55dd9491ea8815ba10a7', NULL, NULL, NULL, NULL, NULL, NULL),
(290, 18, 'e262460d11d07c11f585f9d38fa789d9', NULL, NULL, NULL, NULL, NULL, NULL),
(291, NULL, 'e48a4507dba65df82659a5e319cb1269', NULL, NULL, NULL, NULL, NULL, NULL),
(292, 18, '01ce4d8dff66d6f38f3b2445f1ca0597', 5, NULL, NULL, NULL, NULL, NULL),
(294, 18, '2ed3f041baa05a1f06603ea6e984e573', NULL, NULL, NULL, NULL, NULL, NULL),
(295, 18, 'aa1514c33da864b9fa2974993ec869ae', 5, NULL, NULL, NULL, NULL, NULL),
(299, NULL, 'bd723785b5f4bb5841611ae002027bf5', NULL, NULL, NULL, NULL, NULL, NULL),
(300, 18, '7484ed3b50506a638353f9ca5a0d17c4', 5, NULL, NULL, NULL, NULL, NULL),
(303, NULL, 'd7671df0fcf8a710cd24f6df15da3281', NULL, 179, NULL, 18, NULL, NULL),
(305, 18, '15df04e4a22973d12be1229cc1c62dfd', 5, NULL, NULL, NULL, NULL, NULL),
(308, NULL, '75d1e93a2efdfdda85f5363d97b705d2', 5, NULL, NULL, NULL, NULL, 2),
(318, NULL, 'ecc5b6547b647225f207a9a9957ffbe6', 5, NULL, NULL, NULL, NULL, 1),
(320, NULL, '83a7887090df0ce04f8aaf8bf890eca2', NULL, NULL, NULL, NULL, NULL, NULL),
(323, NULL, 'b7b98fc2d0ed494066af23235711c473', 5, NULL, NULL, 18, NULL, 1),
(331, NULL, 'a55cf5c42090495003997ee9e47053e4', NULL, NULL, NULL, NULL, NULL, NULL),
(333, 12, 'd2c165e93a5e846270153aa098178356', NULL, NULL, NULL, NULL, NULL, 2),
(342, NULL, '57484b69b1fb46865741722bc1660f59', NULL, NULL, NULL, NULL, NULL, 3),
(346, 12, 'c3170896dcc956202764121dcab9c906', NULL, NULL, NULL, NULL, NULL, 1),
(352, NULL, '0c4e493ff2d834ee62530fbd6da8c8da', NULL, NULL, NULL, NULL, NULL, NULL),
(353, NULL, '88506094cd12cdbe7d911681dcdd83fb', 5, NULL, NULL, NULL, NULL, 3),
(386, NULL, 'f053be83d8309fd67e2c5c19296ac8fc', NULL, NULL, NULL, NULL, NULL, NULL),
(387, NULL, 'ba0280f6de42e619f783472ffbc3f167', 6, NULL, NULL, NULL, NULL, 1),
(479, NULL, '6dbc5719c4ab229e4c2467f9f53918d0', NULL, NULL, NULL, NULL, NULL, NULL),
(480, 15, 'a8f7a440152b7b1d0a03d95213312016', 6, NULL, NULL, NULL, NULL, 3),
(562, NULL, '37a8db0ff9866559c34bc6080ca92152', NULL, NULL, NULL, NULL, NULL, NULL),
(563, 15, '12c81cadd31c65923023fe7560d13f42', NULL, NULL, NULL, NULL, NULL, 3),
(617, NULL, '526be17b9c4193499e2738b99f249a88', 5, NULL, NULL, NULL, NULL, NULL),
(634, 18, 'dba01021d5062757ad21972ea1ecc65c', 5, NULL, NULL, NULL, NULL, NULL),
(636, NULL, 'b3c0501a24c40451a27a115596a8ff63', NULL, NULL, NULL, NULL, NULL, NULL),
(637, 14, '839d591b34ad49fbde7b67271a1b6e11', 7, 55, 1, NULL, NULL, NULL),
(642, NULL, '69ef9449b3426dd452cec7953bccc87c', NULL, NULL, NULL, NULL, NULL, NULL),
(643, 14, '5fda40ada66dfb334ec35c8e474157b6', 7, 55, NULL, NULL, NULL, NULL),
(648, NULL, 'd081665957e1ee4101ecc2ae3fd24d95', NULL, NULL, NULL, NULL, NULL, 3),
(659, 18, 'a4a47757bbccef35bee716a6af54d234', 5, NULL, NULL, NULL, NULL, 1),
(663, 18, 'aa02a2677aa219c42076a12b63747daf', 5, NULL, NULL, NULL, NULL, 1),
(668, 18, '5235292f6fa521dc6e7a32fe4b1da52f', NULL, NULL, NULL, NULL, NULL, NULL),
(669, 18, '8ac0700444b959c2a92a8a17ed52f888', 5, NULL, NULL, NULL, NULL, 1),
(673, NULL, '3c60d7160ec441e70e5f139620b1b1a2', 9, NULL, NULL, NULL, NULL, 3),
(677, NULL, 'b1a1cfe191e29809f355bc619d282625', 9, NULL, NULL, NULL, NULL, 1),
(701, 18, '654020d702c70faaafcd2bcee0f4e1a0', NULL, NULL, NULL, NULL, NULL, NULL),
(703, 18, 'f0b2004dae1ca1209ef98fa4e46220db', NULL, NULL, NULL, NULL, NULL, NULL),
(704, NULL, 'a13c2a7d9ee34e08e2d50c9ef7c5b491', NULL, NULL, NULL, NULL, NULL, NULL),
(705, 18, '20389f6309ec3bf3c9413a3364517ff0', NULL, NULL, NULL, NULL, NULL, NULL),
(706, NULL, '605cea2e7b88f134a70198ad4b0a8367', NULL, NULL, NULL, NULL, NULL, NULL),
(707, NULL, 'e8f44ddf2a1aeb271f535c3a417a258a', NULL, NULL, NULL, NULL, NULL, NULL),
(708, 18, 'e5ef02135ebc1df78e00455b423c90f9', NULL, 12, NULL, NULL, NULL, NULL),
(710, 18, '56ada8a1f4aad55779317c23674b229d', NULL, 12, NULL, NULL, NULL, NULL),
(713, NULL, '577f4e019293d85abc8be812e980de8d', NULL, NULL, NULL, NULL, NULL, NULL),
(714, 18, 'f55ed1f4bb11520a7d9fe64e382f32a6', NULL, 12, NULL, NULL, NULL, NULL),
(715, NULL, '4f02183c5b78df5c9de5ee7515c33bec', NULL, NULL, NULL, NULL, NULL, NULL),
(716, 18, '8a90d2c35ea8464262099c35d522d08d', NULL, 13, NULL, NULL, NULL, NULL),
(720, NULL, 'e797f2d099344d3ac537fd7aac64b4a1', NULL, NULL, NULL, NULL, NULL, NULL),
(721, NULL, '5a37745cb1a1013333d9b61ff97867ec', NULL, NULL, NULL, NULL, NULL, NULL),
(722, 18, 'de424ed784cd742578fd14bee233167d', NULL, 12, NULL, NULL, NULL, NULL),
(726, NULL, 'f859fb7f4cdfd9eae29c4d75c657ba04', NULL, NULL, NULL, NULL, NULL, NULL),
(730, NULL, '2e84e4b3cd7626a24d86d026473be176', NULL, NULL, NULL, NULL, NULL, NULL),
(734, 18, '9f381b4d0e45e0b8cf97494deee192cf', NULL, 13, NULL, NULL, NULL, NULL),
(737, 18, '0fab937e441ffdd3bbc3fedda22fae6d', NULL, 13, NULL, NULL, NULL, NULL),
(739, NULL, '99ee73187a96fdf3363593979fc47eb2', NULL, NULL, NULL, NULL, NULL, NULL),
(740, 18, 'ad16c61893fb5a1d65325164fdf0ff42', NULL, 13, NULL, NULL, NULL, NULL),
(742, NULL, '2f37bbb7bc375a6fd100c3bc9f63ea93', NULL, NULL, NULL, NULL, NULL, NULL),
(743, NULL, '452f20c1d470739b34ec67861d3d2c93', NULL, NULL, NULL, NULL, NULL, NULL),
(744, 18, '5bd9233113ca437eda96f1c743a52e7e', NULL, 13, NULL, NULL, NULL, NULL),
(746, 18, 'a0ec6b7e511f1221536fb8f84da19681', NULL, 13, NULL, NULL, NULL, NULL),
(748, NULL, 'ddba51632ed1a67c056d7988bf27e376', NULL, NULL, NULL, NULL, NULL, NULL),
(749, 18, '67aeb1c41e55697bbf59cdc93b7e0050', NULL, 45, NULL, NULL, NULL, NULL),
(752, NULL, '6e4de7d4300782be173e0468a72cee9c', NULL, NULL, NULL, NULL, NULL, NULL),
(753, NULL, 'aa3e250a1e6bca0e080d7ccfde4ede4a', 1, NULL, NULL, NULL, NULL, NULL),
(761, NULL, '1c38b8ab86716a7f90d844fd42b827ba', NULL, NULL, NULL, NULL, NULL, NULL),
(762, 18, 'c45cfd05133e6e1632becf1ea2ea8501', NULL, 1, NULL, NULL, NULL, NULL),
(764, NULL, '625a1b5c74dbc398d3aaa0d79f698d32', NULL, NULL, NULL, NULL, NULL, NULL),
(765, 18, 'fec434f582ce9ec8a7489d7a829127cd', NULL, 1, NULL, NULL, NULL, NULL),
(767, NULL, '53caee51d16fc28ed166e91ca4ec76a4', NULL, NULL, NULL, NULL, NULL, NULL),
(768, 18, 'b3fc626836f69e9a9464a547f50b7cc0', NULL, 75, NULL, NULL, NULL, NULL),
(779, NULL, '59d984f3505389429c66a67901f31266', NULL, NULL, NULL, NULL, NULL, NULL),
(782, NULL, 'e68f387cf63126c43f146d811edba9c7', NULL, NULL, NULL, NULL, NULL, NULL),
(785, 18, 'ff9edb0038dc4d341b9f050a4a3534e8', 3, NULL, NULL, NULL, NULL, NULL),
(788, NULL, 'e36c76afcbf33d110fac6a92448c0986', NULL, NULL, NULL, NULL, NULL, NULL),
(789, 18, 'c705b2fc12f18bd3c37f34b869e71f12', 3, 36, NULL, NULL, NULL, NULL),
(792, NULL, '6616b239a938707c102f0d5f9db16193', NULL, NULL, NULL, NULL, NULL, NULL),
(793, 18, '96e8e582d74246522bfba4ef564349de', NULL, 36, NULL, NULL, NULL, NULL),
(795, NULL, '07c7832aa60bdf649f7ae4e42a40644c', NULL, NULL, NULL, NULL, NULL, NULL),
(796, 18, 'a5ee9cfa54d9df13e7ab8d3cc07c0125', 1, NULL, NULL, NULL, NULL, NULL),
(800, NULL, '1f51ca2f46d2074fe0aec1004bee1d8d', NULL, NULL, NULL, NULL, NULL, NULL),
(801, 18, 'de6070b4b6503147b62d3c7f05c95b00', 3, NULL, NULL, NULL, NULL, NULL),
(804, NULL, 'b3c78163aea6cafef40036fdc20d92df', NULL, NULL, NULL, NULL, NULL, NULL),
(805, 18, 'fded57c2b628204e18baddde84c6ae39', NULL, NULL, NULL, NULL, NULL, NULL),
(811, NULL, 'bd0c69def0b9e1b7159c1a710dae0667', NULL, NULL, NULL, NULL, NULL, NULL),
(816, NULL, '2ff491bae6953e4237999cb9e864e610', NULL, NULL, NULL, NULL, NULL, NULL),
(817, 18, '26d0a65db21fdb739d8a8e3bdab29fad', 5, 43, NULL, NULL, NULL, NULL),
(820, NULL, '9803dc20c22efb55a8155a26e3aa9851', NULL, NULL, NULL, NULL, NULL, NULL),
(821, 18, 'fb775ec90d0b1c0b7a7259c7447c68ad', NULL, 43, NULL, NULL, NULL, NULL),
(824, NULL, '53d1adbfad6ce65c2f776866036cf16f', NULL, NULL, NULL, NULL, NULL, NULL),
(825, 18, 'a62b5cd7cfb1df2e86e1747a0e4831f6', NULL, 43, NULL, NULL, NULL, NULL),
(828, NULL, '45508f3d4d5d20f8d6e5b35a2e27200a', NULL, NULL, NULL, NULL, NULL, NULL),
(829, 18, '461294b15d44dcebf9edc849f6c6eb28', 5, 45, NULL, NULL, NULL, 1),
(839, NULL, '7317d085bbbfd6d92b95b05bc721d11c', NULL, NULL, NULL, NULL, NULL, NULL),
(840, NULL, '9234c578145ed809764eb09ab5d6766d', NULL, NULL, NULL, NULL, NULL, NULL),
(841, 18, 'c155a706c9a0a92b6f0de8ad0d0ff997', NULL, 13, NULL, NULL, NULL, NULL),
(849, NULL, 'a5c5a6df7e3fae8fcaac9d4aca7358a0', NULL, NULL, NULL, NULL, NULL, NULL),
(850, 18, '937a0776378db1e148787a477b24ca50', NULL, 13, NULL, NULL, NULL, NULL),
(852, NULL, '9b5a9b82ed29bde2883c4a61f483388c', NULL, NULL, NULL, NULL, NULL, NULL),
(853, 18, 'e4ab480f21f3ec4e2abbaaf37dda7110', NULL, 12, NULL, NULL, NULL, NULL),
(862, NULL, '4a1e51535ea94e3ab7eba63d5916db06', 5, 12, NULL, NULL, NULL, NULL),
(864, NULL, '4f091218052216a2b45086c271c06d24', NULL, NULL, NULL, NULL, NULL, NULL),
(865, 18, '41abd59d268d098b4c53c40605f4aab8', NULL, 1, NULL, NULL, NULL, NULL),
(870, NULL, 'a4aeced0ca6705955a18a6aef6663c40', NULL, NULL, NULL, NULL, NULL, NULL),
(871, 18, '7d89b34580b44331029c4eaa3104e4e4', NULL, 12, NULL, NULL, NULL, NULL),
(877, NULL, '03246ddc1e3a085c0771cfb0132133cb', NULL, NULL, NULL, 18, NULL, NULL),
(878, NULL, '1d46ec259f2f297d16352ebce8418b3d', NULL, NULL, NULL, NULL, NULL, NULL),
(879, NULL, '71f52ac7b03c09296b1a957978644f01', NULL, 13, NULL, NULL, NULL, NULL),
(883, 14, 'c806685e475f2c570093ff630aff8f46', NULL, NULL, NULL, NULL, NULL, NULL),
(901, NULL, 'd5629d5a4f3aa6251cf1d3ed467693e9', NULL, NULL, NULL, NULL, NULL, NULL),
(902, NULL, 'bd5cb1d39e3b7c023d307418a35a102b', NULL, NULL, NULL, NULL, NULL, NULL),
(903, NULL, '27f4ab7838513e5bf838702a28a60a26', NULL, NULL, NULL, 17, NULL, NULL),
(906, NULL, '0f2358ae42554eef26ee27ffafbe7472', NULL, NULL, NULL, NULL, NULL, NULL),
(907, NULL, '1698de443a8f7224252430437a8ca7c7', NULL, NULL, NULL, NULL, NULL, NULL),
(908, NULL, '8c3165165d7bc4787b5aa18a00a6c968', NULL, NULL, NULL, NULL, NULL, NULL),
(912, NULL, 'b255b04c878e3970b00a94c245a52e6e', NULL, NULL, NULL, NULL, NULL, NULL),
(920, NULL, 'c7248ca1e4213fed2ae318386c560e94', NULL, NULL, NULL, 9, NULL, NULL),
(924, NULL, '34160ed9e324bff07f820a1eaefad9e5', NULL, NULL, NULL, NULL, NULL, NULL),
(938, 18, 'b07076a315def56c9653e9bfbddbd211', NULL, 12, NULL, NULL, NULL, NULL),
(942, NULL, '5214c5068607abdd9913b8ac21e5d67d', NULL, NULL, NULL, NULL, NULL, NULL),
(943, 18, '719fc84b57c50f78e923a5c9d9b9f42e', NULL, 179, NULL, NULL, NULL, NULL),
(952, NULL, 'bc85102d319892d4cda6017ba3b4c0f4', NULL, NULL, NULL, NULL, NULL, NULL),
(953, 18, 'cd6b7fad0909b387ca19344371f1e62c', NULL, 13, NULL, NULL, NULL, NULL),
(956, NULL, 'c5d15c32f31c421236fe13dc796c8f44', NULL, NULL, NULL, 30, NULL, NULL),
(964, 18, '81c316a0e3f8ae8a5b07c5b66e2dc489', NULL, 179, NULL, NULL, NULL, NULL),
(966, NULL, '3117f85886d126de78326ad773cfbf4f', NULL, NULL, NULL, NULL, NULL, NULL),
(967, 18, '68cf6921a1bd26d7b3730c4e37539672', NULL, NULL, NULL, 65, NULL, NULL),
(979, NULL, '63a6387a531e8c1b69ac444ddd6d4d2d', NULL, NULL, NULL, NULL, NULL, NULL),
(980, NULL, 'cfcf57a1971d1f7ae6ef7f093a46e277', NULL, 20, NULL, NULL, NULL, NULL),
(982, 18, '678926c2da4dfc342b6402394bd5010c', NULL, 20, NULL, NULL, NULL, NULL),
(984, 18, '211d55d0a9bb4cba0f200f8a91725250', NULL, NULL, NULL, 18, NULL, NULL),
(1006, NULL, '6d65e0969209a02a30eb3919e3b9fd62', NULL, NULL, NULL, 65, NULL, NULL),
(1008, 18, 'cf25c947543f235efcaa31ffa3954bfb', NULL, NULL, NULL, 65, NULL, NULL),
(1017, NULL, '499b7fe6fbce15c876b1f5782e5f0aad', NULL, NULL, NULL, NULL, NULL, NULL),
(1018, NULL, 'e2b2c80e2f776999bb882b6719c3519c', NULL, NULL, NULL, NULL, NULL, NULL),
(1019, NULL, '5fc8fbe1f3e1a1e230cc71eeb8bcc5dd', NULL, NULL, NULL, NULL, NULL, NULL),
(1023, NULL, 'ca25124786b803a8c2e7929923ec863f', NULL, NULL, NULL, NULL, 3, NULL),
(1034, 18, '4b595f19412b10e6884953dbf9e28a51', NULL, 13, NULL, NULL, NULL, NULL),
(1036, NULL, '6443c0cb3d1b737daa1b475dbfeab2b7', NULL, NULL, NULL, NULL, NULL, NULL),
(1037, NULL, '76b92b6a49cdcf8150e47a31716235ce', NULL, 42, NULL, NULL, NULL, NULL),
(1045, 18, '9120c61aa64a69794c5044b061a53eb4', NULL, 45, NULL, NULL, NULL, NULL),
(1050, NULL, 'd0ce17e9b4d1c3fa0827d98d765dde14', NULL, NULL, NULL, NULL, NULL, NULL),
(1051, 18, '879c9d7e3cc1d84eaf8ce4b8b280907d', NULL, 45, NULL, NULL, NULL, NULL),
(1056, NULL, '5c16d51ee35de6915b1ad2ef623ef1e8', NULL, NULL, NULL, 28, NULL, NULL),
(1061, 18, '979ee95c95a47b1ad2b2342cba2e7f92', NULL, 51, NULL, NULL, NULL, NULL),
(1063, NULL, 'd75878b02bd9b8561d384116b72fd65a', NULL, NULL, NULL, NULL, NULL, NULL),
(1064, 18, '7de9975925a4a50df5b40d8076ad67fd', NULL, 51, NULL, NULL, NULL, NULL),
(1068, NULL, 'f5ffdfc5d1fad246b3a795030794c475', NULL, NULL, NULL, NULL, NULL, NULL),
(1069, 18, '5c79ea74a9a4df0335305d725b0af19e', NULL, NULL, NULL, 28, NULL, NULL),
(1074, NULL, '111e2790d3b11472cad38b16c4da98f7', NULL, NULL, NULL, NULL, NULL, NULL),
(1075, NULL, '4ec9f9d2a37cc3080dc9fe322aff7631', NULL, 13, NULL, NULL, NULL, NULL),
(1077, 18, 'f91a5cba8cb2987d722efe42cf61c2b9', NULL, NULL, NULL, NULL, NULL, NULL),
(1078, NULL, '66200d09ad651360a937211ba81c66e5', NULL, NULL, NULL, NULL, NULL, NULL),
(1079, 18, 'c14bd413ebdf9d7a2ecc0cd042e4b044', NULL, 13, NULL, NULL, NULL, NULL),
(1081, NULL, '7359588b5dd96fe98731c8060718745b', NULL, 13, NULL, NULL, NULL, NULL),
(1083, 18, '245d2de32ba6f792fd8d7de9bbc5618f', NULL, 13, NULL, NULL, NULL, NULL),
(1087, NULL, '8c6b371e85b482f793acdb89f476ce5c', NULL, 45, NULL, NULL, NULL, NULL),
(1126, 18, '57e93597e0ef8a3e3455f177d578549f', NULL, 13, NULL, NULL, NULL, NULL),
(1135, NULL, '9ece4f0e873d914e4b20d285aac01abb', 5, NULL, NULL, NULL, NULL, NULL),
(1137, NULL, 'fd63d39cbda029346e2ff2f93db45fb7', NULL, NULL, NULL, NULL, NULL, NULL);

--
-- Déchargement des données de la table `VIEW_updatable`
--

INSERT INTO `VIEW_updatable` (`id_updatable`, `sortIndex`, `table_name`, `table_name_displayed`, `group_of_views`, `allow_insert`, `allow_update`, `request`) VALUES
(1, 1, 'MAQUETTE_module', 'Modules', 'Module', 1, 1, 'SELECT DISTINCT MAQUETTE_module.* \r\nFROM MAQUETTE_module\r\nJOIN MAQUETTE_discipline ON MAQUETTE_discipline.id_discipline=MAQUETTE_module.id_discipline\r\nJOIN LNM_semestre ON LNM_semestre.id_semestre=MAQUETTE_module.id_semestre\r\n\r\n  JOIN MAQUETTE_module_as_learning_unit ON MAQUETTE_module_as_learning_unit.id_module = MAQUETTE_module.id_module\r\n  JOIN MAQUETTE_learning_unit ON MAQUETTE_learning_unit.id_learning_unit = MAQUETTE_module_as_learning_unit.id_learning_unit\r\n  JOIN LNM_promo ON MAQUETTE_learning_unit.id_promo = LNM_promo.id_promo\r\n\r\nJOIN LNM_statut ON LNM_statut.id_statut = LNM_promo.id_statut\r\nJOIN LNM_filiere ON LNM_filiere.id_filiere = LNM_promo.id_filiere\r\nWHERE 1;'),
(2, 2, 'MAQUETTE_module_sequencage', 'Séquencages', 'Module', 1, 1, 'SELECT DISTINCT `MAQUETTE_module_sequencage`.* \r\nFROM `MAQUETTE_module_sequencage` \r\nJOIN MAQUETTE_module ON MAQUETTE_module.id_module=MAQUETTE_module_sequencage.id_module\r\nJOIN MAQUETTE_discipline ON MAQUETTE_discipline.id_discipline=MAQUETTE_module.id_discipline\r\nJOIN LNM_semestre ON LNM_semestre.id_semestre=MAQUETTE_module.id_semestre\r\n\r\n  JOIN MAQUETTE_module_as_learning_unit ON MAQUETTE_module_as_learning_unit.id_module = MAQUETTE_module.id_module\r\n  JOIN MAQUETTE_learning_unit ON MAQUETTE_learning_unit.id_learning_unit = MAQUETTE_module_as_learning_unit.id_learning_unit\r\n  JOIN LNM_promo ON MAQUETTE_learning_unit.id_promo = LNM_promo.id_promo\r\n\r\nJOIN LNM_statut ON LNM_statut.id_statut = LNM_promo.id_statut\r\nJOIN LNM_filiere ON LNM_filiere.id_filiere = LNM_promo.id_filiere\r\nWHERE 1;'),
(3, 3, 'MAQUETTE_dependance_sequence', 'Dépendances séquences', 'Module', 1, 1, 'SELECT `MAQUETTE_dependance_sequence`.* \r\nFROM `MAQUETTE_dependance_sequence` \r\nJOIN MAQUETTE_module_sequence ON MAQUETTE_module_sequence.id_module_sequence = MAQUETTE_dependance_sequence.id_sequence_prev \r\n\r\nJOIN MAQUETTE_module_sequencage ON MAQUETTE_module_sequencage.id_module_sequencage = MAQUETTE_module_sequence.id_module_sequencage\r\n\r\nJOIN MAQUETTE_module ON MAQUETTE_module.id_module=MAQUETTE_module_sequencage.id_module \r\nJOIN MAQUETTE_discipline ON MAQUETTE_discipline.id_discipline=MAQUETTE_module.id_discipline \r\nJOIN LNM_semestre ON LNM_semestre.id_semestre=MAQUETTE_module.id_semestre \r\nJOIN MAQUETTE_module_as_learning_unit ON MAQUETTE_module_as_learning_unit.id_module = MAQUETTE_module.id_module \r\nJOIN MAQUETTE_learning_unit ON MAQUETTE_learning_unit.id_learning_unit = MAQUETTE_module_as_learning_unit.id_learning_unit \r\nJOIN LNM_promo ON MAQUETTE_learning_unit.id_promo = LNM_promo.id_promo \r\nJOIN LNM_statut ON LNM_statut.id_statut = LNM_promo.id_statut \r\nJOIN LNM_filiere ON LNM_filiere.id_filiere = LNM_promo.id_filiere \r\nWHERE 1;'),
(4, 4, 'MAQUETTE_module_as_learning_unit', 'Afectation Module UE', 'Module', 1, 1, 'SELECT MAQUETTE_module_as_learning_unit.* \r\nFROM MAQUETTE_module_as_learning_unit\r\nJOIN MAQUETTE_module ON MAQUETTE_module.id_module = MAQUETTE_module_as_learning_unit.id_module\r\nJOIN MAQUETTE_discipline ON MAQUETTE_discipline.id_discipline = MAQUETTE_module.id_discipline\r\nJOIN LNM_semestre ON LNM_semestre.id_semestre = MAQUETTE_module.id_semestre\r\n JOIN MAQUETTE_learning_unit ON MAQUETTE_learning_unit.id_learning_unit = MAQUETTE_module_as_learning_unit.id_learning_unit\r\nJOIN LNM_promo ON MAQUETTE_learning_unit.id_promo = LNM_promo.id_promo\r\nJOIN LNM_statut ON LNM_statut.id_statut = LNM_promo.id_statut\r\nJOIN LNM_filiere ON LNM_filiere.id_filiere = LNM_promo.id_filiere\r\nWHERE 1;'),
(5, 5, 'CLASS_session_type_to_be_affected_as_enseignant', 'Affectation types séances', 'Module', 0, 1, 'SELECT `CLASS_session_type_to_be_affected_as_enseignant`.* \r\nFROM `CLASS_session_type_to_be_affected_as_enseignant`\r\n\r\nJOIN CLASS_session_type_to_be_affected ON CLASS_session_type_to_be_affected.id_type_seance_to_be_affected = CLASS_session_type_to_be_affected_as_enseignant.id_type_seance_to_be_affected\r\nJOIN LNM_groupe ON LNM_groupe.id_groupe = CLASS_session_type_to_be_affected.id_groupe\r\nJOIN MAQUETTE_module_sequencage ON MAQUETTE_module_sequencage.id_module_sequencage = CLASS_session_type_to_be_affected.id_module_sequencage\r\n\r\nJOIN MAQUETTE_module ON MAQUETTE_module.id_module = MAQUETTE_module_sequencage.id_module\r\nJOIN MAQUETTE_discipline ON MAQUETTE_discipline.id_discipline = MAQUETTE_module.id_discipline\r\nJOIN LNM_semestre ON LNM_semestre.id_semestre = MAQUETTE_module.id_semestre\r\nJOIN MAQUETTE_module_as_learning_unit ON MAQUETTE_module_as_learning_unit.id_module = MAQUETTE_module.id_module\r\nJOIN MAQUETTE_learning_unit ON MAQUETTE_learning_unit.id_learning_unit = MAQUETTE_module_as_learning_unit.id_learning_unit\r\nJOIN LNM_promo ON LNM_promo.id_promo = MAQUETTE_learning_unit.id_promo AND LNM_groupe.id_promo = LNM_promo.id_promo\r\n\r\nJOIN LNM_statut ON LNM_statut.id_statut = LNM_promo.id_statut\r\nJOIN LNM_filiere ON LNM_filiere.id_filiere = LNM_promo.id_filiere\r\nWHERE 1;'),
(6, 6, 'CLASS_session_to_be_affected_as_enseignant', 'Affectation séances', 'Module', 0, 1, 'SELECT `CLASS_session_to_be_affected_as_enseignant`.* \r\nFROM `CLASS_session_to_be_affected_as_enseignant`\r\n\r\nJOIN CLASS_session_to_be_affected ON CLASS_session_to_be_affected.id_seance_to_be_affected = `CLASS_session_to_be_affected_as_enseignant`.`id_seance_to_be_affected`\r\nJOIN LNM_groupe ON LNM_groupe.id_groupe = CLASS_session_to_be_affected.id_groupe\r\nJOIN MAQUETTE_module_sequence ON MAQUETTE_module_sequence.id_module_sequence = CLASS_session_to_be_affected.id_module_sequence\r\nJOIN MAQUETTE_module_sequencage ON MAQUETTE_module_sequencage.id_module_sequencage = MAQUETTE_module_sequence.id_module_sequencage\r\n\r\nJOIN MAQUETTE_module ON MAQUETTE_module.id_module = MAQUETTE_module_sequencage.id_module\r\nJOIN MAQUETTE_discipline ON MAQUETTE_discipline.id_discipline = MAQUETTE_module.id_discipline\r\nJOIN LNM_semestre ON LNM_semestre.id_semestre = MAQUETTE_module.id_semestre\r\nJOIN MAQUETTE_module_as_learning_unit ON MAQUETTE_module_as_learning_unit.id_module = MAQUETTE_module.id_module\r\nJOIN MAQUETTE_learning_unit ON MAQUETTE_learning_unit.id_learning_unit = MAQUETTE_module_as_learning_unit.id_learning_unit\r\nJOIN LNM_promo ON LNM_promo.id_promo = MAQUETTE_learning_unit.id_promo AND LNM_groupe.id_promo = LNM_promo.id_promo\r\n\r\nJOIN LNM_statut ON LNM_statut.id_statut = LNM_promo.id_statut\r\nJOIN LNM_filiere ON LNM_filiere.id_filiere = LNM_promo.id_filiere\r\nWHERE 1;\r\n'),
(7, 1, 'APC_apprentissage_critique_as_module', 'Apprentissage Critique 2 Module', 'APC', 1, 1, 'SELECT DISTINCT APC_apprentissage_critique_as_module.* \r\nFROM APC_apprentissage_critique_as_module\r\nJOIN MAQUETTE_module ON APC_apprentissage_critique_as_module.id_module = MAQUETTE_module.id_module\r\nJOIN APC_apprentissage_critique ON APC_apprentissage_critique_as_module.id_apprentissage_critique = APC_apprentissage_critique.id_apprentissage_critique\r\nJOIN APC_niveau ON APC_apprentissage_critique.id_niveau = APC_niveau.id_niveau\r\nJOIN APC_competence ON APC_niveau.id_competence = APC_competence.id_competence\r\nJOIN APC_competence_as_filiere_as_statut ON APC_competence.id_competence = APC_competence_as_filiere_as_statut.id_competence\r\n\r\n\r\n  JOIN MAQUETTE_module_as_learning_unit ON MAQUETTE_module_as_learning_unit.id_module = MAQUETTE_module.id_module\r\n  JOIN MAQUETTE_learning_unit ON MAQUETTE_learning_unit.id_learning_unit = MAQUETTE_module_as_learning_unit.id_learning_unit\r\n  JOIN LNM_promo ON MAQUETTE_learning_unit.id_promo = LNM_promo.id_promo\r\n\r\nJOIN LNM_statut ON LNM_statut.id_statut = LNM_promo.id_statut AND LNM_statut.id_statut = APC_competence_as_filiere_as_statut.id_status\r\nJOIN LNM_filiere ON LNM_filiere.id_filiere = LNM_promo.id_filiere AND LNM_filiere.id_filiere = APC_competence_as_filiere_as_statut.is_filiere\r\nWHERE 1;');
SET FOREIGN_KEY_CHECKS=1;
COMMIT;

/*!40101 SET CHARACTER_SET_CLIENT=@OLD_CHARACTER_SET_CLIENT */;
/*!40101 SET CHARACTER_SET_RESULTS=@OLD_CHARACTER_SET_RESULTS */;
/*!40101 SET COLLATION_CONNECTION=@OLD_COLLATION_CONNECTION */;
